sample_id,date,lat,lon,rainfall_24h_mm,rainfall_72h_mm,rainfall_surround_max_mm,rainfall_source,rainfall_data_pedigree,rainfall_is_missing
LS-POS-0001,2020-08-11,27.2122,88.6754,27.86,82.36,39.81,NASA_POWER_GPM_IMERG_V07B,REAL_OBSERVATION,False
LS-POS-0002,2022-09-15,27.3708,88.554,6.46,32.17,15.55,NASA_POWER_GPM_IMERG_V07B,REAL_OBSERVATION,False
LS-POS-0003,2021-08-14,27.3782,88.2035,9.96,29.51,14.26,NASA_POWER_GPM_IMERG_V07B,REAL_OBSERVATION,False
LS-POS-0004,2018-09-02,27.2177,88.6916,18.28,42.41,23.76,NASA_POWER_GPM_IMERG_V07B,REAL_OBSERVATION,False
LS-POS-0005,2019-09-15,27.3443,88.3927,3.46,28.83,13.93,NASA_POWER_GPM_IMERG_V07B,REAL_OBSERVATION,False
LS-POS-0006,2022-06-18,27.5865,88.3294,18.71,69.79,33.73,NASA_POWER_GPM_IMERG_V07B,REAL_OBSERVATION,False
LS-POS-0007,2022-09-15,27.6076,88.6474,6.46,32.17,15.55,NASA_POWER_GPM_IMERG_V07B,REAL_OBSERVATION,False
LS-POS-0008,2021-08-14,27.1399,88.6144,12.23,46.12,22.29,NASA_POWER_GPM_IMERG_V07B,REAL_OBSERVATION,False
LS-POS-0009,2018-08-18,26.9609,88.4117,2.07,7.14,3.45,NASA_POWER_GPM_IMERG_V07B,REAL_OBSERVATION,False
LS-POS-0010,2021-09-02,27.3742,88.6632,31.45,54.67,40.88,NASA_POWER_GPM_IMERG_V07B,REAL_OBSERVATION,False
LS-POS-0011,2021-08-14,27.4182,88.533,8.72,28.77,13.91,NASA_POWER_GPM_IMERG_V07B,REAL_OBSERVATION,False
LS-POS-0012,2020-07-10,27.4825,88.4806,69.91,98.8,90.88,NASA_POWER_GPM_IMERG_V07B,REAL_OBSERVATION,False
LS-POS-0013,2019-08-08,27.0912,88.6479,13.67,68.68,33.2,NASA_POWER_GPM_IMERG_V07B,REAL_OBSERVATION,False
LS-POS-0014,2022-09-15,27.4789,88.3144,5.77,28.07,13.57,NASA_POWER_GPM_IMERG_V07B,REAL_OBSERVATION,False
LS-POS-0015,2018-06-14,27.5126,88.2933,6.71,25.1,12.13,NASA_POWER_GPM_IMERG_V07B,REAL_OBSERVATION,False
LS-POS-0016,2018-06-14,27.4034,88.2003,6.71,25.1,12.13,NASA_POWER_GPM_IMERG_V07B,REAL_OBSERVATION,False
LS-POS-0017,2022-05-18,27.1863,88.6715,6.75,57.25,27.67,NASA_POWER_GPM_IMERG_V07B,REAL_OBSERVATION,False
LS-POS-0018,2018-07-22,27.1228,88.5482,3.95,18.3,8.85,NASA_POWER_GPM_IMERG_V07B,REAL_OBSERVATION,False
LS-POS-0019,2019-07-12,26.9731,88.3725,67.38,159.53,87.59,NASA_POWER_GPM_IMERG_V07B,REAL_OBSERVATION,False
LS-POS-0020,2020-08-11,27.4205,88.5808,14.35,44.08,21.31,NASA_POWER_GPM_IMERG_V07B,REAL_OBSERVATION,False
LS-POS-0021,2022-07-19,27.5088,88.2754,11.66,19.18,15.16,NASA_POWER_GPM_IMERG_V07B,REAL_OBSERVATION,False
LS-POS-0022,2022-06-18,27.5167,88.3743,18.71,69.79,33.73,NASA_POWER_GPM_IMERG_V07B,REAL_OBSERVATION,False
LS-POS-0023,2018-06-14,27.5641,88.329,6.71,25.1,12.13,NASA_POWER_GPM_IMERG_V07B,REAL_OBSERVATION,False
LS-POS-0024,2018-06-14,27.5781,88.6502,6.16,27.11,13.1,NASA_POWER_GPM_IMERG_V07B,REAL_OBSERVATION,False
LS-POS-0025,2018-08-18,27.0089,88.2808,2.07,7.14,3.45,NASA_POWER_GPM_IMERG_V07B,REAL_OBSERVATION,False
LS-POS-0026,2018-06-14,27.1487,88.3527,11.92,35.72,17.26,NASA_POWER_GPM_IMERG_V07B,REAL_OBSERVATION,False
LS-POS-0027,2021-07-28,27.0752,88.3832,9.62,55.73,26.94,NASA_POWER_GPM_IMERG_V07B,REAL_OBSERVATION,False
LS-POS-0028,2021-08-14,27.6352,88.4434,8.72,28.77,13.91,NASA_POWER_GPM_IMERG_V07B,REAL_OBSERVATION,False
LS-POS-0029,2021-07-28,27.0867,88.5612,14.8,48.08,23.24,NASA_POWER_GPM_IMERG_V07B,REAL_OBSERVATION,False
LS-POS-0030,2018-06-14,27.2091,88.2077,11.92,35.72,17.26,NASA_POWER_GPM_IMERG_V07B,REAL_OBSERVATION,False
LS-POS-0031,2018-08-18,27.164,88.2955,2.07,7.14,3.45,NASA_POWER_GPM_IMERG_V07B,REAL_OBSERVATION,False
LS-POS-0032,2022-05-18,27.018,88.5075,6.75,57.25,27.67,NASA_POWER_GPM_IMERG_V07B,REAL_OBSERVATION,False
LS-POS-0033,2021-06-25,27.0456,88.5545,14.03,35.72,18.24,NASA_POWER_GPM_IMERG_V07B,REAL_OBSERVATION,False
LS-POS-0034,2018-07-22,26.9536,88.5139,3.95,18.3,8.85,NASA_POWER_GPM_IMERG_V07B,REAL_OBSERVATION,False
LS-POS-0035,2022-05-18,27.3548,88.218,3.18,25.41,12.28,NASA_POWER_GPM_IMERG_V07B,REAL_OBSERVATION,False
LS-POS-0036,2018-09-02,27.5258,88.3801,13.03,31.38,16.94,NASA_POWER_GPM_IMERG_V07B,REAL_OBSERVATION,False
LS-POS-0037,2022-07-19,27.0861,88.4057,16.2,26.18,21.06,NASA_POWER_GPM_IMERG_V07B,REAL_OBSERVATION,False
LS-POS-0038,2020-06-25,27.1396,88.4195,37.6,82.29,48.88,NASA_POWER_GPM_IMERG_V07B,REAL_OBSERVATION,False
LS-POS-0039,2018-06-14,26.9907,88.6576,13.16,43.86,21.2,NASA_POWER_GPM_IMERG_V07B,REAL_OBSERVATION,False
LS-POS-0040,2021-07-28,27.4665,88.4772,16.24,46.47,22.46,NASA_POWER_GPM_IMERG_V07B,REAL_OBSERVATION,False
LS-POS-0041,2018-09-02,27.0159,88.3557,13.41,38.3,18.51,NASA_POWER_GPM_IMERG_V07B,REAL_OBSERVATION,False
LS-POS-0042,2022-07-19,27.2537,88.3993,11.66,19.18,15.16,NASA_POWER_GPM_IMERG_V07B,REAL_OBSERVATION,False
LS-POS-0043,2020-09-22,27.5495,88.5293,25.65,52.33,33.34,NASA_POWER_GPM_IMERG_V07B,REAL_OBSERVATION,False
LS-POS-0044,2020-07-10,27.4003,88.4291,81.26,107.94,105.64,NASA_POWER_GPM_IMERG_V07B,REAL_OBSERVATION,False
LS-POS-0045,2019-09-15,27.1418,88.3073,6.02,41.53,20.07,NASA_POWER_GPM_IMERG_V07B,REAL_OBSERVATION,False
LS-POS-0046,2020-08-11,27.4271,88.3703,13.19,41.94,20.27,NASA_POWER_GPM_IMERG_V07B,REAL_OBSERVATION,False
LS-POS-0047,2018-08-18,27.4645,88.6017,9.58,28.7,13.87,NASA_POWER_GPM_IMERG_V07B,REAL_OBSERVATION,False
LS-POS-0048,2021-06-25,27.2104,88.5882,14.03,35.72,18.24,NASA_POWER_GPM_IMERG_V07B,REAL_OBSERVATION,False
LS-POS-0049,2022-07-19,27.1168,88.3889,16.2,26.18,21.06,NASA_POWER_GPM_IMERG_V07B,REAL_OBSERVATION,False
LS-POS-0050,2021-09-02,26.9576,88.6527,47.27,96.08,61.45,NASA_POWER_GPM_IMERG_V07B,REAL_OBSERVATION,False
LS-POS-0051,2020-07-10,27.1552,88.3643,121.53,157.48,157.99,NASA_POWER_GPM_IMERG_V07B,REAL_OBSERVATION,False
LS-POS-0052,2020-06-25,27.6472,88.2279,37.3,80.02,48.49,NASA_POWER_GPM_IMERG_V07B,REAL_OBSERVATION,False
LS-POS-0053,2018-07-22,27.3828,88.2506,7.89,24.69,11.93,NASA_POWER_GPM_IMERG_V07B,REAL_OBSERVATION,False
LS-POS-0054,2021-06-25,27.0094,88.6933,14.03,35.72,18.24,NASA_POWER_GPM_IMERG_V07B,REAL_OBSERVATION,False
LS-POS-0055,2019-08-08,27.2134,88.2418,12.18,52.64,25.44,NASA_POWER_GPM_IMERG_V07B,REAL_OBSERVATION,False
LS-POS-0056,2018-06-14,27.1276,88.4026,11.92,35.72,17.26,NASA_POWER_GPM_IMERG_V07B,REAL_OBSERVATION,False
LS-POS-0057,2020-09-22,27.1163,88.4001,59.34,111.13,77.14,NASA_POWER_GPM_IMERG_V07B,REAL_OBSERVATION,False
LS-POS-0058,2022-08-05,27.3392,88.3613,10.8,30.06,14.53,NASA_POWER_GPM_IMERG_V07B,REAL_OBSERVATION,False
LS-POS-0059,2020-08-11,27.0664,88.3084,20.66,66.13,31.96,NASA_POWER_GPM_IMERG_V07B,REAL_OBSERVATION,False
LS-POS-0060,2022-06-18,27.6153,88.6451,17.92,63.74,30.81,NASA_POWER_GPM_IMERG_V07B,REAL_OBSERVATION,False
NON-LS-BG-0061,2021-06-25,27.2022,88.33,9.54,30.14,14.57,NASA_POWER_GPM_IMERG_V07B,REAL_OBSERVATION,False
NON-LS-BG-0062,2021-02-10,27.0638,88.6555,0.0,0.0,0.0,NASA_POWER_GPM_IMERG_V07B,REAL_OBSERVATION,False
NON-LS-BG-0063,2018-02-14,27.5562,88.2226,3.56,3.71,4.63,NASA_POWER_GPM_IMERG_V07B,REAL_OBSERVATION,False
NON-LS-BG-0064,2018-06-14,27.4747,88.3965,6.71,25.1,12.13,NASA_POWER_GPM_IMERG_V07B,REAL_OBSERVATION,False
NON-LS-BG-0065,2022-09-15,27.0028,88.5459,6.6,43.84,21.19,NASA_POWER_GPM_IMERG_V07B,REAL_OBSERVATION,False
NON-LS-BG-0066,2022-03-30,27.5448,88.3237,3.94,5.17,5.12,NASA_POWER_GPM_IMERG_V07B,REAL_OBSERVATION,False
NON-LS-BG-0067,2018-08-18,27.4799,88.2234,4.26,13.06,6.31,NASA_POWER_GPM_IMERG_V07B,REAL_OBSERVATION,False
NON-LS-BG-0068,2021-08-14,27.5465,88.476,8.72,28.77,13.91,NASA_POWER_GPM_IMERG_V07B,REAL_OBSERVATION,False
NON-LS-BG-0069,2018-07-22,27.4993,88.5197,5.04,21.43,10.36,NASA_POWER_GPM_IMERG_V07B,REAL_OBSERVATION,False
NON-LS-BG-0070,2022-03-30,27.3384,88.2455,3.94,5.17,5.12,NASA_POWER_GPM_IMERG_V07B,REAL_OBSERVATION,False
NON-LS-BG-0071,2019-06-28,27.5537,88.6748,4.82,32.26,15.59,NASA_POWER_GPM_IMERG_V07B,REAL_OBSERVATION,False
NON-LS-BG-0072,2021-09-02,27.2948,88.3644,24.04,39.25,31.25,NASA_POWER_GPM_IMERG_V07B,REAL_OBSERVATION,False
NON-LS-BG-0073,2022-06-18,27.0472,88.5204,36.25,121.62,58.78,NASA_POWER_GPM_IMERG_V07B,REAL_OBSERVATION,False
NON-LS-BG-0074,2020-06-25,27.1067,88.6109,55.49,112.8,72.14,NASA_POWER_GPM_IMERG_V07B,REAL_OBSERVATION,False
NON-LS-BG-0075,2021-08-14,27.576,88.2644,9.96,29.51,14.26,NASA_POWER_GPM_IMERG_V07B,REAL_OBSERVATION,False
NON-LS-BG-0076,2018-07-22,27.6404,88.4683,5.04,21.43,10.36,NASA_POWER_GPM_IMERG_V07B,REAL_OBSERVATION,False
NON-LS-BG-0077,2022-06-18,26.9757,88.3262,31.37,110.98,53.64,NASA_POWER_GPM_IMERG_V07B,REAL_OBSERVATION,False
NON-LS-BG-0078,2019-08-08,27.3228,88.3212,8.87,48.15,23.27,NASA_POWER_GPM_IMERG_V07B,REAL_OBSERVATION,False
NON-LS-BG-0079,2018-04-10,27.3247,88.3166,2.43,8.48,4.1,NASA_POWER_GPM_IMERG_V07B,REAL_OBSERVATION,False
NON-LS-BG-0080,2019-07-12,27.326,88.4934,35.34,71.04,45.94,NASA_POWER_GPM_IMERG_V07B,REAL_OBSERVATION,False
NON-LS-BG-0081,2022-09-15,27.3753,88.3222,5.77,28.07,13.57,NASA_POWER_GPM_IMERG_V07B,REAL_OBSERVATION,False
NON-LS-BG-0082,2019-09-15,27.1222,88.2803,6.02,41.53,20.07,NASA_POWER_GPM_IMERG_V07B,REAL_OBSERVATION,False
NON-LS-BG-0083,2022-07-19,27.6481,88.6483,10.52,18.56,13.68,NASA_POWER_GPM_IMERG_V07B,REAL_OBSERVATION,False
NON-LS-BG-0084,2022-08-05,27.2836,88.6193,11.34,31.7,15.32,NASA_POWER_GPM_IMERG_V07B,REAL_OBSERVATION,False
NON-LS-BG-0085,2022-06-18,27.152,88.4906,36.25,121.62,58.78,NASA_POWER_GPM_IMERG_V07B,REAL_OBSERVATION,False
NON-LS-BG-0086,2020-06-25,27.334,88.4745,48.66,97.12,63.26,NASA_POWER_GPM_IMERG_V07B,REAL_OBSERVATION,False
NON-LS-BG-0087,2021-11-05,27.3669,88.4358,0.0,0.0,0.0,NASA_POWER_GPM_IMERG_V07B,REAL_OBSERVATION,False
NON-LS-BG-0088,2021-11-05,27.6031,88.6955,0.0,0.0,0.0,NASA_POWER_GPM_IMERG_V07B,REAL_OBSERVATION,False
NON-LS-BG-0089,2021-04-20,27.0478,88.5976,0.44,27.08,13.09,NASA_POWER_GPM_IMERG_V07B,REAL_OBSERVATION,False
NON-LS-BG-0090,2021-08-14,27.5855,88.3581,9.96,29.51,14.26,NASA_POWER_GPM_IMERG_V07B,REAL_OBSERVATION,False
NON-LS-BG-0091,2019-07-12,27.1988,88.3957,67.38,159.53,87.59,NASA_POWER_GPM_IMERG_V07B,REAL_OBSERVATION,False
NON-LS-BG-0092,2021-04-20,27.4614,88.5469,0.19,24.97,12.07,NASA_POWER_GPM_IMERG_V07B,REAL_OBSERVATION,False
NON-LS-BG-0093,2019-03-25,27.0562,88.3559,0.47,0.94,0.61,NASA_POWER_GPM_IMERG_V07B,REAL_OBSERVATION,False
NON-LS-BG-0094,2019-09-15,27.1895,88.6106,7.94,56.17,27.15,NASA_POWER_GPM_IMERG_V07B,REAL_OBSERVATION,False
NON-LS-BG-0095,2020-08-11,27.454,88.5206,14.35,44.08,21.31,NASA_POWER_GPM_IMERG_V07B,REAL_OBSERVATION,False
NON-LS-BG-0096,2020-04-15,27.1898,88.3137,3.26,3.86,4.24,NASA_POWER_GPM_IMERG_V07B,REAL_OBSERVATION,False
NON-LS-BG-0097,2018-02-14,27.5605,88.6661,4.04,4.04,5.25,NASA_POWER_GPM_IMERG_V07B,REAL_OBSERVATION,False
NON-LS-BG-0098,2019-06-28,27.3747,88.4121,2.95,29.42,14.22,NASA_POWER_GPM_IMERG_V07B,REAL_OBSERVATION,False
NON-LS-BG-0099,2022-10-25,27.5372,88.2623,0.36,0.49,0.47,NASA_POWER_GPM_IMERG_V07B,REAL_OBSERVATION,False
NON-LS-BG-0100,2019-12-05,27.1846,88.6014,0.0,0.0,0.0,NASA_POWER_GPM_IMERG_V07B,REAL_OBSERVATION,False
NON-LS-BG-0101,2019-08-08,27.1929,88.5688,13.67,68.68,33.2,NASA_POWER_GPM_IMERG_V07B,REAL_OBSERVATION,False
NON-LS-BG-0102,2020-11-12,27.4963,88.3388,0.0,0.0,0.0,NASA_POWER_GPM_IMERG_V07B,REAL_OBSERVATION,False
NON-LS-BG-0103,2022-07-19,27.2402,88.2427,16.2,26.18,21.06,NASA_POWER_GPM_IMERG_V07B,REAL_OBSERVATION,False
NON-LS-BG-0104,2022-07-19,27.5786,88.3026,11.66,19.18,15.16,NASA_POWER_GPM_IMERG_V07B,REAL_OBSERVATION,False
NON-LS-BG-0105,2019-08-08,27.3171,88.4204,8.87,48.15,23.27,NASA_POWER_GPM_IMERG_V07B,REAL_OBSERVATION,False
NON-LS-BG-0106,2022-01-15,27.1406,88.6487,0.0,0.8,0.39,NASA_POWER_GPM_IMERG_V07B,REAL_OBSERVATION,False
NON-LS-BG-0107,2022-07-19,27.3362,88.3269,11.66,19.18,15.16,NASA_POWER_GPM_IMERG_V07B,REAL_OBSERVATION,False
NON-LS-BG-0108,2019-06-28,27.1167,88.2497,5.74,33.61,16.24,NASA_POWER_GPM_IMERG_V07B,REAL_OBSERVATION,False
NON-LS-BG-0109,2022-01-15,27.2345,88.362,0.0,0.73,0.35,NASA_POWER_GPM_IMERG_V07B,REAL_OBSERVATION,False
NON-LS-BG-0110,2018-11-20,27.4,88.552,0.0,0.14,0.07,NASA_POWER_GPM_IMERG_V07B,REAL_OBSERVATION,False
NON-LS-BG-0111,2022-08-05,27.1376,88.5121,16.44,42.6,21.37,NASA_POWER_GPM_IMERG_V07B,REAL_OBSERVATION,False
NON-LS-BG-0112,2021-07-28,27.4958,88.2571,11.75,42.99,20.78,NASA_POWER_GPM_IMERG_V07B,REAL_OBSERVATION,False
NON-LS-BG-0113,2021-06-25,27.4392,88.4013,6.21,21.38,10.33,NASA_POWER_GPM_IMERG_V07B,REAL_OBSERVATION,False
NON-LS-BG-0114,2019-06-28,27.4282,88.6113,4.82,32.26,15.59,NASA_POWER_GPM_IMERG_V07B,REAL_OBSERVATION,False
NON-LS-BG-0115,2020-04-15,27.5308,88.3032,0.77,1.32,1.0,NASA_POWER_GPM_IMERG_V07B,REAL_OBSERVATION,False
NON-LS-BG-0116,2018-02-14,27.3513,88.6191,4.04,4.04,5.25,NASA_POWER_GPM_IMERG_V07B,REAL_OBSERVATION,False
NON-LS-BG-0117,2020-04-15,27.3722,88.3227,0.77,1.32,1.0,NASA_POWER_GPM_IMERG_V07B,REAL_OBSERVATION,False
NON-LS-BG-0118,2022-08-05,27.2832,88.5318,11.34,31.7,15.32,NASA_POWER_GPM_IMERG_V07B,REAL_OBSERVATION,False
NON-LS-BG-0119,2020-06-25,27.5391,88.6232,48.66,97.12,63.26,NASA_POWER_GPM_IMERG_V07B,REAL_OBSERVATION,False
NON-LS-BG-0120,2020-09-22,27.4597,88.4477,25.65,52.33,33.34,NASA_POWER_GPM_IMERG_V07B,REAL_OBSERVATION,False
LS-POS-0121,2020-07-10,25.2589,92.0607,116.96,215.25,152.05,NASA_POWER_GPM_IMERG_V07B,REAL_OBSERVATION,False
LS-POS-0122,2019-06-28,25.3585,91.5824,59.09,265.17,128.17,NASA_POWER_GPM_IMERG_V07B,REAL_OBSERVATION,False
LS-POS-0123,2021-08-14,25.4897,91.7372,65.42,164.41,85.05,NASA_POWER_GPM_IMERG_V07B,REAL_OBSERVATION,False
LS-POS-0124,2019-08-08,25.3853,92.4494,16.02,22.16,20.83,NASA_POWER_GPM_IMERG_V07B,REAL_OBSERVATION,False
LS-POS-0125,2020-07-10,25.5198,92.4225,75.28,134.17,97.86,NASA_POWER_GPM_IMERG_V07B,REAL_OBSERVATION,False
LS-POS-0126,2020-09-22,25.4101,91.8465,92.41,145.69,120.13,NASA_POWER_GPM_IMERG_V07B,REAL_OBSERVATION,False
LS-POS-0127,2018-07-22,25.4716,92.0115,30.97,57.64,40.26,NASA_POWER_GPM_IMERG_V07B,REAL_OBSERVATION,False
LS-POS-0128,2022-08-05,25.498,91.5202,28.24,60.89,36.71,NASA_POWER_GPM_IMERG_V07B,REAL_OBSERVATION,False
LS-POS-0129,2019-08-08,25.1854,91.5357,16.28,34.11,21.16,NASA_POWER_GPM_IMERG_V07B,REAL_OBSERVATION,False
LS-POS-0130,2021-09-02,25.4429,91.5032,6.75,17.09,8.78,NASA_POWER_GPM_IMERG_V07B,REAL_OBSERVATION,False
LS-POS-0131,2019-06-28,25.5451,91.9064,59.09,265.17,128.17,NASA_POWER_GPM_IMERG_V07B,REAL_OBSERVATION,False
LS-POS-0132,2022-08-05,25.317,92.3352,13.29,39.88,19.28,NASA_POWER_GPM_IMERG_V07B,REAL_OBSERVATION,False
LS-POS-0133,2020-06-25,25.3106,92.2959,51.23,116.39,66.6,NASA_POWER_GPM_IMERG_V07B,REAL_OBSERVATION,False
LS-POS-0134,2022-05-18,25.4618,91.8326,52.16,230.66,111.49,NASA_POWER_GPM_IMERG_V07B,REAL_OBSERVATION,False
LS-POS-0135,2021-08-14,25.3085,92.2203,36.29,107.09,51.76,NASA_POWER_GPM_IMERG_V07B,REAL_OBSERVATION,False
LS-POS-0136,2018-07-22,25.508,92.3171,18.12,35.47,23.56,NASA_POWER_GPM_IMERG_V07B,REAL_OBSERVATION,False
LS-POS-0137,2021-09-02,25.4738,92.1225,6.52,16.73,8.48,NASA_POWER_GPM_IMERG_V07B,REAL_OBSERVATION,False
LS-POS-0138,2022-07-19,25.1824,91.7092,33.53,114.16,55.18,NASA_POWER_GPM_IMERG_V07B,REAL_OBSERVATION,False
LS-POS-0139,2021-09-02,25.2891,92.1441,6.52,16.73,8.48,NASA_POWER_GPM_IMERG_V07B,REAL_OBSERVATION,False
LS-POS-0140,2021-06-25,25.4848,92.1626,28.41,94.62,45.73,NASA_POWER_GPM_IMERG_V07B,REAL_OBSERVATION,False
LS-POS-0141,2018-09-02,25.1617,92.2845,14.25,76.42,36.94,NASA_POWER_GPM_IMERG_V07B,REAL_OBSERVATION,False
LS-POS-0142,2019-09-15,25.4527,91.7458,12.61,134.6,65.06,NASA_POWER_GPM_IMERG_V07B,REAL_OBSERVATION,False
LS-POS-0143,2018-07-22,25.4036,92.013,30.97,57.64,40.26,NASA_POWER_GPM_IMERG_V07B,REAL_OBSERVATION,False
LS-POS-0144,2022-05-18,25.403,92.3854,28.63,156.13,75.46,NASA_POWER_GPM_IMERG_V07B,REAL_OBSERVATION,False
LS-POS-0145,2022-08-05,25.2884,92.0899,26.77,59.78,34.8,NASA_POWER_GPM_IMERG_V07B,REAL_OBSERVATION,False
LS-POS-0146,2018-07-22,25.1598,91.521,47.23,70.61,61.4,NASA_POWER_GPM_IMERG_V07B,REAL_OBSERVATION,False
LS-POS-0147,2022-08-05,25.5488,91.9049,26.77,59.78,34.8,NASA_POWER_GPM_IMERG_V07B,REAL_OBSERVATION,False
LS-POS-0148,2021-09-02,25.4591,91.7186,6.52,16.73,8.48,NASA_POWER_GPM_IMERG_V07B,REAL_OBSERVATION,False
LS-POS-0149,2018-08-18,25.5358,92.2221,0.44,35.71,17.26,NASA_POWER_GPM_IMERG_V07B,REAL_OBSERVATION,False
LS-POS-0150,2022-09-15,25.4107,91.8501,32.18,96.32,46.55,NASA_POWER_GPM_IMERG_V07B,REAL_OBSERVATION,False
LS-POS-0151,2021-07-28,25.3315,92.0038,4.38,11.71,5.69,NASA_POWER_GPM_IMERG_V07B,REAL_OBSERVATION,False
LS-POS-0152,2022-09-15,25.1505,92.0684,36.17,144.33,69.76,NASA_POWER_GPM_IMERG_V07B,REAL_OBSERVATION,False
LS-POS-0153,2021-08-14,25.469,91.7948,65.42,164.41,85.05,NASA_POWER_GPM_IMERG_V07B,REAL_OBSERVATION,False
LS-POS-0154,2020-06-25,25.2667,92.1602,88.25,191.72,114.73,NASA_POWER_GPM_IMERG_V07B,REAL_OBSERVATION,False
LS-POS-0155,2018-06-14,25.5447,91.6354,64.89,212.95,102.93,NASA_POWER_GPM_IMERG_V07B,REAL_OBSERVATION,False
LS-POS-0156,2019-08-08,25.1851,91.8331,15.63,33.13,20.32,NASA_POWER_GPM_IMERG_V07B,REAL_OBSERVATION,False
LS-POS-0157,2019-07-12,25.4273,92.2804,44.89,186.35,90.07,NASA_POWER_GPM_IMERG_V07B,REAL_OBSERVATION,False
LS-POS-0158,2019-08-08,25.3966,92.0823,11.28,26.23,14.66,NASA_POWER_GPM_IMERG_V07B,REAL_OBSERVATION,False
LS-POS-0159,2020-08-11,25.3712,92.0676,29.26,67.85,38.04,NASA_POWER_GPM_IMERG_V07B,REAL_OBSERVATION,False
LS-POS-0160,2021-06-25,25.3873,92.1178,28.41,94.62,45.73,NASA_POWER_GPM_IMERG_V07B,REAL_OBSERVATION,False
NON-LS-BG-0161,2021-02-10,25.3493,92.0276,0.0,0.0,0.0,NASA_POWER_GPM_IMERG_V07B,REAL_OBSERVATION,False
NON-LS-BG-0162,2021-02-10,25.2382,91.8975,0.0,0.0,0.0,NASA_POWER_GPM_IMERG_V07B,REAL_OBSERVATION,False
NON-LS-BG-0163,2020-06-25,25.3202,91.8286,88.25,191.72,114.73,NASA_POWER_GPM_IMERG_V07B,REAL_OBSERVATION,False
NON-LS-BG-0164,2022-07-19,25.4401,91.9623,24.7,72.07,34.83,NASA_POWER_GPM_IMERG_V07B,REAL_OBSERVATION,False
NON-LS-BG-0165,2019-01-18,25.2937,91.8647,0.0,0.0,0.0,NASA_POWER_GPM_IMERG_V07B,REAL_OBSERVATION,False
NON-LS-BG-0166,2021-08-14,25.2219,91.7257,89.22,197.47,115.99,NASA_POWER_GPM_IMERG_V07B,REAL_OBSERVATION,False
NON-LS-BG-0167,2018-06-14,25.1881,92.1195,80.83,247.52,119.63,NASA_POWER_GPM_IMERG_V07B,REAL_OBSERVATION,False
NON-LS-BG-0168,2020-07-10,25.2023,92.4213,49.06,100.0,63.78,NASA_POWER_GPM_IMERG_V07B,REAL_OBSERVATION,False
NON-LS-BG-0169,2022-08-05,25.4178,91.6385,26.77,59.78,34.8,NASA_POWER_GPM_IMERG_V07B,REAL_OBSERVATION,False
NON-LS-BG-0170,2022-08-05,25.3922,91.8389,26.77,59.78,34.8,NASA_POWER_GPM_IMERG_V07B,REAL_OBSERVATION,False
NON-LS-BG-0171,2022-09-15,25.1728,92.0046,36.17,144.33,69.76,NASA_POWER_GPM_IMERG_V07B,REAL_OBSERVATION,False
NON-LS-BG-0172,2018-07-22,25.1913,92.0554,49.16,72.37,63.91,NASA_POWER_GPM_IMERG_V07B,REAL_OBSERVATION,False
NON-LS-BG-0173,2021-06-25,25.5392,92.0511,28.41,94.62,45.73,NASA_POWER_GPM_IMERG_V07B,REAL_OBSERVATION,False
NON-LS-BG-0174,2019-06-28,25.5259,92.1963,35.04,166.51,80.48,NASA_POWER_GPM_IMERG_V07B,REAL_OBSERVATION,False
NON-LS-BG-0175,2019-09-15,25.2521,92.1286,12.61,134.6,65.06,NASA_POWER_GPM_IMERG_V07B,REAL_OBSERVATION,False
NON-LS-BG-0176,2022-03-30,25.4574,91.6075,5.95,11.39,7.74,NASA_POWER_GPM_IMERG_V07B,REAL_OBSERVATION,False
NON-LS-BG-0177,2020-11-12,25.4105,91.6013,0.0,0.0,0.0,NASA_POWER_GPM_IMERG_V07B,REAL_OBSERVATION,False
NON-LS-BG-0178,2019-01-18,25.451,91.586,0.0,0.0,0.0,NASA_POWER_GPM_IMERG_V07B,REAL_OBSERVATION,False
NON-LS-BG-0179,2019-08-08,25.4731,92.2242,16.02,22.16,20.83,NASA_POWER_GPM_IMERG_V07B,REAL_OBSERVATION,False
NON-LS-BG-0180,2022-05-18,25.2798,91.8481,52.16,230.66,111.49,NASA_POWER_GPM_IMERG_V07B,REAL_OBSERVATION,False
NON-LS-BG-0181,2018-04-10,25.2174,92.1104,12.77,36.81,17.79,NASA_POWER_GPM_IMERG_V07B,REAL_OBSERVATION,False
NON-LS-BG-0182,2021-08-14,25.1603,91.8242,89.22,197.47,115.99,NASA_POWER_GPM_IMERG_V07B,REAL_OBSERVATION,False
NON-LS-BG-0183,2021-09-02,25.3698,92.2095,6.9,15.53,8.97,NASA_POWER_GPM_IMERG_V07B,REAL_OBSERVATION,False
NON-LS-BG-0184,2018-07-22,25.5092,91.7313,30.97,57.64,40.26,NASA_POWER_GPM_IMERG_V07B,REAL_OBSERVATION,False
NON-LS-BG-0185,2019-08-08,25.1859,92.1818,15.63,33.13,20.32,NASA_POWER_GPM_IMERG_V07B,REAL_OBSERVATION,False
NON-LS-BG-0186,2018-09-02,25.2226,91.9989,30.33,98.78,47.74,NASA_POWER_GPM_IMERG_V07B,REAL_OBSERVATION,False
NON-LS-BG-0187,2022-09-15,25.1848,92.275,17.79,66.01,31.9,NASA_POWER_GPM_IMERG_V07B,REAL_OBSERVATION,False
NON-LS-BG-0188,2018-02-14,25.2412,91.7014,0.01,0.01,0.01,NASA_POWER_GPM_IMERG_V07B,REAL_OBSERVATION,False
NON-LS-BG-0189,2019-06-28,25.479,91.9026,59.09,265.17,128.17,NASA_POWER_GPM_IMERG_V07B,REAL_OBSERVATION,False
NON-LS-BG-0190,2019-08-08,25.4447,92.3197,16.02,22.16,20.83,NASA_POWER_GPM_IMERG_V07B,REAL_OBSERVATION,False
NON-LS-BG-0191,2022-06-18,25.2428,91.8714,148.32,350.89,192.82,NASA_POWER_GPM_IMERG_V07B,REAL_OBSERVATION,False
NON-LS-BG-0192,2019-12-05,25.3213,92.1817,0.0,0.0,0.0,NASA_POWER_GPM_IMERG_V07B,REAL_OBSERVATION,False
NON-LS-BG-0193,2019-07-12,25.2597,91.5754,61.01,282.65,136.61,NASA_POWER_GPM_IMERG_V07B,REAL_OBSERVATION,False
NON-LS-BG-0194,2019-09-15,25.1778,91.9931,12.69,144.53,69.86,NASA_POWER_GPM_IMERG_V07B,REAL_OBSERVATION,False
NON-LS-BG-0195,2018-08-18,25.3632,91.8081,0.72,34.55,16.7,NASA_POWER_GPM_IMERG_V07B,REAL_OBSERVATION,False
NON-LS-BG-0196,2020-11-12,25.3361,91.5571,0.0,0.0,0.0,NASA_POWER_GPM_IMERG_V07B,REAL_OBSERVATION,False
NON-LS-BG-0197,2022-07-19,25.3138,91.9016,24.7,72.07,34.83,NASA_POWER_GPM_IMERG_V07B,REAL_OBSERVATION,False
NON-LS-BG-0198,2019-09-15,25.547,92.3807,7.46,77.7,37.55,NASA_POWER_GPM_IMERG_V07B,REAL_OBSERVATION,False
NON-LS-BG-0199,2021-06-25,25.2011,92.2848,13.12,64.04,30.95,NASA_POWER_GPM_IMERG_V07B,REAL_OBSERVATION,False
NON-LS-BG-0200,2018-04-10,25.1851,92.3901,8.31,36.5,17.64,NASA_POWER_GPM_IMERG_V07B,REAL_OBSERVATION,False
LS-POS-0201,2019-07-12,25.3258,93.0488,22.56,77.73,37.57,NASA_POWER_GPM_IMERG_V07B,REAL_OBSERVATION,False
LS-POS-0202,2021-08-14,25.1642,93.2012,13.48,35.92,17.52,NASA_POWER_GPM_IMERG_V07B,REAL_OBSERVATION,False
LS-POS-0203,2018-06-14,25.1021,93.128,46.45,171.4,82.84,NASA_POWER_GPM_IMERG_V07B,REAL_OBSERVATION,False
LS-POS-0204,2021-06-25,25.1961,93.0925,1.86,25.24,12.2,NASA_POWER_GPM_IMERG_V07B,REAL_OBSERVATION,False
LS-POS-0205,2022-08-05,25.0705,92.8603,7.56,21.89,10.58,NASA_POWER_GPM_IMERG_V07B,REAL_OBSERVATION,False
LS-POS-0206,2022-07-19,25.0817,93.1063,4.69,24.81,11.99,NASA_POWER_GPM_IMERG_V07B,REAL_OBSERVATION,False
LS-POS-0207,2022-07-19,25.1075,92.9347,4.69,24.81,11.99,NASA_POWER_GPM_IMERG_V07B,REAL_OBSERVATION,False
LS-POS-0208,2022-05-18,25.0724,93.1631,25.16,106.92,51.68,NASA_POWER_GPM_IMERG_V07B,REAL_OBSERVATION,False
LS-POS-0209,2018-08-18,25.1162,92.9195,1.24,30.64,14.81,NASA_POWER_GPM_IMERG_V07B,REAL_OBSERVATION,False
LS-POS-0210,2022-09-15,25.1742,93.181,4.31,18.16,8.78,NASA_POWER_GPM_IMERG_V07B,REAL_OBSERVATION,False
LS-POS-0211,2022-06-18,25.1279,93.1541,77.92,162.18,101.3,NASA_POWER_GPM_IMERG_V07B,REAL_OBSERVATION,False
LS-POS-0212,2022-08-05,25.1097,92.8758,7.56,21.89,10.58,NASA_POWER_GPM_IMERG_V07B,REAL_OBSERVATION,False
LS-POS-0213,2022-08-05,25.0948,92.9009,7.56,21.89,10.58,NASA_POWER_GPM_IMERG_V07B,REAL_OBSERVATION,False
LS-POS-0214,2018-07-22,25.1677,93.2325,8.73,16.47,11.35,NASA_POWER_GPM_IMERG_V07B,REAL_OBSERVATION,False
LS-POS-0215,2019-09-15,25.1264,93.1863,2.81,29.33,14.18,NASA_POWER_GPM_IMERG_V07B,REAL_OBSERVATION,False
LS-POS-0216,2019-06-28,25.241,93.0956,16.08,78.35,37.87,NASA_POWER_GPM_IMERG_V07B,REAL_OBSERVATION,False
LS-POS-0217,2022-09-15,25.0614,93.1485,4.31,18.16,8.78,NASA_POWER_GPM_IMERG_V07B,REAL_OBSERVATION,False
LS-POS-0218,2019-06-28,25.1886,93.2466,16.08,78.35,37.87,NASA_POWER_GPM_IMERG_V07B,REAL_OBSERVATION,False
LS-POS-0219,2019-09-15,25.2992,92.8775,3.35,23.08,11.16,NASA_POWER_GPM_IMERG_V07B,REAL_OBSERVATION,False
LS-POS-0220,2022-06-18,25.1646,92.9323,77.92,162.18,101.3,NASA_POWER_GPM_IMERG_V07B,REAL_OBSERVATION,False
LS-POS-0221,2020-07-10,25.0876,93.0397,25.41,41.23,33.03,NASA_POWER_GPM_IMERG_V07B,REAL_OBSERVATION,False
LS-POS-0222,2022-08-05,25.3284,92.9398,6.71,17.63,8.72,NASA_POWER_GPM_IMERG_V07B,REAL_OBSERVATION,False
LS-POS-0223,2019-08-08,25.0865,92.929,15.8,19.52,20.54,NASA_POWER_GPM_IMERG_V07B,REAL_OBSERVATION,False
LS-POS-0224,2020-09-22,25.3257,92.9509,26.47,48.2,34.41,NASA_POWER_GPM_IMERG_V07B,REAL_OBSERVATION,False
LS-POS-0225,2022-09-15,25.146,93.1513,4.31,18.16,8.78,NASA_POWER_GPM_IMERG_V07B,REAL_OBSERVATION,False
LS-POS-0226,2018-06-14,25.2953,92.9354,31.05,143.64,69.43,NASA_POWER_GPM_IMERG_V07B,REAL_OBSERVATION,False
LS-POS-0227,2019-09-15,25.1393,93.076,2.81,29.33,14.18,NASA_POWER_GPM_IMERG_V07B,REAL_OBSERVATION,False
LS-POS-0228,2020-08-11,25.0528,92.9487,22.88,41.49,29.74,NASA_POWER_GPM_IMERG_V07B,REAL_OBSERVATION,False
LS-POS-0229,2018-09-02,25.2727,93.176,4.83,26.9,13.0,NASA_POWER_GPM_IMERG_V07B,REAL_OBSERVATION,False
LS-POS-0230,2020-08-11,25.2783,92.8641,12.31,25.28,16.0,NASA_POWER_GPM_IMERG_V07B,REAL_OBSERVATION,False
LS-POS-0231,2018-08-18,25.3026,93.0381,0.97,40.23,19.44,NASA_POWER_GPM_IMERG_V07B,REAL_OBSERVATION,False
LS-POS-0232,2022-05-18,25.2489,92.8508,25.16,106.92,51.68,NASA_POWER_GPM_IMERG_V07B,REAL_OBSERVATION,False
LS-POS-0233,2022-06-18,25.1943,93.1069,77.92,162.18,101.3,NASA_POWER_GPM_IMERG_V07B,REAL_OBSERVATION,False
LS-POS-0234,2019-07-12,25.0569,92.9788,34.52,108.5,52.44,NASA_POWER_GPM_IMERG_V07B,REAL_OBSERVATION,False
LS-POS-0235,2022-08-05,25.2975,93.0581,6.71,17.63,8.72,NASA_POWER_GPM_IMERG_V07B,REAL_OBSERVATION,False
LS-POS-0236,2022-08-05,25.2904,93.1566,6.71,17.63,8.72,NASA_POWER_GPM_IMERG_V07B,REAL_OBSERVATION,False
LS-POS-0237,2022-08-05,25.0855,93.014,7.56,21.89,10.58,NASA_POWER_GPM_IMERG_V07B,REAL_OBSERVATION,False
LS-POS-0238,2021-06-25,25.1504,92.8605,1.86,25.24,12.2,NASA_POWER_GPM_IMERG_V07B,REAL_OBSERVATION,False
LS-POS-0239,2020-07-10,25.0668,93.1911,25.41,41.23,33.03,NASA_POWER_GPM_IMERG_V07B,REAL_OBSERVATION,False
LS-POS-0240,2019-07-12,25.2618,93.1025,22.56,77.73,37.57,NASA_POWER_GPM_IMERG_V07B,REAL_OBSERVATION,False
NON-LS-BG-0241,2021-07-28,25.1916,92.8554,6.92,15.1,9.0,NASA_POWER_GPM_IMERG_V07B,REAL_OBSERVATION,False
NON-LS-BG-0242,2020-08-11,25.1849,93.1607,22.88,41.49,29.74,NASA_POWER_GPM_IMERG_V07B,REAL_OBSERVATION,False
NON-LS-BG-0243,2022-10-25,25.2097,93.0144,13.43,55.66,26.9,NASA_POWER_GPM_IMERG_V07B,REAL_OBSERVATION,False
NON-LS-BG-0244,2019-03-25,25.2863,93.0998,0.0,0.3,0.14,NASA_POWER_GPM_IMERG_V07B,REAL_OBSERVATION,False
NON-LS-BG-0245,2019-08-08,25.2326,92.9898,15.8,19.52,20.54,NASA_POWER_GPM_IMERG_V07B,REAL_OBSERVATION,False
NON-LS-BG-0246,2018-02-14,25.2135,93.2422,0.09,0.09,0.12,NASA_POWER_GPM_IMERG_V07B,REAL_OBSERVATION,False
NON-LS-BG-0247,2021-09-02,25.1954,92.9163,2.83,15.01,7.25,NASA_POWER_GPM_IMERG_V07B,REAL_OBSERVATION,False
NON-LS-BG-0248,2018-11-20,25.2748,92.9662,0.0,0.18,0.09,NASA_POWER_GPM_IMERG_V07B,REAL_OBSERVATION,False
NON-LS-BG-0249,2019-01-18,25.0994,92.9821,0.0,0.0,0.0,NASA_POWER_GPM_IMERG_V07B,REAL_OBSERVATION,False
NON-LS-BG-0250,2018-08-18,25.1216,93.0305,1.24,30.64,14.81,NASA_POWER_GPM_IMERG_V07B,REAL_OBSERVATION,False
NON-LS-BG-0251,2022-07-19,25.2116,93.0491,4.69,24.81,11.99,NASA_POWER_GPM_IMERG_V07B,REAL_OBSERVATION,False
NON-LS-BG-0252,2022-10-25,25.0782,92.9927,13.43,55.66,26.9,NASA_POWER_GPM_IMERG_V07B,REAL_OBSERVATION,False
NON-LS-BG-0253,2022-06-18,25.2099,92.9132,77.92,162.18,101.3,NASA_POWER_GPM_IMERG_V07B,REAL_OBSERVATION,False
NON-LS-BG-0254,2022-09-15,25.3403,93.1927,5.18,19.74,9.54,NASA_POWER_GPM_IMERG_V07B,REAL_OBSERVATION,False
NON-LS-BG-0255,2018-11-20,25.2404,92.9164,0.0,0.2,0.1,NASA_POWER_GPM_IMERG_V07B,REAL_OBSERVATION,False
NON-LS-BG-0256,2019-07-12,25.2658,93.2061,22.56,77.73,37.57,NASA_POWER_GPM_IMERG_V07B,REAL_OBSERVATION,False
NON-LS-BG-0257,2018-07-22,25.2631,92.9757,6.86,13.9,8.92,NASA_POWER_GPM_IMERG_V07B,REAL_OBSERVATION,False
NON-LS-BG-0258,2021-08-14,25.1233,92.8952,13.48,35.92,17.52,NASA_POWER_GPM_IMERG_V07B,REAL_OBSERVATION,False
NON-LS-BG-0259,2021-04-20,25.2341,93.0242,3.33,23.53,11.37,NASA_POWER_GPM_IMERG_V07B,REAL_OBSERVATION,False
NON-LS-BG-0260,2020-01-22,25.1475,93.1245,0.0,0.06,0.03,NASA_POWER_GPM_IMERG_V07B,REAL_OBSERVATION,False
NON-LS-BG-0261,2019-01-18,25.1147,92.9942,0.0,0.0,0.0,NASA_POWER_GPM_IMERG_V07B,REAL_OBSERVATION,False
NON-LS-BG-0262,2021-07-28,25.2495,92.9541,6.92,15.1,9.0,NASA_POWER_GPM_IMERG_V07B,REAL_OBSERVATION,False
NON-LS-BG-0263,2022-10-25,25.3075,92.9669,17.21,55.32,26.74,NASA_POWER_GPM_IMERG_V07B,REAL_OBSERVATION,False
NON-LS-BG-0264,2018-09-02,25.2385,93.0631,3.33,36.98,17.87,NASA_POWER_GPM_IMERG_V07B,REAL_OBSERVATION,False
NON-LS-BG-0265,2021-07-28,25.1226,92.855,6.92,15.1,9.0,NASA_POWER_GPM_IMERG_V07B,REAL_OBSERVATION,False
NON-LS-BG-0266,2022-10-25,25.0644,93.2112,13.43,55.66,26.9,NASA_POWER_GPM_IMERG_V07B,REAL_OBSERVATION,False
NON-LS-BG-0267,2022-10-25,25.2094,93.1853,13.43,55.66,26.9,NASA_POWER_GPM_IMERG_V07B,REAL_OBSERVATION,False
NON-LS-BG-0268,2018-08-18,25.1257,92.9381,1.24,30.64,14.81,NASA_POWER_GPM_IMERG_V07B,REAL_OBSERVATION,False
NON-LS-BG-0269,2021-08-14,25.3137,93.0787,10.16,33.49,16.19,NASA_POWER_GPM_IMERG_V07B,REAL_OBSERVATION,False
NON-LS-BG-0270,2019-01-18,25.1522,92.9159,0.0,0.0,0.0,NASA_POWER_GPM_IMERG_V07B,REAL_OBSERVATION,False
NON-LS-BG-0271,2020-04-15,25.286,93.2383,6.66,6.66,8.66,NASA_POWER_GPM_IMERG_V07B,REAL_OBSERVATION,False
NON-LS-BG-0272,2020-07-10,25.0713,92.9518,25.41,41.23,33.03,NASA_POWER_GPM_IMERG_V07B,REAL_OBSERVATION,False
NON-LS-BG-0273,2019-07-12,25.1494,93.0428,34.52,108.5,52.44,NASA_POWER_GPM_IMERG_V07B,REAL_OBSERVATION,False
NON-LS-BG-0274,2020-06-25,25.3032,92.964,18.1,40.7,23.53,NASA_POWER_GPM_IMERG_V07B,REAL_OBSERVATION,False
NON-LS-BG-0275,2020-08-11,25.0842,92.9881,22.88,41.49,29.74,NASA_POWER_GPM_IMERG_V07B,REAL_OBSERVATION,False
NON-LS-BG-0276,2021-11-05,25.1324,93.0078,0.0,0.0,0.0,NASA_POWER_GPM_IMERG_V07B,REAL_OBSERVATION,False
NON-LS-BG-0277,2018-02-14,25.3362,93.1386,0.46,0.46,0.6,NASA_POWER_GPM_IMERG_V07B,REAL_OBSERVATION,False
NON-LS-BG-0278,2019-09-15,25.256,92.8958,3.35,23.08,11.16,NASA_POWER_GPM_IMERG_V07B,REAL_OBSERVATION,False
NON-LS-BG-0279,2018-04-10,25.0713,92.8821,4.55,22.86,11.05,NASA_POWER_GPM_IMERG_V07B,REAL_OBSERVATION,False
NON-LS-BG-0280,2021-04-20,25.2296,93.0509,3.33,23.53,11.37,NASA_POWER_GPM_IMERG_V07B,REAL_OBSERVATION,False
LS-POS-0281,2018-06-14,25.759,94.2402,9.6,62.03,29.98,NASA_POWER_GPM_IMERG_V07B,REAL_OBSERVATION,False
LS-POS-0282,2022-09-15,25.7198,94.2685,7.36,58.72,28.38,NASA_POWER_GPM_IMERG_V07B,REAL_OBSERVATION,False
LS-POS-0283,2018-08-18,25.729,94.1855,4.16,18.02,8.71,NASA_POWER_GPM_IMERG_V07B,REAL_OBSERVATION,False
LS-POS-0284,2018-09-02,25.7738,94.2158,3.8,34.66,16.75,NASA_POWER_GPM_IMERG_V07B,REAL_OBSERVATION,False
LS-POS-0285,2022-08-05,25.7577,94.1291,13.01,28.55,16.91,NASA_POWER_GPM_IMERG_V07B,REAL_OBSERVATION,False
LS-POS-0286,2022-05-18,25.7552,94.0826,3.72,45.13,21.81,NASA_POWER_GPM_IMERG_V07B,REAL_OBSERVATION,False
LS-POS-0287,2022-06-18,25.7817,94.0776,20.11,52.81,26.14,NASA_POWER_GPM_IMERG_V07B,REAL_OBSERVATION,False
LS-POS-0288,2020-07-10,25.6083,94.1269,15.9,28.51,20.67,NASA_POWER_GPM_IMERG_V07B,REAL_OBSERVATION,False
LS-POS-0289,2019-06-28,25.694,94.0015,4.08,27.21,13.15,NASA_POWER_GPM_IMERG_V07B,REAL_OBSERVATION,False
LS-POS-0290,2022-05-18,25.7332,94.2982,4.62,40.48,19.57,NASA_POWER_GPM_IMERG_V07B,REAL_OBSERVATION,False
LS-POS-0291,2022-07-19,25.7021,94.1395,0.7,16.43,7.94,NASA_POWER_GPM_IMERG_V07B,REAL_OBSERVATION,False
LS-POS-0292,2018-09-02,25.848,94.1982,3.8,34.66,16.75,NASA_POWER_GPM_IMERG_V07B,REAL_OBSERVATION,False
LS-POS-0293,2018-08-18,25.7741,93.9987,4.31,32.81,15.86,NASA_POWER_GPM_IMERG_V07B,REAL_OBSERVATION,False
LS-POS-0294,2018-09-02,25.787,94.1493,3.8,34.66,16.75,NASA_POWER_GPM_IMERG_V07B,REAL_OBSERVATION,False
LS-POS-0295,2020-08-11,25.6397,94.1576,13.72,44.5,21.51,NASA_POWER_GPM_IMERG_V07B,REAL_OBSERVATION,False
LS-POS-0296,2021-09-02,25.6173,94.1883,18.22,36.21,23.69,NASA_POWER_GPM_IMERG_V07B,REAL_OBSERVATION,False
LS-POS-0297,2021-08-14,25.8264,94.1222,4.09,32.15,15.54,NASA_POWER_GPM_IMERG_V07B,REAL_OBSERVATION,False
LS-POS-0298,2021-08-14,25.8756,94.0768,4.09,32.15,15.54,NASA_POWER_GPM_IMERG_V07B,REAL_OBSERVATION,False
LS-POS-0299,2019-09-15,25.8868,94.0202,5.94,17.57,8.49,NASA_POWER_GPM_IMERG_V07B,REAL_OBSERVATION,False
LS-POS-0300,2020-08-11,25.865,94.1069,11.62,38.84,18.77,NASA_POWER_GPM_IMERG_V07B,REAL_OBSERVATION,False
LS-POS-0301,2021-08-14,25.7582,94.1714,4.09,32.15,15.54,NASA_POWER_GPM_IMERG_V07B,REAL_OBSERVATION,False
LS-POS-0302,2018-06-14,25.6602,94.2981,13.36,65.25,31.54,NASA_POWER_GPM_IMERG_V07B,REAL_OBSERVATION,False
LS-POS-0303,2019-09-15,25.6017,94.278,4.22,13.46,6.51,NASA_POWER_GPM_IMERG_V07B,REAL_OBSERVATION,False
LS-POS-0304,2021-06-25,25.8169,94.0481,4.27,32.67,15.79,NASA_POWER_GPM_IMERG_V07B,REAL_OBSERVATION,False
LS-POS-0305,2021-09-02,25.6217,94.2843,18.22,36.21,23.69,NASA_POWER_GPM_IMERG_V07B,REAL_OBSERVATION,False
LS-POS-0306,2021-07-28,25.6436,94.1985,1.81,10.61,5.13,NASA_POWER_GPM_IMERG_V07B,REAL_OBSERVATION,False
LS-POS-0307,2021-06-25,25.6799,93.9577,1.45,18.09,8.74,NASA_POWER_GPM_IMERG_V07B,REAL_OBSERVATION,False
LS-POS-0308,2018-09-02,25.7073,94.1767,3.47,26.42,12.77,NASA_POWER_GPM_IMERG_V07B,REAL_OBSERVATION,False
LS-POS-0309,2018-09-02,25.6215,94.1889,3.47,26.42,12.77,NASA_POWER_GPM_IMERG_V07B,REAL_OBSERVATION,False
LS-POS-0310,2020-06-25,25.8326,94.045,7.59,20.45,9.88,NASA_POWER_GPM_IMERG_V07B,REAL_OBSERVATION,False
NON-LS-BG-0311,2019-07-12,25.7533,93.9664,7.52,29.78,14.39,NASA_POWER_GPM_IMERG_V07B,REAL_OBSERVATION,False
NON-LS-BG-0312,2018-11-20,25.6306,94.0761,0.0,0.09,0.04,NASA_POWER_GPM_IMERG_V07B,REAL_OBSERVATION,False
NON-LS-BG-0313,2020-07-10,25.7132,94.2874,15.9,28.51,20.67,NASA_POWER_GPM_IMERG_V07B,REAL_OBSERVATION,False
NON-LS-BG-0314,2020-11-12,25.6763,94.2564,0.0,0.1,0.05,NASA_POWER_GPM_IMERG_V07B,REAL_OBSERVATION,False
NON-LS-BG-0315,2021-11-05,25.6316,94.2236,0.0,0.0,0.0,NASA_POWER_GPM_IMERG_V07B,REAL_OBSERVATION,False
NON-LS-BG-0316,2018-04-10,25.7428,93.9888,2.42,15.3,7.4,NASA_POWER_GPM_IMERG_V07B,REAL_OBSERVATION,False
NON-LS-BG-0317,2019-09-15,25.8191,94.1767,7.34,22.04,10.65,NASA_POWER_GPM_IMERG_V07B,REAL_OBSERVATION,False
NON-LS-BG-0318,2020-07-10,25.814,94.0197,13.77,32.44,17.9,NASA_POWER_GPM_IMERG_V07B,REAL_OBSERVATION,False
NON-LS-BG-0319,2018-08-18,25.6726,94.2689,4.16,18.02,8.71,NASA_POWER_GPM_IMERG_V07B,REAL_OBSERVATION,False
NON-LS-BG-0320,2020-09-22,25.889,94.1317,15.5,24.02,20.15,NASA_POWER_GPM_IMERG_V07B,REAL_OBSERVATION,False
NON-LS-BG-0321,2022-09-15,25.6051,94.2196,7.36,58.72,28.38,NASA_POWER_GPM_IMERG_V07B,REAL_OBSERVATION,False
NON-LS-BG-0322,2020-01-22,25.8217,94.0281,0.0,0.37,0.18,NASA_POWER_GPM_IMERG_V07B,REAL_OBSERVATION,False
NON-LS-BG-0323,2022-01-15,25.8489,94.1622,0.0,2.96,1.43,NASA_POWER_GPM_IMERG_V07B,REAL_OBSERVATION,False
NON-LS-BG-0324,2022-08-05,25.7452,94.2116,10.71,21.63,13.92,NASA_POWER_GPM_IMERG_V07B,REAL_OBSERVATION,False
NON-LS-BG-0325,2020-11-12,25.8888,93.9765,0.0,0.0,0.0,NASA_POWER_GPM_IMERG_V07B,REAL_OBSERVATION,False
NON-LS-BG-0326,2022-08-05,25.8433,94.1726,13.01,28.55,16.91,NASA_POWER_GPM_IMERG_V07B,REAL_OBSERVATION,False
NON-LS-BG-0327,2021-04-20,25.807,94.2757,0.26,9.62,4.65,NASA_POWER_GPM_IMERG_V07B,REAL_OBSERVATION,False
NON-LS-BG-0328,2022-03-30,25.7063,94.2822,0.03,0.61,0.29,NASA_POWER_GPM_IMERG_V07B,REAL_OBSERVATION,False
NON-LS-BG-0329,2018-02-14,25.7298,93.9654,0.4,0.4,0.52,NASA_POWER_GPM_IMERG_V07B,REAL_OBSERVATION,False
NON-LS-BG-0330,2020-11-12,25.8379,94.2488,0.01,0.05,0.02,NASA_POWER_GPM_IMERG_V07B,REAL_OBSERVATION,False
NON-LS-BG-0331,2020-09-22,25.7377,94.2718,19.8,31.63,25.74,NASA_POWER_GPM_IMERG_V07B,REAL_OBSERVATION,False
NON-LS-BG-0332,2022-01-15,25.8724,94.2803,0.0,2.96,1.43,NASA_POWER_GPM_IMERG_V07B,REAL_OBSERVATION,False
NON-LS-BG-0333,2021-11-05,25.6696,94.1104,0.0,0.0,0.0,NASA_POWER_GPM_IMERG_V07B,REAL_OBSERVATION,False
NON-LS-BG-0334,2019-09-15,25.6027,94.075,4.22,13.46,6.51,NASA_POWER_GPM_IMERG_V07B,REAL_OBSERVATION,False
NON-LS-BG-0335,2018-09-02,25.8187,93.9834,2.61,24.63,11.9,NASA_POWER_GPM_IMERG_V07B,REAL_OBSERVATION,False
NON-LS-BG-0336,2018-02-14,25.898,93.9657,0.99,0.99,1.29,NASA_POWER_GPM_IMERG_V07B,REAL_OBSERVATION,False
NON-LS-BG-0337,2018-06-14,25.6827,94.1677,13.36,65.25,31.54,NASA_POWER_GPM_IMERG_V07B,REAL_OBSERVATION,False
NON-LS-BG-0338,2018-06-14,25.6575,94.2714,13.36,65.25,31.54,NASA_POWER_GPM_IMERG_V07B,REAL_OBSERVATION,False
NON-LS-BG-0339,2020-09-22,25.86,94.0489,15.3,27.98,19.89,NASA_POWER_GPM_IMERG_V07B,REAL_OBSERVATION,False
NON-LS-BG-0340,2020-01-22,25.6847,94.0736,0.0,0.16,0.08,NASA_POWER_GPM_IMERG_V07B,REAL_OBSERVATION,False
LS-POS-0341,2021-07-28,27.3488,92.233,8.93,45.82,22.15,NASA_POWER_GPM_IMERG_V07B,REAL_OBSERVATION,False
LS-POS-0342,2018-09-02,27.1345,92.7115,4.67,15.12,7.31,NASA_POWER_GPM_IMERG_V07B,REAL_OBSERVATION,False
LS-POS-0343,2019-06-28,27.4856,92.5255,11.23,48.95,23.66,NASA_POWER_GPM_IMERG_V07B,REAL_OBSERVATION,False
LS-POS-0344,2019-09-15,27.3734,92.4458,5.78,22.38,10.82,NASA_POWER_GPM_IMERG_V07B,REAL_OBSERVATION,False
LS-POS-0345,2018-09-02,27.2521,92.2976,2.66,10.87,5.25,NASA_POWER_GPM_IMERG_V07B,REAL_OBSERVATION,False
LS-POS-0346,2021-09-02,27.5242,92.3747,16.59,52.4,25.33,NASA_POWER_GPM_IMERG_V07B,REAL_OBSERVATION,False
LS-POS-0347,2020-07-10,27.5033,92.7402,44.61,68.18,57.99,NASA_POWER_GPM_IMERG_V07B,REAL_OBSERVATION,False
LS-POS-0348,2018-09-02,27.1837,92.6074,4.67,15.12,7.31,NASA_POWER_GPM_IMERG_V07B,REAL_OBSERVATION,False
LS-POS-0349,2022-05-18,27.4161,92.1845,11.0,69.86,33.77,NASA_POWER_GPM_IMERG_V07B,REAL_OBSERVATION,False
LS-POS-0350,2019-08-08,27.5138,92.5532,4.69,7.97,6.1,NASA_POWER_GPM_IMERG_V07B,REAL_OBSERVATION,False
LS-POS-0351,2022-05-18,27.2723,92.1201,11.0,69.86,33.77,NASA_POWER_GPM_IMERG_V07B,REAL_OBSERVATION,False
LS-POS-0352,2018-09-02,27.4635,92.4653,2.66,10.87,5.25,NASA_POWER_GPM_IMERG_V07B,REAL_OBSERVATION,False
LS-POS-0353,2018-09-02,27.1126,92.6453,4.67,15.12,7.31,NASA_POWER_GPM_IMERG_V07B,REAL_OBSERVATION,False
LS-POS-0354,2021-09-02,27.3505,92.559,16.59,52.4,25.33,NASA_POWER_GPM_IMERG_V07B,REAL_OBSERVATION,False
LS-POS-0355,2022-08-05,27.1896,92.62,8.26,13.5,10.74,NASA_POWER_GPM_IMERG_V07B,REAL_OBSERVATION,False
LS-POS-0356,2018-08-18,27.4125,92.3058,1.63,4.7,2.27,NASA_POWER_GPM_IMERG_V07B,REAL_OBSERVATION,False
LS-POS-0357,2020-08-11,27.591,92.5082,2.91,11.58,5.6,NASA_POWER_GPM_IMERG_V07B,REAL_OBSERVATION,False
LS-POS-0358,2022-06-18,27.3058,92.7077,19.6,118.18,57.12,NASA_POWER_GPM_IMERG_V07B,REAL_OBSERVATION,False
LS-POS-0359,2019-08-08,27.4427,92.3161,4.69,7.97,6.1,NASA_POWER_GPM_IMERG_V07B,REAL_OBSERVATION,False
LS-POS-0360,2020-06-25,27.1995,92.3719,64.59,90.24,83.97,NASA_POWER_GPM_IMERG_V07B,REAL_OBSERVATION,False
LS-POS-0361,2022-06-18,27.1338,92.4372,29.18,191.91,92.76,NASA_POWER_GPM_IMERG_V07B,REAL_OBSERVATION,False
LS-POS-0362,2021-09-02,27.3114,92.3252,16.59,52.4,25.33,NASA_POWER_GPM_IMERG_V07B,REAL_OBSERVATION,False
LS-POS-0363,2022-08-05,27.3748,92.5484,5.83,9.64,7.58,NASA_POWER_GPM_IMERG_V07B,REAL_OBSERVATION,False
LS-POS-0364,2018-08-18,27.146,92.4894,0.66,4.08,1.97,NASA_POWER_GPM_IMERG_V07B,REAL_OBSERVATION,False
LS-POS-0365,2018-09-02,27.3818,92.3929,2.66,10.87,5.25,NASA_POWER_GPM_IMERG_V07B,REAL_OBSERVATION,False
NON-LS-BG-0366,2018-09-02,27.153,92.2006,4.67,15.12,7.31,NASA_POWER_GPM_IMERG_V07B,REAL_OBSERVATION,False
NON-LS-BG-0367,2018-06-14,27.4401,92.3653,11.93,64.34,31.1,NASA_POWER_GPM_IMERG_V07B,REAL_OBSERVATION,False
NON-LS-BG-0368,2022-06-18,27.4629,92.5012,19.6,118.18,57.12,NASA_POWER_GPM_IMERG_V07B,REAL_OBSERVATION,False
NON-LS-BG-0369,2021-02-10,27.4742,92.6945,0.0,0.0,0.0,NASA_POWER_GPM_IMERG_V07B,REAL_OBSERVATION,False
NON-LS-BG-0370,2021-08-14,27.2146,92.4555,1.62,14.44,6.98,NASA_POWER_GPM_IMERG_V07B,REAL_OBSERVATION,False
NON-LS-BG-0371,2022-06-18,27.1069,92.2614,29.18,191.91,92.76,NASA_POWER_GPM_IMERG_V07B,REAL_OBSERVATION,False
NON-LS-BG-0372,2018-11-20,27.4034,92.5374,0.0,0.0,0.0,NASA_POWER_GPM_IMERG_V07B,REAL_OBSERVATION,False
NON-LS-BG-0373,2022-07-19,27.2417,92.6114,1.78,9.12,4.41,NASA_POWER_GPM_IMERG_V07B,REAL_OBSERVATION,False
NON-LS-BG-0374,2020-11-12,27.3137,92.234,0.0,0.0,0.0,NASA_POWER_GPM_IMERG_V07B,REAL_OBSERVATION,False
NON-LS-BG-0375,2022-06-18,27.4937,92.3674,19.6,118.18,57.12,NASA_POWER_GPM_IMERG_V07B,REAL_OBSERVATION,False
NON-LS-BG-0376,2018-09-02,27.5681,92.1416,3.69,9.88,4.8,NASA_POWER_GPM_IMERG_V07B,REAL_OBSERVATION,False
NON-LS-BG-0377,2019-12-05,27.3038,92.4052,0.0,0.0,0.0,NASA_POWER_GPM_IMERG_V07B,REAL_OBSERVATION,False
NON-LS-BG-0378,2018-11-20,27.2301,92.2037,0.0,0.01,0.0,NASA_POWER_GPM_IMERG_V07B,REAL_OBSERVATION,False
NON-LS-BG-0379,2022-09-15,27.4426,92.1718,2.95,8.35,4.04,NASA_POWER_GPM_IMERG_V07B,REAL_OBSERVATION,False
NON-LS-BG-0380,2020-07-10,27.1383,92.6672,67.82,97.93,88.17,NASA_POWER_GPM_IMERG_V07B,REAL_OBSERVATION,False
NON-LS-BG-0381,2020-01-22,27.2357,92.2507,0.0,0.05,0.02,NASA_POWER_GPM_IMERG_V07B,REAL_OBSERVATION,False
NON-LS-BG-0382,2020-06-25,27.5294,92.54,50.82,89.56,66.07,NASA_POWER_GPM_IMERG_V07B,REAL_OBSERVATION,False
NON-LS-BG-0383,2019-09-15,27.4368,92.2165,5.78,22.38,10.82,NASA_POWER_GPM_IMERG_V07B,REAL_OBSERVATION,False
NON-LS-BG-0384,2020-07-10,27.3659,92.6131,44.61,68.18,57.99,NASA_POWER_GPM_IMERG_V07B,REAL_OBSERVATION,False
NON-LS-BG-0385,2021-08-14,27.1607,92.5125,1.62,14.44,6.98,NASA_POWER_GPM_IMERG_V07B,REAL_OBSERVATION,False
NON-LS-BG-0386,2018-06-14,27.2171,92.2427,21.04,99.87,48.27,NASA_POWER_GPM_IMERG_V07B,REAL_OBSERVATION,False
NON-LS-BG-0387,2018-04-10,27.4482,92.5564,5.55,8.71,7.21,NASA_POWER_GPM_IMERG_V07B,REAL_OBSERVATION,False
NON-LS-BG-0388,2021-06-25,27.5726,92.5528,0.5,6.79,3.28,NASA_POWER_GPM_IMERG_V07B,REAL_OBSERVATION,False
NON-LS-BG-0389,2020-11-12,27.5478,92.2328,0.0,0.0,0.0,NASA_POWER_GPM_IMERG_V07B,REAL_OBSERVATION,False
NON-LS-BG-0390,2020-11-12,27.3041,92.6757,0.0,0.0,0.0,NASA_POWER_GPM_IMERG_V07B,REAL_OBSERVATION,False
LS-POS-0391,2023-07-14,23.9008,92.8964,6.11,15.31,7.94,NASA_POWER_GPM_IMERG_V07B,REAL_OBSERVATION,False
LS-POS-0392,2023-07-14,23.8962,92.7714,12.11,19.44,15.74,NASA_POWER_GPM_IMERG_V07B,REAL_OBSERVATION,False
LS-POS-0393,2023-06-29,23.711,92.6701,16.84,52.63,25.44,NASA_POWER_GPM_IMERG_V07B,REAL_OBSERVATION,False
LS-POS-0394,2023-08-22,23.804,92.9468,11.79,30.02,15.33,NASA_POWER_GPM_IMERG_V07B,REAL_OBSERVATION,False
LS-POS-0395,2023-10-04,23.7618,92.6706,14.56,34.31,18.93,NASA_POWER_GPM_IMERG_V07B,REAL_OBSERVATION,False
LS-POS-0396,2023-06-29,23.7153,92.8485,8.12,20.64,10.56,NASA_POWER_GPM_IMERG_V07B,REAL_OBSERVATION,False
LS-POS-0397,2023-08-22,23.7778,92.8144,11.79,30.02,15.33,NASA_POWER_GPM_IMERG_V07B,REAL_OBSERVATION,False
LS-POS-0398,2023-08-22,23.8727,92.701,15.15,32.41,19.7,NASA_POWER_GPM_IMERG_V07B,REAL_OBSERVATION,False
LS-POS-0399,2023-06-29,23.7799,92.8823,11.06,28.5,14.38,NASA_POWER_GPM_IMERG_V07B,REAL_OBSERVATION,False
LS-POS-0400,2023-07-14,23.7659,92.8266,6.11,15.31,7.94,NASA_POWER_GPM_IMERG_V07B,REAL_OBSERVATION,False
LS-POS-0401,2023-10-04,23.7064,92.6731,21.38,36.34,27.79,NASA_POWER_GPM_IMERG_V07B,REAL_OBSERVATION,False
LS-POS-0402,2023-10-04,23.8148,92.81,14.56,34.31,18.93,NASA_POWER_GPM_IMERG_V07B,REAL_OBSERVATION,False
LS-POS-0403,2023-10-04,23.8584,92.7156,14.56,34.31,18.93,NASA_POWER_GPM_IMERG_V07B,REAL_OBSERVATION,False
LS-POS-0404,2023-07-14,23.945,92.886,6.11,15.31,7.94,NASA_POWER_GPM_IMERG_V07B,REAL_OBSERVATION,False
LS-POS-0405,2023-07-14,23.9138,92.723,12.11,19.44,15.74,NASA_POWER_GPM_IMERG_V07B,REAL_OBSERVATION,False
LS-POS-0406,2023-06-29,23.7476,92.9203,8.12,20.64,10.56,NASA_POWER_GPM_IMERG_V07B,REAL_OBSERVATION,False
LS-POS-0407,2023-08-22,23.6785,92.9497,8.12,19.24,10.56,NASA_POWER_GPM_IMERG_V07B,REAL_OBSERVATION,False
LS-POS-0408,2023-08-22,23.6621,92.7734,8.3,17.68,10.79,NASA_POWER_GPM_IMERG_V07B,REAL_OBSERVATION,False
LS-POS-0409,2023-10-04,23.6741,92.7437,21.38,36.34,27.79,NASA_POWER_GPM_IMERG_V07B,REAL_OBSERVATION,False
LS-POS-0410,2023-08-22,23.819,92.8374,11.79,30.02,15.33,NASA_POWER_GPM_IMERG_V07B,REAL_OBSERVATION,False
LS-POS-0411,2023-10-04,23.8622,92.7668,14.56,34.31,18.93,NASA_POWER_GPM_IMERG_V07B,REAL_OBSERVATION,False
LS-POS-0412,2023-07-14,23.7135,92.9487,5.77,14.46,7.5,NASA_POWER_GPM_IMERG_V07B,REAL_OBSERVATION,False
LS-POS-0413,2023-06-29,23.7864,92.8524,11.06,28.5,14.38,NASA_POWER_GPM_IMERG_V07B,REAL_OBSERVATION,False
LS-POS-0414,2023-10-04,23.8433,92.9423,7.28,22.82,11.03,NASA_POWER_GPM_IMERG_V07B,REAL_OBSERVATION,False
LS-POS-0415,2023-08-22,23.7866,92.8503,11.79,30.02,15.33,NASA_POWER_GPM_IMERG_V07B,REAL_OBSERVATION,False
LS-POS-0416,2023-07-14,23.7865,92.8557,6.11,15.31,7.94,NASA_POWER_GPM_IMERG_V07B,REAL_OBSERVATION,False
LS-POS-0417,2023-07-14,23.7331,92.9264,5.77,14.46,7.5,NASA_POWER_GPM_IMERG_V07B,REAL_OBSERVATION,False
LS-POS-0418,2023-10-04,23.8321,92.9143,7.28,22.82,11.03,NASA_POWER_GPM_IMERG_V07B,REAL_OBSERVATION,False
LS-POS-0419,2023-08-22,23.8712,92.736,15.15,32.41,19.7,NASA_POWER_GPM_IMERG_V07B,REAL_OBSERVATION,False
LS-POS-0420,2023-06-29,23.7895,92.9042,11.06,28.5,14.38,NASA_POWER_GPM_IMERG_V07B,REAL_OBSERVATION,False
NON-LS-BG-0421,2023-07-14,23.8156,92.8868,6.11,15.31,7.94,NASA_POWER_GPM_IMERG_V07B,REAL_OBSERVATION,False
NON-LS-BG-0422,2023-10-04,23.9456,92.6998,14.56,34.31,18.93,NASA_POWER_GPM_IMERG_V07B,REAL_OBSERVATION,False
NON-LS-BG-0423,2023-10-04,23.6562,92.898,8.59,20.42,11.17,NASA_POWER_GPM_IMERG_V07B,REAL_OBSERVATION,False
NON-LS-BG-0424,2023-03-15,23.7954,92.7407,1.24,1.25,1.61,NASA_POWER_GPM_IMERG_V07B,REAL_OBSERVATION,False
NON-LS-BG-0425,2023-08-22,23.6509,92.7023,8.3,17.68,10.79,NASA_POWER_GPM_IMERG_V07B,REAL_OBSERVATION,False
NON-LS-BG-0426,2023-11-18,23.7756,92.7875,20.79,100.91,48.77,NASA_POWER_GPM_IMERG_V07B,REAL_OBSERVATION,False
NON-LS-BG-0427,2023-06-29,23.6879,92.8188,8.12,20.64,10.56,NASA_POWER_GPM_IMERG_V07B,REAL_OBSERVATION,False
NON-LS-BG-0428,2023-08-22,23.7978,92.795,15.15,32.41,19.7,NASA_POWER_GPM_IMERG_V07B,REAL_OBSERVATION,False
NON-LS-BG-0429,2023-08-22,23.7026,92.8203,8.12,19.24,10.56,NASA_POWER_GPM_IMERG_V07B,REAL_OBSERVATION,False
NON-LS-BG-0430,2023-10-04,23.6895,92.9064,8.59,20.42,11.17,NASA_POWER_GPM_IMERG_V07B,REAL_OBSERVATION,False
NON-LS-BG-0431,2023-11-18,23.9281,92.941,11.97,77.01,37.22,NASA_POWER_GPM_IMERG_V07B,REAL_OBSERVATION,False
NON-LS-BG-0432,2023-06-29,23.8688,92.822,11.06,28.5,14.38,NASA_POWER_GPM_IMERG_V07B,REAL_OBSERVATION,False
NON-LS-BG-0433,2023-01-10,23.7249,92.729,0.0,0.0,0.0,NASA_POWER_GPM_IMERG_V07B,REAL_OBSERVATION,False
NON-LS-BG-0434,2023-07-14,23.7296,92.8163,5.77,14.46,7.5,NASA_POWER_GPM_IMERG_V07B,REAL_OBSERVATION,False
NON-LS-BG-0435,2023-11-18,23.827,92.6519,20.79,100.91,48.77,NASA_POWER_GPM_IMERG_V07B,REAL_OBSERVATION,False
NON-LS-BG-0436,2023-11-18,23.7694,92.8983,11.97,77.01,37.22,NASA_POWER_GPM_IMERG_V07B,REAL_OBSERVATION,False
NON-LS-BG-0437,2023-01-10,23.9232,92.803,0.0,0.0,0.0,NASA_POWER_GPM_IMERG_V07B,REAL_OBSERVATION,False
NON-LS-BG-0438,2023-11-18,23.7847,92.7212,20.79,100.91,48.77,NASA_POWER_GPM_IMERG_V07B,REAL_OBSERVATION,False
NON-LS-BG-0439,2023-03-15,23.6876,92.8818,0.22,0.25,0.29,NASA_POWER_GPM_IMERG_V07B,REAL_OBSERVATION,False
NON-LS-BG-0440,2023-06-29,23.6557,92.8981,8.12,20.64,10.56,NASA_POWER_GPM_IMERG_V07B,REAL_OBSERVATION,False
NON-LS-BG-0441,2023-10-04,23.7381,92.6624,21.38,36.34,27.79,NASA_POWER_GPM_IMERG_V07B,REAL_OBSERVATION,False
NON-LS-BG-0442,2023-07-14,23.9341,92.9155,6.11,15.31,7.94,NASA_POWER_GPM_IMERG_V07B,REAL_OBSERVATION,False
NON-LS-BG-0443,2023-08-22,23.8619,92.8368,11.79,30.02,15.33,NASA_POWER_GPM_IMERG_V07B,REAL_OBSERVATION,False
NON-LS-BG-0444,2023-07-14,23.9317,92.7858,12.11,19.44,15.74,NASA_POWER_GPM_IMERG_V07B,REAL_OBSERVATION,False
NON-LS-BG-0445,2023-01-10,23.6515,92.668,0.0,0.0,0.0,NASA_POWER_GPM_IMERG_V07B,REAL_OBSERVATION,False
NON-LS-BG-0446,2023-01-10,23.7397,92.6821,0.0,0.0,0.0,NASA_POWER_GPM_IMERG_V07B,REAL_OBSERVATION,False
NON-LS-BG-0447,2023-08-22,23.702,92.7957,8.3,17.68,10.79,NASA_POWER_GPM_IMERG_V07B,REAL_OBSERVATION,False
NON-LS-BG-0448,2023-08-22,23.814,92.9207,11.79,30.02,15.33,NASA_POWER_GPM_IMERG_V07B,REAL_OBSERVATION,False
NON-LS-BG-0449,2023-06-29,23.7699,92.748,21.63,59.22,28.62,NASA_POWER_GPM_IMERG_V07B,REAL_OBSERVATION,False
NON-LS-BG-0450,2023-11-18,23.8285,92.8717,11.97,77.01,37.22,NASA_POWER_GPM_IMERG_V07B,REAL_OBSERVATION,False
LS-POS-0451,2024-07-20,24.8239,93.6694,1.75,9.46,4.57,NASA_POWER_GPM_IMERG_V07B,REAL_OBSERVATION,False
LS-POS-0452,2024-07-01,24.9071,93.5873,87.82,111.51,114.17,NASA_POWER_GPM_IMERG_V07B,REAL_OBSERVATION,False
LS-POS-0453,2024-07-01,24.9962,93.6909,87.82,111.51,114.17,NASA_POWER_GPM_IMERG_V07B,REAL_OBSERVATION,False
LS-POS-0454,2024-08-10,25.0004,93.6433,1.03,13.41,6.48,NASA_POWER_GPM_IMERG_V07B,REAL_OBSERVATION,False
LS-POS-0455,2024-06-12,24.8877,93.6213,6.07,7.76,7.89,NASA_POWER_GPM_IMERG_V07B,REAL_OBSERVATION,False
LS-POS-0456,2024-08-10,25.0311,93.6247,1.03,13.41,6.48,NASA_POWER_GPM_IMERG_V07B,REAL_OBSERVATION,False
LS-POS-0457,2024-07-20,24.8217,93.7049,1.75,9.46,4.57,NASA_POWER_GPM_IMERG_V07B,REAL_OBSERVATION,False
LS-POS-0458,2024-06-12,24.871,93.8335,6.07,7.76,7.89,NASA_POWER_GPM_IMERG_V07B,REAL_OBSERVATION,False
LS-POS-0459,2024-07-02,24.975,93.7127,33.85,140.65,67.98,NASA_POWER_GPM_IMERG_V07B,REAL_OBSERVATION,False
LS-POS-0460,2024-07-02,25.0222,93.5625,33.85,140.65,67.98,NASA_POWER_GPM_IMERG_V07B,REAL_OBSERVATION,False
LS-POS-0461,2024-07-02,24.8439,93.8346,33.85,140.65,67.98,NASA_POWER_GPM_IMERG_V07B,REAL_OBSERVATION,False
LS-POS-0462,2024-08-10,24.8444,93.5172,1.03,13.41,6.48,NASA_POWER_GPM_IMERG_V07B,REAL_OBSERVATION,False
LS-POS-0463,2024-07-01,25.033,93.5949,87.82,111.51,114.17,NASA_POWER_GPM_IMERG_V07B,REAL_OBSERVATION,False
LS-POS-0464,2024-06-12,24.8425,93.7292,6.07,7.76,7.89,NASA_POWER_GPM_IMERG_V07B,REAL_OBSERVATION,False
LS-POS-0465,2024-07-20,24.8473,93.5936,1.75,9.46,4.57,NASA_POWER_GPM_IMERG_V07B,REAL_OBSERVATION,False
LS-POS-0466,2024-06-12,24.9358,93.6818,6.07,7.76,7.89,NASA_POWER_GPM_IMERG_V07B,REAL_OBSERVATION,False
LS-POS-0467,2024-07-01,24.8094,93.5263,87.82,111.51,114.17,NASA_POWER_GPM_IMERG_V07B,REAL_OBSERVATION,False
LS-POS-0468,2024-06-12,24.8754,93.8029,6.07,7.76,7.89,NASA_POWER_GPM_IMERG_V07B,REAL_OBSERVATION,False
LS-POS-0469,2024-06-12,24.7979,93.6342,6.07,7.76,7.89,NASA_POWER_GPM_IMERG_V07B,REAL_OBSERVATION,False
LS-POS-0470,2024-07-02,25.0105,93.8706,33.85,140.65,67.98,NASA_POWER_GPM_IMERG_V07B,REAL_OBSERVATION,False
LS-POS-0471,2024-07-01,24.925,93.5045,87.82,111.51,114.17,NASA_POWER_GPM_IMERG_V07B,REAL_OBSERVATION,False
LS-POS-0472,2024-07-20,24.9106,93.7264,1.75,9.46,4.57,NASA_POWER_GPM_IMERG_V07B,REAL_OBSERVATION,False
LS-POS-0473,2024-07-20,24.9997,93.8223,1.75,9.46,4.57,NASA_POWER_GPM_IMERG_V07B,REAL_OBSERVATION,False
LS-POS-0474,2024-07-20,24.8512,93.8483,1.75,9.46,4.57,NASA_POWER_GPM_IMERG_V07B,REAL_OBSERVATION,False
LS-POS-0475,2024-08-10,24.9683,93.6938,1.03,13.41,6.48,NASA_POWER_GPM_IMERG_V07B,REAL_OBSERVATION,False
LS-POS-0476,2024-07-20,24.7962,93.5597,1.75,9.46,4.57,NASA_POWER_GPM_IMERG_V07B,REAL_OBSERVATION,False
LS-POS-0477,2024-07-02,24.8513,93.8211,33.85,140.65,67.98,NASA_POWER_GPM_IMERG_V07B,REAL_OBSERVATION,False
LS-POS-0478,2024-07-02,24.8222,93.769,33.85,140.65,67.98,NASA_POWER_GPM_IMERG_V07B,REAL_OBSERVATION,False
LS-POS-0479,2024-07-02,24.9514,93.6083,33.85,140.65,67.98,NASA_POWER_GPM_IMERG_V07B,REAL_OBSERVATION,False
LS-POS-0480,2024-07-20,24.8555,93.8047,1.75,9.46,4.57,NASA_POWER_GPM_IMERG_V07B,REAL_OBSERVATION,False
LS-POS-0481,2024-06-12,24.9356,93.7661,6.07,7.76,7.89,NASA_POWER_GPM_IMERG_V07B,REAL_OBSERVATION,False
LS-POS-0482,2024-06-12,24.7799,93.7413,6.07,7.76,7.89,NASA_POWER_GPM_IMERG_V07B,REAL_OBSERVATION,False
LS-POS-0483,2024-07-01,24.9843,93.8166,87.82,111.51,114.17,NASA_POWER_GPM_IMERG_V07B,REAL_OBSERVATION,False
LS-POS-0484,2024-07-20,25.0041,93.6297,1.75,9.46,4.57,NASA_POWER_GPM_IMERG_V07B,REAL_OBSERVATION,False
LS-POS-0485,2024-08-10,24.9806,93.5905,1.03,13.41,6.48,NASA_POWER_GPM_IMERG_V07B,REAL_OBSERVATION,False
NON-LS-BG-0486,2024-07-20,24.8137,93.5488,1.75,9.46,4.57,NASA_POWER_GPM_IMERG_V07B,REAL_OBSERVATION,False
NON-LS-BG-0487,2024-07-20,24.8896,93.5055,1.75,9.46,4.57,NASA_POWER_GPM_IMERG_V07B,REAL_OBSERVATION,False
NON-LS-BG-0488,2024-08-10,24.8978,93.7534,1.03,13.41,6.48,NASA_POWER_GPM_IMERG_V07B,REAL_OBSERVATION,False
NON-LS-BG-0489,2024-07-20,24.8588,93.7187,1.75,9.46,4.57,NASA_POWER_GPM_IMERG_V07B,REAL_OBSERVATION,False
NON-LS-BG-0490,2024-08-10,25.0483,93.7422,1.03,13.41,6.48,NASA_POWER_GPM_IMERG_V07B,REAL_OBSERVATION,False
NON-LS-BG-0491,2024-02-20,24.9401,93.7374,0.07,0.07,0.09,NASA_POWER_GPM_IMERG_V07B,REAL_OBSERVATION,False
NON-LS-BG-0492,2024-07-20,24.7904,93.5378,1.75,9.46,4.57,NASA_POWER_GPM_IMERG_V07B,REAL_OBSERVATION,False
NON-LS-BG-0493,2024-08-10,24.8365,93.6195,1.03,13.41,6.48,NASA_POWER_GPM_IMERG_V07B,REAL_OBSERVATION,False
NON-LS-BG-0494,2024-04-12,24.9197,93.7058,0.01,0.01,0.01,NASA_POWER_GPM_IMERG_V07B,REAL_OBSERVATION,False
NON-LS-BG-0495,2024-02-20,24.867,93.692,0.07,0.07,0.09,NASA_POWER_GPM_IMERG_V07B,REAL_OBSERVATION,False
NON-LS-BG-0496,2024-06-12,25.0121,93.8982,6.07,7.76,7.89,NASA_POWER_GPM_IMERG_V07B,REAL_OBSERVATION,False
NON-LS-BG-0497,2024-07-20,25.0079,93.7369,1.75,9.46,4.57,NASA_POWER_GPM_IMERG_V07B,REAL_OBSERVATION,False
NON-LS-BG-0498,2024-02-20,24.827,93.8216,0.07,0.07,0.09,NASA_POWER_GPM_IMERG_V07B,REAL_OBSERVATION,False
NON-LS-BG-0499,2024-07-01,24.9351,93.84,87.82,111.51,114.17,NASA_POWER_GPM_IMERG_V07B,REAL_OBSERVATION,False
NON-LS-BG-0500,2024-07-02,24.8334,93.8086,33.85,140.65,67.98,NASA_POWER_GPM_IMERG_V07B,REAL_OBSERVATION,False
NON-LS-BG-0501,2024-04-12,24.996,93.5166,0.01,0.01,0.01,NASA_POWER_GPM_IMERG_V07B,REAL_OBSERVATION,False
NON-LS-BG-0502,2024-06-12,24.993,93.7333,6.07,7.76,7.89,NASA_POWER_GPM_IMERG_V07B,REAL_OBSERVATION,False
NON-LS-BG-0503,2024-02-20,24.9811,93.6349,0.07,0.07,0.09,NASA_POWER_GPM_IMERG_V07B,REAL_OBSERVATION,False
NON-LS-BG-0504,2024-06-12,24.8494,93.7703,6.07,7.76,7.89,NASA_POWER_GPM_IMERG_V07B,REAL_OBSERVATION,False
NON-LS-BG-0505,2024-07-20,25.0408,93.6511,1.75,9.46,4.57,NASA_POWER_GPM_IMERG_V07B,REAL_OBSERVATION,False
NON-LS-BG-0506,2024-07-02,24.8855,93.6419,33.85,140.65,67.98,NASA_POWER_GPM_IMERG_V07B,REAL_OBSERVATION,False
NON-LS-BG-0507,2024-04-12,24.8826,93.7593,0.01,0.01,0.01,NASA_POWER_GPM_IMERG_V07B,REAL_OBSERVATION,False
NON-LS-BG-0508,2024-08-10,24.8042,93.605,1.03,13.41,6.48,NASA_POWER_GPM_IMERG_V07B,REAL_OBSERVATION,False
NON-LS-BG-0509,2024-08-10,24.7614,93.748,1.03,13.41,6.48,NASA_POWER_GPM_IMERG_V07B,REAL_OBSERVATION,False
NON-LS-BG-0510,2024-07-02,24.9121,93.5317,33.85,140.65,67.98,NASA_POWER_GPM_IMERG_V07B,REAL_OBSERVATION,False
NON-LS-BG-0511,2024-04-12,24.9287,93.5322,0.01,0.01,0.01,NASA_POWER_GPM_IMERG_V07B,REAL_OBSERVATION,False
NON-LS-BG-0512,2024-02-20,24.9874,93.8663,0.07,0.07,0.09,NASA_POWER_GPM_IMERG_V07B,REAL_OBSERVATION,False
NON-LS-BG-0513,2024-08-10,25.0413,93.5709,1.03,13.41,6.48,NASA_POWER_GPM_IMERG_V07B,REAL_OBSERVATION,False
NON-LS-BG-0514,2024-08-10,24.9858,93.7472,1.03,13.41,6.48,NASA_POWER_GPM_IMERG_V07B,REAL_OBSERVATION,False
NON-LS-BG-0515,2024-08-10,24.9432,93.6524,1.03,13.41,6.48,NASA_POWER_GPM_IMERG_V07B,REAL_OBSERVATION,False
NON-LS-BG-0516,2024-04-12,25.0006,93.5788,0.01,0.01,0.01,NASA_POWER_GPM_IMERG_V07B,REAL_OBSERVATION,False
NON-LS-BG-0517,2024-07-20,25.0306,93.6864,1.75,9.46,4.57,NASA_POWER_GPM_IMERG_V07B,REAL_OBSERVATION,False
NON-LS-BG-0518,2024-02-20,24.7543,93.6913,0.07,0.07,0.09,NASA_POWER_GPM_IMERG_V07B,REAL_OBSERVATION,False
NON-LS-BG-0519,2024-07-20,24.774,93.6767,1.75,9.46,4.57,NASA_POWER_GPM_IMERG_V07B,REAL_OBSERVATION,False
NON-LS-BG-0520,2024-08-10,24.9035,93.6933,1.03,13.41,6.48,NASA_POWER_GPM_IMERG_V07B,REAL_OBSERVATION,False
LS-POS-0486,2021-07-28,27.3942,88.5107,16.24,46.47,22.46,NASA_POWER_GPM_IMERG_V07B,REAL_OBSERVATION,False
LS-POS-0487,2021-08-14,27.6628,88.4884,8.72,28.77,13.91,NASA_POWER_GPM_IMERG_V07B,REAL_OBSERVATION,False
LS-POS-0488,2020-06-25,27.6705,88.2996,37.3,80.02,48.49,NASA_POWER_GPM_IMERG_V07B,REAL_OBSERVATION,False
LS-POS-0489,2020-06-25,27.5626,88.2682,37.3,80.02,48.49,NASA_POWER_GPM_IMERG_V07B,REAL_OBSERVATION,False
LS-POS-0490,2018-08-18,27.1164,88.3081,2.07,7.14,3.45,NASA_POWER_GPM_IMERG_V07B,REAL_OBSERVATION,False
LS-POS-0491,2020-08-11,27.127,88.3251,20.66,66.13,31.96,NASA_POWER_GPM_IMERG_V07B,REAL_OBSERVATION,False
LS-POS-0492,2020-09-22,27.4203,88.3477,31.84,71.23,41.39,NASA_POWER_GPM_IMERG_V07B,REAL_OBSERVATION,False
LS-POS-0493,2018-06-14,27.5055,88.4392,6.71,25.1,12.13,NASA_POWER_GPM_IMERG_V07B,REAL_OBSERVATION,False
LS-POS-0494,2018-07-22,26.9343,88.5518,3.95,18.3,8.84,NASA_POWER_GPM_IMERG_V07B,REAL_OBSERVATION,False
LS-POS-0495,2021-06-25,27.2388,88.4746,14.03,35.72,18.24,NASA_POWER_GPM_IMERG_V07B,REAL_OBSERVATION,False
LS-POS-0496,2021-06-25,27.3552,88.4698,6.21,21.38,10.33,NASA_POWER_GPM_IMERG_V07B,REAL_OBSERVATION,False
LS-POS-0497,2022-07-19,27.2552,88.3047,16.2,26.18,21.06,NASA_POWER_GPM_IMERG_V07B,REAL_OBSERVATION,False
LS-POS-0498,2019-06-28,27.1762,88.2571,5.74,33.61,16.24,NASA_POWER_GPM_IMERG_V07B,REAL_OBSERVATION,False
LS-POS-0499,2022-08-05,27.381,88.6031,11.34,31.7,15.32,NASA_POWER_GPM_IMERG_V07B,REAL_OBSERVATION,False
LS-POS-0500,2022-07-19,27.1895,88.3236,16.2,26.18,21.06,NASA_POWER_GPM_IMERG_V07B,REAL_OBSERVATION,False
NON-LS-BG-0521,2021-08-14,27.6844,88.4257,8.72,28.77,13.91,NASA_POWER_GPM_IMERG_V07B,REAL_OBSERVATION,False
NON-LS-BG-0522,2022-05-18,27.281,88.145,3.18,25.41,12.28,NASA_POWER_GPM_IMERG_V07B,REAL_OBSERVATION,False
NON-LS-BG-0523,2021-07-28,27.5591,88.2034,11.75,42.99,20.78,NASA_POWER_GPM_IMERG_V07B,REAL_OBSERVATION,False
NON-LS-BG-0524,2022-08-05,27.3647,88.3865,10.8,30.06,14.53,NASA_POWER_GPM_IMERG_V07B,REAL_OBSERVATION,False
NON-LS-BG-0525,2022-07-19,27.5903,88.6283,10.52,18.56,13.68,NASA_POWER_GPM_IMERG_V07B,REAL_OBSERVATION,False
NON-LS-BG-0526,2021-09-02,27.2894,88.4181,24.04,39.25,31.25,NASA_POWER_GPM_IMERG_V07B,REAL_OBSERVATION,False
NON-LS-BG-0527,2021-11-05,27.445,88.5081,0.0,0.0,0.0,NASA_POWER_GPM_IMERG_V07B,REAL_OBSERVATION,False
NON-LS-BG-0528,2018-08-18,26.9565,88.2542,2.07,7.14,3.45,NASA_POWER_GPM_IMERG_V07B,REAL_OBSERVATION,False
NON-LS-BG-0529,2019-09-15,27.1764,88.2122,6.02,41.53,20.07,NASA_POWER_GPM_IMERG_V07B,REAL_OBSERVATION,False
NON-LS-BG-0530,2018-06-14,27.2899,88.1778,11.92,35.72,17.26,NASA_POWER_GPM_IMERG_V07B,REAL_OBSERVATION,False
NON-LS-BG-0531,2022-07-19,27.2707,88.283,16.2,26.18,21.06,NASA_POWER_GPM_IMERG_V07B,REAL_OBSERVATION,False
NON-LS-BG-0532,2022-07-19,27.531,88.405,10.52,18.56,13.68,NASA_POWER_GPM_IMERG_V07B,REAL_OBSERVATION,False
NON-LS-BG-0533,2022-03-30,27.388,88.3153,3.94,5.17,5.12,NASA_POWER_GPM_IMERG_V07B,REAL_OBSERVATION,False
NON-LS-BG-0534,2020-07-10,27.5009,88.4206,69.91,98.8,90.88,NASA_POWER_GPM_IMERG_V07B,REAL_OBSERVATION,False
NON-LS-BG-0535,2021-06-25,27.1898,88.5302,14.03,35.72,18.24,NASA_POWER_GPM_IMERG_V07B,REAL_OBSERVATION,False
LS-POS-0501,2020-07-10,25.3441,91.9879,116.96,215.25,152.05,NASA_POWER_GPM_IMERG_V07B,REAL_OBSERVATION,False
LS-POS-0502,2019-08-08,25.4396,92.0911,11.28,26.23,14.66,NASA_POWER_GPM_IMERG_V07B,REAL_OBSERVATION,False
LS-POS-0503,2019-01-18,25.3017,91.8045,0.0,0.0,0.0,NASA_POWER_GPM_IMERG_V07B,REAL_OBSERVATION,False
LS-POS-0504,2021-06-25,25.3311,92.17,28.41,94.62,45.73,NASA_POWER_GPM_IMERG_V07B,REAL_OBSERVATION,False
LS-POS-0505,2021-09-02,25.4485,91.6156,6.52,16.73,8.48,NASA_POWER_GPM_IMERG_V07B,REAL_OBSERVATION,False
LS-POS-0506,2019-09-15,25.156,92.1158,12.61,134.6,65.06,NASA_POWER_GPM_IMERG_V07B,REAL_OBSERVATION,False
LS-POS-0507,2019-06-28,25.3199,91.5929,59.09,265.17,128.17,NASA_POWER_GPM_IMERG_V07B,REAL_OBSERVATION,False
LS-POS-0508,2022-09-15,25.0983,91.9721,36.17,144.33,69.76,NASA_POWER_GPM_IMERG_V07B,REAL_OBSERVATION,False
LS-POS-0509,2019-01-18,25.4052,91.5746,0.0,0.0,0.0,NASA_POWER_GPM_IMERG_V07B,REAL_OBSERVATION,False
LS-POS-0510,2020-07-10,25.2819,91.9615,116.96,215.25,152.05,NASA_POWER_GPM_IMERG_V07B,REAL_OBSERVATION,False
NON-LS-BG-0536,2021-08-14,25.5237,91.7487,65.42,164.41,85.05,NASA_POWER_GPM_IMERG_V07B,REAL_OBSERVATION,False
NON-LS-BG-0537,2018-07-22,25.573,92.3304,18.12,35.47,23.56,NASA_POWER_GPM_IMERG_V07B,REAL_OBSERVATION,False
NON-LS-BG-0538,2019-06-28,25.3054,91.5128,59.09,265.17,128.17,NASA_POWER_GPM_IMERG_V07B,REAL_OBSERVATION,False
NON-LS-BG-0539,2020-11-12,25.3677,91.4551,0.0,0.0,0.0,NASA_POWER_GPM_IMERG_V07B,REAL_OBSERVATION,False
NON-LS-BG-0540,2021-06-25,25.5403,92.1011,28.41,94.62,45.73,NASA_POWER_GPM_IMERG_V07B,REAL_OBSERVATION,False
NON-LS-BG-0541,2022-08-05,25.2334,92.0633,26.77,59.78,34.8,NASA_POWER_GPM_IMERG_V07B,REAL_OBSERVATION,False
NON-LS-BG-0542,2022-08-05,25.5349,91.8036,26.77,59.78,34.8,NASA_POWER_GPM_IMERG_V07B,REAL_OBSERVATION,False
NON-LS-BG-0543,2019-08-08,25.2147,91.8239,15.63,33.13,20.32,NASA_POWER_GPM_IMERG_V07B,REAL_OBSERVATION,False
NON-LS-BG-0544,2021-09-02,25.3516,91.7405,6.52,16.73,8.48,NASA_POWER_GPM_IMERG_V07B,REAL_OBSERVATION,False
NON-LS-BG-0545,2018-07-22,25.4468,92.0398,30.97,57.64,40.26,NASA_POWER_GPM_IMERG_V07B,REAL_OBSERVATION,False
LS-POS-0511,2018-08-18,25.175,92.8777,1.24,30.64,14.81,NASA_POWER_GPM_IMERG_V07B,REAL_OBSERVATION,False
LS-POS-0512,2018-08-18,25.1075,92.8363,1.24,30.64,14.81,NASA_POWER_GPM_IMERG_V07B,REAL_OBSERVATION,False
LS-POS-0513,2022-06-18,25.2101,92.9535,77.92,162.18,101.3,NASA_POWER_GPM_IMERG_V07B,REAL_OBSERVATION,False
LS-POS-0514,2022-05-18,24.9758,93.1559,25.16,106.92,51.68,NASA_POWER_GPM_IMERG_V07B,REAL_OBSERVATION,False
LS-POS-0515,2019-01-18,25.137,92.9393,0.0,0.0,0.0,NASA_POWER_GPM_IMERG_V07B,REAL_OBSERVATION,False
LS-POS-0516,2020-08-11,25.0404,93.0345,22.88,41.49,29.74,NASA_POWER_GPM_IMERG_V07B,REAL_OBSERVATION,False
LS-POS-0517,2022-06-18,25.2221,92.9889,77.92,162.18,101.3,NASA_POWER_GPM_IMERG_V07B,REAL_OBSERVATION,False
LS-POS-0518,2018-02-14,25.3095,93.1036,0.46,0.46,0.6,NASA_POWER_GPM_IMERG_V07B,REAL_OBSERVATION,False
LS-POS-0519,2022-07-19,25.2695,92.9868,4.69,24.81,11.99,NASA_POWER_GPM_IMERG_V07B,REAL_OBSERVATION,False
LS-POS-0520,2019-01-18,25.1525,93.0032,0.0,0.0,0.0,NASA_POWER_GPM_IMERG_V07B,REAL_OBSERVATION,False
NON-LS-BG-0546,2020-08-11,25.1693,92.9121,22.88,41.49,29.74,NASA_POWER_GPM_IMERG_V07B,REAL_OBSERVATION,False
NON-LS-BG-0547,2019-08-08,25.3157,93.0059,15.8,19.52,20.54,NASA_POWER_GPM_IMERG_V07B,REAL_OBSERVATION,False
NON-LS-BG-0548,2022-07-19,24.9968,92.8973,4.69,24.81,11.99,NASA_POWER_GPM_IMERG_V07B,REAL_OBSERVATION,False
NON-LS-BG-0549,2022-09-15,25.2842,93.2133,5.18,19.74,9.54,NASA_POWER_GPM_IMERG_V07B,REAL_OBSERVATION,False
NON-LS-BG-0550,2019-09-15,25.3121,92.8217,3.35,23.08,11.16,NASA_POWER_GPM_IMERG_V07B,REAL_OBSERVATION,False
NON-LS-BG-0551,2019-07-12,25.2262,93.1293,22.56,77.73,37.57,NASA_POWER_GPM_IMERG_V07B,REAL_OBSERVATION,False
NON-LS-BG-0552,2021-08-14,25.1507,93.2534,13.48,35.92,17.52,NASA_POWER_GPM_IMERG_V07B,REAL_OBSERVATION,False
NON-LS-BG-0553,2021-07-28,25.2041,92.8469,6.92,15.1,9.0,NASA_POWER_GPM_IMERG_V07B,REAL_OBSERVATION,False
NON-LS-BG-0554,2019-07-12,25.2166,93.1345,34.52,108.5,52.44,NASA_POWER_GPM_IMERG_V07B,REAL_OBSERVATION,False
NON-LS-BG-0555,2019-07-12,25.3807,92.976,22.56,77.73,37.57,NASA_POWER_GPM_IMERG_V07B,REAL_OBSERVATION,False
LS-POS-0521,2022-01-15,25.8247,94.2272,0.0,2.96,1.43,NASA_POWER_GPM_IMERG_V07B,REAL_OBSERVATION,False
LS-POS-0522,2022-08-05,25.7071,94.0961,13.01,28.55,16.91,NASA_POWER_GPM_IMERG_V07B,REAL_OBSERVATION,False
LS-POS-0523,2018-11-20,25.5691,94.0811,0.0,0.09,0.04,NASA_POWER_GPM_IMERG_V07B,REAL_OBSERVATION,False
LS-POS-0524,2020-11-12,25.9333,93.8763,0.0,0.0,0.0,NASA_POWER_GPM_IMERG_V07B,REAL_OBSERVATION,False
LS-POS-0525,2020-09-22,25.9405,94.0703,15.3,27.98,19.89,NASA_POWER_GPM_IMERG_V07B,REAL_OBSERVATION,False
LS-POS-0526,2018-06-14,25.6338,94.2374,13.36,65.25,31.54,NASA_POWER_GPM_IMERG_V07B,REAL_OBSERVATION,False
LS-POS-0527,2020-11-12,25.8674,93.9988,0.0,0.0,0.0,NASA_POWER_GPM_IMERG_V07B,REAL_OBSERVATION,False
LS-POS-0528,2020-01-22,25.6052,93.9979,0.0,0.16,0.08,NASA_POWER_GPM_IMERG_V07B,REAL_OBSERVATION,False
NON-LS-BG-0556,2020-11-12,25.8899,94.0431,0.01,0.05,0.02,NASA_POWER_GPM_IMERG_V07B,REAL_OBSERVATION,False
NON-LS-BG-0557,2020-08-11,25.9801,94.0738,11.62,38.84,18.77,NASA_POWER_GPM_IMERG_V07B,REAL_OBSERVATION,False
NON-LS-BG-0558,2022-09-15,25.5727,94.1804,7.36,58.72,28.38,NASA_POWER_GPM_IMERG_V07B,REAL_OBSERVATION,False
NON-LS-BG-0559,2018-09-02,25.8906,94.208,3.8,34.66,16.75,NASA_POWER_GPM_IMERG_V07B,REAL_OBSERVATION,False
NON-LS-BG-0560,2018-08-18,25.6786,94.2351,4.16,18.02,8.71,NASA_POWER_GPM_IMERG_V07B,REAL_OBSERVATION,False
NON-LS-BG-0561,2020-07-10,25.6124,94.0687,15.9,28.51,20.67,NASA_POWER_GPM_IMERG_V07B,REAL_OBSERVATION,False
NON-LS-BG-0562,2020-09-22,25.7039,94.3417,19.8,31.63,25.74,NASA_POWER_GPM_IMERG_V07B,REAL_OBSERVATION,False
NON-LS-BG-0563,2018-08-18,25.5734,94.2911,4.16,18.02,8.71,NASA_POWER_GPM_IMERG_V07B,REAL_OBSERVATION,False
LS-POS-0529,2020-07-10,27.2749,92.555,44.61,68.18,57.99,NASA_POWER_GPM_IMERG_V07B,REAL_OBSERVATION,False
LS-POS-0530,2021-09-02,27.3492,92.2594,16.59,52.4,25.33,NASA_POWER_GPM_IMERG_V07B,REAL_OBSERVATION,False
LS-POS-0531,2018-09-02,27.2523,92.6421,4.67,15.12,7.31,NASA_POWER_GPM_IMERG_V07B,REAL_OBSERVATION,False
LS-POS-0532,2020-07-10,27.4409,92.6713,44.61,68.18,57.99,NASA_POWER_GPM_IMERG_V07B,REAL_OBSERVATION,False
LS-POS-0533,2021-08-14,27.0998,92.5542,1.62,14.44,6.98,NASA_POWER_GPM_IMERG_V07B,REAL_OBSERVATION,False
LS-POS-0534,2020-07-10,27.3696,92.6958,44.61,68.18,57.99,NASA_POWER_GPM_IMERG_V07B,REAL_OBSERVATION,False
LS-POS-0535,2022-05-18,27.4816,92.1854,11.0,69.86,33.77,NASA_POWER_GPM_IMERG_V07B,REAL_OBSERVATION,False
NON-LS-BG-0564,2019-12-05,27.2561,92.4934,0.0,0.0,0.0,NASA_POWER_GPM_IMERG_V07B,REAL_OBSERVATION,False
NON-LS-BG-0565,2018-04-10,27.4644,92.5186,5.55,8.71,7.21,NASA_POWER_GPM_IMERG_V07B,REAL_OBSERVATION,False
NON-LS-BG-0566,2022-07-19,27.1832,92.6533,1.78,9.12,4.41,NASA_POWER_GPM_IMERG_V07B,REAL_OBSERVATION,False
NON-LS-BG-0567,2018-11-20,27.1857,92.2032,0.0,0.01,0.0,NASA_POWER_GPM_IMERG_V07B,REAL_OBSERVATION,False
NON-LS-BG-0568,2019-09-15,27.3795,92.2132,5.78,22.38,10.82,NASA_POWER_GPM_IMERG_V07B,REAL_OBSERVATION,False
NON-LS-BG-0569,2021-09-02,27.554,92.287,16.59,52.4,25.33,NASA_POWER_GPM_IMERG_V07B,REAL_OBSERVATION,False
NON-LS-BG-0570,2021-02-10,27.5004,92.7743,0.0,0.0,0.0,NASA_POWER_GPM_IMERG_V07B,REAL_OBSERVATION,False
