event_id,original_event_id,source,country,state_or_province,latitude,longitude,event_date,sample_type,is_landslide,trigger,fatalities,nearest_event_distance_km,original_source_fields
BG-NER-0001,BACKGROUND_SAMPLE,STRATIFIED_BUFFER_SELECTION,India,Assam,24.94417,93.63948,2015-07-25,background,0,None (Background Reference),0,9.36,"{'selection_method': 'district_stratified_buffer_3km', 'min_distance_km': 9.36, 'temporal_anchor': 'empirical_monsoon_distribution'}"
BG-NER-0002,BACKGROUND_SAMPLE,STRATIFIED_BUFFER_SELECTION,India,Assam,25.6338,91.9295,2011-07-24,background,0,None (Background Reference),0,6.73,"{'selection_method': 'district_stratified_buffer_3km', 'min_distance_km': 6.73, 'temporal_anchor': 'empirical_monsoon_distribution'}"
BG-NER-0003,BACKGROUND_SAMPLE,STRATIFIED_BUFFER_SELECTION,India,Assam,27.14587,95.23086,2015-03-19,background,0,None (Background Reference),0,31.22,"{'selection_method': 'district_stratified_buffer_3km', 'min_distance_km': 31.22, 'temporal_anchor': 'empirical_monsoon_distribution'}"
BG-NER-0004,BACKGROUND_SAMPLE,STRATIFIED_BUFFER_SELECTION,India,Assam,26.65003,91.58982,2012-06-02,background,0,None (Background Reference),0,21.78,"{'selection_method': 'district_stratified_buffer_3km', 'min_distance_km': 21.78, 'temporal_anchor': 'empirical_monsoon_distribution'}"
BG-NER-0005,BACKGROUND_SAMPLE,STRATIFIED_BUFFER_SELECTION,India,Assam,27.78106,95.3191,2015-07-22,background,0,None (Background Reference),0,11.7,"{'selection_method': 'district_stratified_buffer_3km', 'min_distance_km': 11.7, 'temporal_anchor': 'empirical_monsoon_distribution'}"
BG-NER-0006,BACKGROUND_SAMPLE,STRATIFIED_BUFFER_SELECTION,India,Assam,27.00984,92.89092,2007-08-26,background,0,None (Background Reference),0,25.35,"{'selection_method': 'district_stratified_buffer_3km', 'min_distance_km': 25.35, 'temporal_anchor': 'empirical_monsoon_distribution'}"
BG-NER-0007,BACKGROUND_SAMPLE,STRATIFIED_BUFFER_SELECTION,India,Assam,27.27322,92.49028,2015-09-01,background,0,None (Background Reference),0,19.77,"{'selection_method': 'district_stratified_buffer_3km', 'min_distance_km': 19.77, 'temporal_anchor': 'empirical_monsoon_distribution'}"
BG-NER-0008,BACKGROUND_SAMPLE,STRATIFIED_BUFFER_SELECTION,India,Assam,25.30044,91.158,2016-07-07,background,0,None (Background Reference),0,24.04,"{'selection_method': 'district_stratified_buffer_3km', 'min_distance_km': 24.04, 'temporal_anchor': 'empirical_monsoon_distribution'}"
BG-NER-0009,BACKGROUND_SAMPLE,STRATIFIED_BUFFER_SELECTION,India,Assam,26.19294,92.38547,2015-09-23,background,0,None (Background Reference),0,51.38,"{'selection_method': 'district_stratified_buffer_3km', 'min_distance_km': 51.38, 'temporal_anchor': 'empirical_monsoon_distribution'}"
BG-NER-0010,BACKGROUND_SAMPLE,STRATIFIED_BUFFER_SELECTION,India,Assam,24.34623,92.48621,2010-06-03,background,0,None (Background Reference),0,13.1,"{'selection_method': 'district_stratified_buffer_3km', 'min_distance_km': 13.1, 'temporal_anchor': 'empirical_monsoon_distribution'}"
BG-NER-0011,BACKGROUND_SAMPLE,STRATIFIED_BUFFER_SELECTION,India,Assam,25.61465,90.97239,2008-08-14,background,0,None (Background Reference),0,31.65,"{'selection_method': 'district_stratified_buffer_3km', 'min_distance_km': 31.65, 'temporal_anchor': 'empirical_monsoon_distribution'}"
BG-NER-0012,BACKGROUND_SAMPLE,STRATIFIED_BUFFER_SELECTION,India,Assam,25.86713,91.59995,2016-05-18,background,0,None (Background Reference),0,25.43,"{'selection_method': 'district_stratified_buffer_3km', 'min_distance_km': 25.43, 'temporal_anchor': 'empirical_monsoon_distribution'}"
BG-NER-0013,BACKGROUND_SAMPLE,STRATIFIED_BUFFER_SELECTION,India,Assam,27.17086,93.44026,2014-09-22,background,0,None (Background Reference),0,19.1,"{'selection_method': 'district_stratified_buffer_3km', 'min_distance_km': 19.1, 'temporal_anchor': 'empirical_monsoon_distribution'}"
BG-NER-0014,BACKGROUND_SAMPLE,STRATIFIED_BUFFER_SELECTION,India,Assam,27.70855,93.18026,2010-04-20,background,0,None (Background Reference),0,23.23,"{'selection_method': 'district_stratified_buffer_3km', 'min_distance_km': 23.23, 'temporal_anchor': 'empirical_monsoon_distribution'}"
BG-NER-0015,BACKGROUND_SAMPLE,STRATIFIED_BUFFER_SELECTION,India,Assam,25.85795,95.2027,2009-08-20,background,0,None (Background Reference),0,41.81,"{'selection_method': 'district_stratified_buffer_3km', 'min_distance_km': 41.81, 'temporal_anchor': 'empirical_monsoon_distribution'}"
BG-NER-0016,BACKGROUND_SAMPLE,STRATIFIED_BUFFER_SELECTION,India,Assam,26.80558,91.68292,2011-09-06,background,0,None (Background Reference),0,34.91,"{'selection_method': 'district_stratified_buffer_3km', 'min_distance_km': 34.91, 'temporal_anchor': 'empirical_monsoon_distribution'}"
BG-NER-0017,BACKGROUND_SAMPLE,STRATIFIED_BUFFER_SELECTION,India,Assam,25.24159,94.00505,2008-10-29,background,0,None (Background Reference),0,4.0,"{'selection_method': 'district_stratified_buffer_3km', 'min_distance_km': 4.0, 'temporal_anchor': 'empirical_monsoon_distribution'}"
BG-NER-0018,BACKGROUND_SAMPLE,STRATIFIED_BUFFER_SELECTION,India,Assam,26.0752,93.28017,2016-05-18,background,0,None (Background Reference),0,62.57,"{'selection_method': 'district_stratified_buffer_3km', 'min_distance_km': 62.57, 'temporal_anchor': 'empirical_monsoon_distribution'}"
BG-NER-0019,BACKGROUND_SAMPLE,STRATIFIED_BUFFER_SELECTION,India,Assam,24.98006,94.18744,2014-09-22,background,0,None (Background Reference),0,4.06,"{'selection_method': 'district_stratified_buffer_3km', 'min_distance_km': 4.06, 'temporal_anchor': 'empirical_monsoon_distribution'}"
BG-NER-0020,BACKGROUND_SAMPLE,STRATIFIED_BUFFER_SELECTION,India,Assam,26.53741,92.03287,2010-07-25,background,0,None (Background Reference),0,31.37,"{'selection_method': 'district_stratified_buffer_3km', 'min_distance_km': 31.37, 'temporal_anchor': 'empirical_monsoon_distribution'}"
BG-NER-0021,BACKGROUND_SAMPLE,STRATIFIED_BUFFER_SELECTION,India,Assam,25.8127,92.76898,2013-05-12,background,0,None (Background Reference),0,39.06,"{'selection_method': 'district_stratified_buffer_3km', 'min_distance_km': 39.06, 'temporal_anchor': 'empirical_monsoon_distribution'}"
BG-NER-0022,BACKGROUND_SAMPLE,STRATIFIED_BUFFER_SELECTION,India,Assam,26.7323,93.26307,2011-07-24,background,0,None (Background Reference),0,30.61,"{'selection_method': 'district_stratified_buffer_3km', 'min_distance_km': 30.61, 'temporal_anchor': 'empirical_monsoon_distribution'}"
BG-NER-0023,BACKGROUND_SAMPLE,STRATIFIED_BUFFER_SELECTION,India,Assam,25.79857,89.81081,2010-04-01,background,0,None (Background Reference),0,12.44,"{'selection_method': 'district_stratified_buffer_3km', 'min_distance_km': 12.44, 'temporal_anchor': 'empirical_monsoon_distribution'}"
BG-NER-0024,BACKGROUND_SAMPLE,STRATIFIED_BUFFER_SELECTION,India,Assam,26.09984,90.36068,2010-06-16,background,0,None (Background Reference),0,38.38,"{'selection_method': 'district_stratified_buffer_3km', 'min_distance_km': 38.38, 'temporal_anchor': 'empirical_monsoon_distribution'}"
BG-NER-0025,BACKGROUND_SAMPLE,STRATIFIED_BUFFER_SELECTION,India,Assam,27.55693,95.73842,2010-04-20,background,0,None (Background Reference),0,43.03,"{'selection_method': 'district_stratified_buffer_3km', 'min_distance_km': 43.03, 'temporal_anchor': 'empirical_monsoon_distribution'}"
BG-NER-0026,BACKGROUND_SAMPLE,STRATIFIED_BUFFER_SELECTION,India,Assam,25.58963,94.18039,2012-06-03,background,0,None (Background Reference),0,6.27,"{'selection_method': 'district_stratified_buffer_3km', 'min_distance_km': 6.27, 'temporal_anchor': 'empirical_monsoon_distribution'}"
BG-NER-0027,BACKGROUND_SAMPLE,STRATIFIED_BUFFER_SELECTION,India,Assam,25.43126,93.2023,2013-05-11,background,0,None (Background Reference),0,7.32,"{'selection_method': 'district_stratified_buffer_3km', 'min_distance_km': 7.32, 'temporal_anchor': 'empirical_monsoon_distribution'}"
BG-NER-0028,BACKGROUND_SAMPLE,STRATIFIED_BUFFER_SELECTION,India,Assam,27.08716,95.55079,2014-09-22,background,0,None (Background Reference),0,11.09,"{'selection_method': 'district_stratified_buffer_3km', 'min_distance_km': 11.09, 'temporal_anchor': 'empirical_monsoon_distribution'}"
BG-NER-0029,BACKGROUND_SAMPLE,STRATIFIED_BUFFER_SELECTION,India,Assam,27.49822,93.52561,2014-09-22,background,0,None (Background Reference),0,34.99,"{'selection_method': 'district_stratified_buffer_3km', 'min_distance_km': 34.99, 'temporal_anchor': 'empirical_monsoon_distribution'}"
BG-NER-0030,BACKGROUND_SAMPLE,STRATIFIED_BUFFER_SELECTION,India,Assam,25.37175,91.48968,2011-05-22,background,0,None (Background Reference),0,25.79,"{'selection_method': 'district_stratified_buffer_3km', 'min_distance_km': 25.79, 'temporal_anchor': 'empirical_monsoon_distribution'}"
BG-NER-0031,BACKGROUND_SAMPLE,STRATIFIED_BUFFER_SELECTION,India,Assam,26.71857,92.72418,2009-08-20,background,0,None (Background Reference),0,31.58,"{'selection_method': 'district_stratified_buffer_3km', 'min_distance_km': 31.58, 'temporal_anchor': 'empirical_monsoon_distribution'}"
BG-NER-0032,BACKGROUND_SAMPLE,STRATIFIED_BUFFER_SELECTION,India,Assam,24.34629,93.42589,2009-08-20,background,0,None (Background Reference),0,30.8,"{'selection_method': 'district_stratified_buffer_3km', 'min_distance_km': 30.8, 'temporal_anchor': 'empirical_monsoon_distribution'}"
BG-NER-0033,BACKGROUND_SAMPLE,STRATIFIED_BUFFER_SELECTION,India,Assam,26.06934,93.40829,2011-07-24,background,0,None (Background Reference),0,51.83,"{'selection_method': 'district_stratified_buffer_3km', 'min_distance_km': 51.83, 'temporal_anchor': 'empirical_monsoon_distribution'}"
BG-NER-0034,BACKGROUND_SAMPLE,STRATIFIED_BUFFER_SELECTION,India,Assam,27.50565,95.31038,2015-09-01,background,0,None (Background Reference),0,38.74,"{'selection_method': 'district_stratified_buffer_3km', 'min_distance_km': 38.74, 'temporal_anchor': 'empirical_monsoon_distribution'}"
BG-NER-0035,BACKGROUND_SAMPLE,STRATIFIED_BUFFER_SELECTION,India,Assam,27.13582,93.63416,2011-06-29,background,0,None (Background Reference),0,4.04,"{'selection_method': 'district_stratified_buffer_3km', 'min_distance_km': 4.04, 'temporal_anchor': 'empirical_monsoon_distribution'}"
BG-NER-0036,BACKGROUND_SAMPLE,STRATIFIED_BUFFER_SELECTION,India,Assam,26.26582,95.30358,2010-06-03,background,0,None (Background Reference),0,37.15,"{'selection_method': 'district_stratified_buffer_3km', 'min_distance_km': 37.15, 'temporal_anchor': 'empirical_monsoon_distribution'}"
BG-NER-0037,BACKGROUND_SAMPLE,STRATIFIED_BUFFER_SELECTION,India,Assam,25.13975,93.3959,2012-06-25,background,0,None (Background Reference),0,4.8,"{'selection_method': 'district_stratified_buffer_3km', 'min_distance_km': 4.8, 'temporal_anchor': 'empirical_monsoon_distribution'}"
BG-NER-0038,BACKGROUND_SAMPLE,STRATIFIED_BUFFER_SELECTION,India,Assam,24.78514,93.49305,2014-06-28,background,0,None (Background Reference),0,3.6,"{'selection_method': 'district_stratified_buffer_3km', 'min_distance_km': 3.6, 'temporal_anchor': 'empirical_monsoon_distribution'}"
BG-NER-0039,BACKGROUND_SAMPLE,STRATIFIED_BUFFER_SELECTION,India,Assam,25.7502,94.39622,2016-07-07,background,0,None (Background Reference),0,12.18,"{'selection_method': 'district_stratified_buffer_3km', 'min_distance_km': 12.18, 'temporal_anchor': 'empirical_monsoon_distribution'}"
BG-NER-0040,BACKGROUND_SAMPLE,STRATIFIED_BUFFER_SELECTION,India,Assam,26.48453,94.94247,2013-09-01,background,0,None (Background Reference),0,7.75,"{'selection_method': 'district_stratified_buffer_3km', 'min_distance_km': 7.75, 'temporal_anchor': 'empirical_monsoon_distribution'}"
BG-NER-0041,BACKGROUND_SAMPLE,STRATIFIED_BUFFER_SELECTION,India,Assam,26.56205,91.72803,2013-08-17,background,0,None (Background Reference),0,7.65,"{'selection_method': 'district_stratified_buffer_3km', 'min_distance_km': 7.65, 'temporal_anchor': 'empirical_monsoon_distribution'}"
BG-NER-0042,BACKGROUND_SAMPLE,STRATIFIED_BUFFER_SELECTION,India,Assam,25.51735,93.81156,2012-06-22,background,0,None (Background Reference),0,5.69,"{'selection_method': 'district_stratified_buffer_3km', 'min_distance_km': 5.69, 'temporal_anchor': 'empirical_monsoon_distribution'}"
BG-NER-0043,BACKGROUND_SAMPLE,STRATIFIED_BUFFER_SELECTION,India,Assam,24.76204,91.47995,2016-07-07,background,0,None (Background Reference),0,74.78,"{'selection_method': 'district_stratified_buffer_3km', 'min_distance_km': 74.78, 'temporal_anchor': 'empirical_monsoon_distribution'}"
BG-NER-0044,BACKGROUND_SAMPLE,STRATIFIED_BUFFER_SELECTION,India,Assam,24.60207,93.12862,2013-08-17,background,0,None (Background Reference),0,22.93,"{'selection_method': 'district_stratified_buffer_3km', 'min_distance_km': 22.93, 'temporal_anchor': 'empirical_monsoon_distribution'}"
BG-NER-0045,BACKGROUND_SAMPLE,STRATIFIED_BUFFER_SELECTION,India,Assam,25.13411,92.8965,2014-09-22,background,0,None (Background Reference),0,4.36,"{'selection_method': 'district_stratified_buffer_3km', 'min_distance_km': 4.36, 'temporal_anchor': 'empirical_monsoon_distribution'}"
BG-NER-0046,BACKGROUND_SAMPLE,STRATIFIED_BUFFER_SELECTION,India,Assam,27.47227,91.93037,2010-06-03,background,0,None (Background Reference),0,12.3,"{'selection_method': 'district_stratified_buffer_3km', 'min_distance_km': 12.3, 'temporal_anchor': 'empirical_monsoon_distribution'}"
BG-NER-0047,BACKGROUND_SAMPLE,STRATIFIED_BUFFER_SELECTION,India,Assam,25.44724,91.682,2011-06-29,background,0,None (Background Reference),0,20.9,"{'selection_method': 'district_stratified_buffer_3km', 'min_distance_km': 20.9, 'temporal_anchor': 'empirical_monsoon_distribution'}"
BG-NER-0048,BACKGROUND_SAMPLE,STRATIFIED_BUFFER_SELECTION,India,Assam,26.68746,94.71793,2011-09-23,background,0,None (Background Reference),0,3.55,"{'selection_method': 'district_stratified_buffer_3km', 'min_distance_km': 3.55, 'temporal_anchor': 'empirical_monsoon_distribution'}"
BG-NER-0049,BACKGROUND_SAMPLE,STRATIFIED_BUFFER_SELECTION,India,Assam,26.00282,93.14978,2016-05-18,background,0,None (Background Reference),0,53.54,"{'selection_method': 'district_stratified_buffer_3km', 'min_distance_km': 53.54, 'temporal_anchor': 'empirical_monsoon_distribution'}"
BG-NER-0050,BACKGROUND_SAMPLE,STRATIFIED_BUFFER_SELECTION,India,Assam,26.81609,94.27021,2010-10-09,background,0,None (Background Reference),0,43.59,"{'selection_method': 'district_stratified_buffer_3km', 'min_distance_km': 43.59, 'temporal_anchor': 'empirical_monsoon_distribution'}"
BG-NER-0051,BACKGROUND_SAMPLE,STRATIFIED_BUFFER_SELECTION,India,Assam,26.6406,94.10437,2016-07-20,background,0,None (Background Reference),0,54.12,"{'selection_method': 'district_stratified_buffer_3km', 'min_distance_km': 54.12, 'temporal_anchor': 'empirical_monsoon_distribution'}"
BG-NER-0052,BACKGROUND_SAMPLE,STRATIFIED_BUFFER_SELECTION,India,Assam,25.53763,93.93277,2012-06-03,background,0,None (Background Reference),0,6.18,"{'selection_method': 'district_stratified_buffer_3km', 'min_distance_km': 6.18, 'temporal_anchor': 'empirical_monsoon_distribution'}"
BG-NER-0053,BACKGROUND_SAMPLE,STRATIFIED_BUFFER_SELECTION,India,Assam,26.47584,92.25617,2010-08-27,background,0,None (Background Reference),0,53.26,"{'selection_method': 'district_stratified_buffer_3km', 'min_distance_km': 53.26, 'temporal_anchor': 'empirical_monsoon_distribution'}"
BG-NER-0054,BACKGROUND_SAMPLE,STRATIFIED_BUFFER_SELECTION,India,Assam,25.07948,90.48183,2008-06-15,background,0,None (Background Reference),0,15.7,"{'selection_method': 'district_stratified_buffer_3km', 'min_distance_km': 15.7, 'temporal_anchor': 'empirical_monsoon_distribution'}"
BG-NER-0055,BACKGROUND_SAMPLE,STRATIFIED_BUFFER_SELECTION,India,Assam,25.62365,90.40588,2011-05-24,background,0,None (Background Reference),0,12.6,"{'selection_method': 'district_stratified_buffer_3km', 'min_distance_km': 12.6, 'temporal_anchor': 'empirical_monsoon_distribution'}"
BG-NER-0056,BACKGROUND_SAMPLE,STRATIFIED_BUFFER_SELECTION,India,Assam,26.4092,91.23247,2008-10-29,background,0,None (Background Reference),0,8.62,"{'selection_method': 'district_stratified_buffer_3km', 'min_distance_km': 8.62, 'temporal_anchor': 'empirical_monsoon_distribution'}"
BG-NER-0057,BACKGROUND_SAMPLE,STRATIFIED_BUFFER_SELECTION,India,Assam,26.70473,90.56594,2014-05-09,background,0,None (Background Reference),0,79.61,"{'selection_method': 'district_stratified_buffer_3km', 'min_distance_km': 79.61, 'temporal_anchor': 'empirical_monsoon_distribution'}"
BG-NER-0058,BACKGROUND_SAMPLE,STRATIFIED_BUFFER_SELECTION,India,Assam,25.82261,90.90196,2010-10-08,background,0,None (Background Reference),0,30.58,"{'selection_method': 'district_stratified_buffer_3km', 'min_distance_km': 30.58, 'temporal_anchor': 'empirical_monsoon_distribution'}"
BG-NER-0059,BACKGROUND_SAMPLE,STRATIFIED_BUFFER_SELECTION,India,Assam,27.0297,93.1257,2015-09-23,background,0,None (Background Reference),0,34.79,"{'selection_method': 'district_stratified_buffer_3km', 'min_distance_km': 34.79, 'temporal_anchor': 'empirical_monsoon_distribution'}"
BG-NER-0060,BACKGROUND_SAMPLE,STRATIFIED_BUFFER_SELECTION,India,Assam,25.16625,94.4882,2008-10-29,background,0,None (Background Reference),0,5.09,"{'selection_method': 'district_stratified_buffer_3km', 'min_distance_km': 5.09, 'temporal_anchor': 'empirical_monsoon_distribution'}"
BG-NER-0061,BACKGROUND_SAMPLE,STRATIFIED_BUFFER_SELECTION,India,Assam,25.61503,90.05854,2010-07-25,background,0,None (Background Reference),0,13.1,"{'selection_method': 'district_stratified_buffer_3km', 'min_distance_km': 13.1, 'temporal_anchor': 'empirical_monsoon_distribution'}"
BG-NER-0062,BACKGROUND_SAMPLE,STRATIFIED_BUFFER_SELECTION,India,Assam,25.97693,91.04713,2014-09-22,background,0,None (Background Reference),0,18.5,"{'selection_method': 'district_stratified_buffer_3km', 'min_distance_km': 18.5, 'temporal_anchor': 'empirical_monsoon_distribution'}"
BG-NER-0063,BACKGROUND_SAMPLE,STRATIFIED_BUFFER_SELECTION,India,Assam,25.50649,93.20539,2013-05-11,background,0,None (Background Reference),0,4.43,"{'selection_method': 'district_stratified_buffer_3km', 'min_distance_km': 4.43, 'temporal_anchor': 'empirical_monsoon_distribution'}"
BG-NER-0064,BACKGROUND_SAMPLE,STRATIFIED_BUFFER_SELECTION,India,Assam,27.22116,91.57808,2010-10-09,background,0,None (Background Reference),0,48.43,"{'selection_method': 'district_stratified_buffer_3km', 'min_distance_km': 48.43, 'temporal_anchor': 'empirical_monsoon_distribution'}"
BG-NER-0065,BACKGROUND_SAMPLE,STRATIFIED_BUFFER_SELECTION,India,Assam,26.8842,94.11276,2016-05-18,background,0,None (Background Reference),0,32.95,"{'selection_method': 'district_stratified_buffer_3km', 'min_distance_km': 32.95, 'temporal_anchor': 'empirical_monsoon_distribution'}"
BG-NER-0066,BACKGROUND_SAMPLE,STRATIFIED_BUFFER_SELECTION,India,Assam,26.56191,94.23556,2012-06-03,background,0,None (Background Reference),0,38.6,"{'selection_method': 'district_stratified_buffer_3km', 'min_distance_km': 38.6, 'temporal_anchor': 'empirical_monsoon_distribution'}"
BG-NER-0067,BACKGROUND_SAMPLE,STRATIFIED_BUFFER_SELECTION,India,Assam,24.58667,93.77777,2016-07-14,background,0,None (Background Reference),0,17.85,"{'selection_method': 'district_stratified_buffer_3km', 'min_distance_km': 17.85, 'temporal_anchor': 'empirical_monsoon_distribution'}"
BG-NER-0068,BACKGROUND_SAMPLE,STRATIFIED_BUFFER_SELECTION,India,Assam,24.88129,93.09683,2011-09-06,background,0,None (Background Reference),0,8.4,"{'selection_method': 'district_stratified_buffer_3km', 'min_distance_km': 8.4, 'temporal_anchor': 'empirical_monsoon_distribution'}"
BG-NER-0069,BACKGROUND_SAMPLE,STRATIFIED_BUFFER_SELECTION,India,Assam,25.96278,93.26248,2012-06-13,background,0,None (Background Reference),0,50.04,"{'selection_method': 'district_stratified_buffer_3km', 'min_distance_km': 50.04, 'temporal_anchor': 'empirical_monsoon_distribution'}"
BG-NER-0070,BACKGROUND_SAMPLE,STRATIFIED_BUFFER_SELECTION,India,Assam,26.09521,95.2309,2007-08-26,background,0,None (Background Reference),0,34.52,"{'selection_method': 'district_stratified_buffer_3km', 'min_distance_km': 34.52, 'temporal_anchor': 'empirical_monsoon_distribution'}"
BG-NER-0071,BACKGROUND_SAMPLE,STRATIFIED_BUFFER_SELECTION,India,Assam,24.94049,91.53275,2007-07-19,background,0,None (Background Reference),0,60.08,"{'selection_method': 'district_stratified_buffer_3km', 'min_distance_km': 60.08, 'temporal_anchor': 'empirical_monsoon_distribution'}"
BG-NER-0072,BACKGROUND_SAMPLE,STRATIFIED_BUFFER_SELECTION,India,Assam,25.04312,94.26665,2015-07-25,background,0,None (Background Reference),0,5.87,"{'selection_method': 'district_stratified_buffer_3km', 'min_distance_km': 5.87, 'temporal_anchor': 'empirical_monsoon_distribution'}"
BG-NER-0073,BACKGROUND_SAMPLE,STRATIFIED_BUFFER_SELECTION,India,Assam,27.07753,94.42145,2008-05-20,background,0,None (Background Reference),0,34.77,"{'selection_method': 'district_stratified_buffer_3km', 'min_distance_km': 34.77, 'temporal_anchor': 'empirical_monsoon_distribution'}"
BG-NER-0074,BACKGROUND_SAMPLE,STRATIFIED_BUFFER_SELECTION,India,Assam,26.28495,91.3761,2011-06-29,background,0,None (Background Reference),0,13.67,"{'selection_method': 'district_stratified_buffer_3km', 'min_distance_km': 13.67, 'temporal_anchor': 'empirical_monsoon_distribution'}"
BG-NER-0075,BACKGROUND_SAMPLE,STRATIFIED_BUFFER_SELECTION,India,Assam,25.79863,89.92567,2008-06-15,background,0,None (Background Reference),0,8.62,"{'selection_method': 'district_stratified_buffer_3km', 'min_distance_km': 8.62, 'temporal_anchor': 'empirical_monsoon_distribution'}"
BG-NER-0076,BACKGROUND_SAMPLE,STRATIFIED_BUFFER_SELECTION,India,Assam,26.41669,90.8651,2015-07-22,background,0,None (Background Reference),0,39.45,"{'selection_method': 'district_stratified_buffer_3km', 'min_distance_km': 39.45, 'temporal_anchor': 'empirical_monsoon_distribution'}"
BG-NER-0077,BACKGROUND_SAMPLE,STRATIFIED_BUFFER_SELECTION,India,Assam,25.83923,92.75762,2011-09-23,background,0,None (Background Reference),0,42.14,"{'selection_method': 'district_stratified_buffer_3km', 'min_distance_km': 42.14, 'temporal_anchor': 'empirical_monsoon_distribution'}"
BG-NER-0078,BACKGROUND_SAMPLE,STRATIFIED_BUFFER_SELECTION,India,Assam,26.21681,92.32596,2007-08-26,background,0,None (Background Reference),0,46.22,"{'selection_method': 'district_stratified_buffer_3km', 'min_distance_km': 46.22, 'temporal_anchor': 'empirical_monsoon_distribution'}"
BG-NER-0079,BACKGROUND_SAMPLE,STRATIFIED_BUFFER_SELECTION,India,Assam,25.41885,93.25,2008-06-15,background,0,None (Background Reference),0,12.01,"{'selection_method': 'district_stratified_buffer_3km', 'min_distance_km': 12.01, 'temporal_anchor': 'empirical_monsoon_distribution'}"
BG-NER-0080,BACKGROUND_SAMPLE,STRATIFIED_BUFFER_SELECTION,India,Assam,26.29075,95.12207,2014-09-22,background,0,None (Background Reference),0,20.7,"{'selection_method': 'district_stratified_buffer_3km', 'min_distance_km': 20.7, 'temporal_anchor': 'empirical_monsoon_distribution'}"
BG-NER-0081,BACKGROUND_SAMPLE,STRATIFIED_BUFFER_SELECTION,India,Assam,27.41316,93.21684,2012-06-22,background,0,None (Background Reference),0,18.57,"{'selection_method': 'district_stratified_buffer_3km', 'min_distance_km': 18.57, 'temporal_anchor': 'empirical_monsoon_distribution'}"
BG-NER-0082,BACKGROUND_SAMPLE,STRATIFIED_BUFFER_SELECTION,India,Assam,25.6277,91.57159,2008-08-14,background,0,None (Background Reference),0,29.05,"{'selection_method': 'district_stratified_buffer_3km', 'min_distance_km': 29.05, 'temporal_anchor': 'empirical_monsoon_distribution'}"
BG-NER-0083,BACKGROUND_SAMPLE,STRATIFIED_BUFFER_SELECTION,India,Nagaland,26.42189,93.9949,2010-07-06,background,0,None (Background Reference),0,37.64,"{'selection_method': 'district_stratified_buffer_3km', 'min_distance_km': 37.64, 'temporal_anchor': 'empirical_monsoon_distribution'}"
BG-NER-0084,BACKGROUND_SAMPLE,STRATIFIED_BUFFER_SELECTION,India,Nagaland,26.59833,95.09775,2010-10-09,background,0,None (Background Reference),0,15.16,"{'selection_method': 'district_stratified_buffer_3km', 'min_distance_km': 15.16, 'temporal_anchor': 'empirical_monsoon_distribution'}"
BG-NER-0085,BACKGROUND_SAMPLE,STRATIFIED_BUFFER_SELECTION,India,Nagaland,26.98858,94.22134,2010-07-06,background,0,None (Background Reference),0,29.12,"{'selection_method': 'district_stratified_buffer_3km', 'min_distance_km': 29.12, 'temporal_anchor': 'empirical_monsoon_distribution'}"
BG-NER-0086,BACKGROUND_SAMPLE,STRATIFIED_BUFFER_SELECTION,India,Nagaland,25.24486,94.23985,2015-06-24,background,0,None (Background Reference),0,16.24,"{'selection_method': 'district_stratified_buffer_3km', 'min_distance_km': 16.24, 'temporal_anchor': 'empirical_monsoon_distribution'}"
BG-NER-0087,BACKGROUND_SAMPLE,STRATIFIED_BUFFER_SELECTION,India,Nagaland,25.33744,93.52365,2007-08-28,background,0,None (Background Reference),0,25.16,"{'selection_method': 'district_stratified_buffer_3km', 'min_distance_km': 25.16, 'temporal_anchor': 'empirical_monsoon_distribution'}"
BG-NER-0088,BACKGROUND_SAMPLE,STRATIFIED_BUFFER_SELECTION,India,Nagaland,26.98559,93.60823,2007-08-28,background,0,None (Background Reference),0,11.27,"{'selection_method': 'district_stratified_buffer_3km', 'min_distance_km': 11.27, 'temporal_anchor': 'empirical_monsoon_distribution'}"
BG-NER-0089,BACKGROUND_SAMPLE,STRATIFIED_BUFFER_SELECTION,India,Nagaland,25.39824,95.04026,2016-07-10,background,0,None (Background Reference),0,44.08,"{'selection_method': 'district_stratified_buffer_3km', 'min_distance_km': 44.08, 'temporal_anchor': 'empirical_monsoon_distribution'}"
BG-NER-0090,BACKGROUND_SAMPLE,STRATIFIED_BUFFER_SELECTION,India,Nagaland,26.53182,93.97399,2008-08-19,background,0,None (Background Reference),0,48.62,"{'selection_method': 'district_stratified_buffer_3km', 'min_distance_km': 48.62, 'temporal_anchor': 'empirical_monsoon_distribution'}"
BG-NER-0091,BACKGROUND_SAMPLE,STRATIFIED_BUFFER_SELECTION,India,Nagaland,26.8809,95.15459,2010-10-10,background,0,None (Background Reference),0,16.15,"{'selection_method': 'district_stratified_buffer_3km', 'min_distance_km': 16.15, 'temporal_anchor': 'empirical_monsoon_distribution'}"
BG-NER-0092,BACKGROUND_SAMPLE,STRATIFIED_BUFFER_SELECTION,India,Nagaland,26.97631,94.26101,2011-06-21,background,0,None (Background Reference),0,31.95,"{'selection_method': 'district_stratified_buffer_3km', 'min_distance_km': 31.95, 'temporal_anchor': 'empirical_monsoon_distribution'}"
BG-NER-0093,BACKGROUND_SAMPLE,STRATIFIED_BUFFER_SELECTION,India,Nagaland,25.99153,94.79232,2013-06-07,background,0,None (Background Reference),0,10.05,"{'selection_method': 'district_stratified_buffer_3km', 'min_distance_km': 10.05, 'temporal_anchor': 'empirical_monsoon_distribution'}"
BG-NER-0094,BACKGROUND_SAMPLE,STRATIFIED_BUFFER_SELECTION,India,Nagaland,25.56095,94.27838,2013-08-16,background,0,None (Background Reference),0,6.67,"{'selection_method': 'district_stratified_buffer_3km', 'min_distance_km': 6.67, 'temporal_anchor': 'empirical_monsoon_distribution'}"
BG-NER-0095,BACKGROUND_SAMPLE,STRATIFIED_BUFFER_SELECTION,India,Nagaland,25.22963,94.96375,2010-10-09,background,0,None (Background Reference),0,42.38,"{'selection_method': 'district_stratified_buffer_3km', 'min_distance_km': 42.38, 'temporal_anchor': 'empirical_monsoon_distribution'}"
BG-NER-0096,BACKGROUND_SAMPLE,STRATIFIED_BUFFER_SELECTION,India,Nagaland,25.28314,95.08174,2010-07-06,background,0,None (Background Reference),0,50.72,"{'selection_method': 'district_stratified_buffer_3km', 'min_distance_km': 50.72, 'temporal_anchor': 'empirical_monsoon_distribution'}"
BG-NER-0097,BACKGROUND_SAMPLE,STRATIFIED_BUFFER_SELECTION,India,Nagaland,26.99899,94.70088,2010-07-20,background,0,None (Background Reference),0,26.49,"{'selection_method': 'district_stratified_buffer_3km', 'min_distance_km': 26.49, 'temporal_anchor': 'empirical_monsoon_distribution'}"
BG-NER-0098,BACKGROUND_SAMPLE,STRATIFIED_BUFFER_SELECTION,India,Nagaland,26.26455,93.31944,2010-10-09,background,0,None (Background Reference),0,47.4,"{'selection_method': 'district_stratified_buffer_3km', 'min_distance_km': 47.4, 'temporal_anchor': 'empirical_monsoon_distribution'}"
BG-NER-0099,BACKGROUND_SAMPLE,STRATIFIED_BUFFER_SELECTION,India,Nagaland,25.39521,93.9289,2007-10-19,background,0,None (Background Reference),0,8.46,"{'selection_method': 'district_stratified_buffer_3km', 'min_distance_km': 8.46, 'temporal_anchor': 'empirical_monsoon_distribution'}"
BG-NER-0100,BACKGROUND_SAMPLE,STRATIFIED_BUFFER_SELECTION,India,Nagaland,26.56071,93.62439,2010-10-09,background,0,None (Background Reference),0,50.02,"{'selection_method': 'district_stratified_buffer_3km', 'min_distance_km': 50.02, 'temporal_anchor': 'empirical_monsoon_distribution'}"
BG-NER-0101,BACKGROUND_SAMPLE,STRATIFIED_BUFFER_SELECTION,India,Nagaland,26.79846,94.97137,2011-07-11,background,0,None (Background Reference),0,8.39,"{'selection_method': 'district_stratified_buffer_3km', 'min_distance_km': 8.39, 'temporal_anchor': 'empirical_monsoon_distribution'}"
BG-NER-0102,BACKGROUND_SAMPLE,STRATIFIED_BUFFER_SELECTION,India,Nagaland,26.97042,94.29198,2010-10-08,background,0,None (Background Reference),0,33.99,"{'selection_method': 'district_stratified_buffer_3km', 'min_distance_km': 33.99, 'temporal_anchor': 'empirical_monsoon_distribution'}"
BG-NER-0103,BACKGROUND_SAMPLE,STRATIFIED_BUFFER_SELECTION,India,Nagaland,26.59404,94.09264,2015-08-19,background,0,None (Background Reference),0,49.75,"{'selection_method': 'district_stratified_buffer_3km', 'min_distance_km': 49.75, 'temporal_anchor': 'empirical_monsoon_distribution'}"
BG-NER-0104,BACKGROUND_SAMPLE,STRATIFIED_BUFFER_SELECTION,India,Nagaland,26.83948,94.11834,2015-08-19,background,0,None (Background Reference),0,37.84,"{'selection_method': 'district_stratified_buffer_3km', 'min_distance_km': 37.84, 'temporal_anchor': 'empirical_monsoon_distribution'}"
BG-NER-0105,BACKGROUND_SAMPLE,STRATIFIED_BUFFER_SELECTION,India,Nagaland,26.54365,94.24434,2010-10-09,background,0,None (Background Reference),0,36.57,"{'selection_method': 'district_stratified_buffer_3km', 'min_distance_km': 36.57, 'temporal_anchor': 'empirical_monsoon_distribution'}"
BG-NER-0106,BACKGROUND_SAMPLE,STRATIFIED_BUFFER_SELECTION,India,Nagaland,25.42838,94.26923,2010-07-20,background,0,None (Background Reference),0,9.54,"{'selection_method': 'district_stratified_buffer_3km', 'min_distance_km': 9.54, 'temporal_anchor': 'empirical_monsoon_distribution'}"
BG-NER-0107,BACKGROUND_SAMPLE,STRATIFIED_BUFFER_SELECTION,India,Nagaland,26.47382,94.71072,2016-07-28,background,0,None (Background Reference),0,17.76,"{'selection_method': 'district_stratified_buffer_3km', 'min_distance_km': 17.76, 'temporal_anchor': 'empirical_monsoon_distribution'}"
BG-NER-0108,BACKGROUND_SAMPLE,STRATIFIED_BUFFER_SELECTION,India,Nagaland,25.21658,94.31338,2010-07-06,background,0,None (Background Reference),0,12.49,"{'selection_method': 'district_stratified_buffer_3km', 'min_distance_km': 12.49, 'temporal_anchor': 'empirical_monsoon_distribution'}"
BG-NER-0109,BACKGROUND_SAMPLE,STRATIFIED_BUFFER_SELECTION,India,Nagaland,25.54122,93.90823,2010-10-08,background,0,None (Background Reference),0,4.42,"{'selection_method': 'district_stratified_buffer_3km', 'min_distance_km': 4.42, 'temporal_anchor': 'empirical_monsoon_distribution'}"
BG-NER-0110,BACKGROUND_SAMPLE,STRATIFIED_BUFFER_SELECTION,India,Nagaland,25.9053,94.1721,2015-08-20,background,0,None (Background Reference),0,3.02,"{'selection_method': 'district_stratified_buffer_3km', 'min_distance_km': 3.02, 'temporal_anchor': 'empirical_monsoon_distribution'}"
BG-NER-0111,BACKGROUND_SAMPLE,STRATIFIED_BUFFER_SELECTION,India,Nagaland,25.29083,93.64773,2010-08-14,background,0,None (Background Reference),0,14.85,"{'selection_method': 'district_stratified_buffer_3km', 'min_distance_km': 14.85, 'temporal_anchor': 'empirical_monsoon_distribution'}"
BG-NER-0112,BACKGROUND_SAMPLE,STRATIFIED_BUFFER_SELECTION,India,Nagaland,26.12139,94.98172,2010-07-19,background,0,None (Background Reference),0,13.01,"{'selection_method': 'district_stratified_buffer_3km', 'min_distance_km': 13.01, 'temporal_anchor': 'empirical_monsoon_distribution'}"
BG-NER-0113,BACKGROUND_SAMPLE,STRATIFIED_BUFFER_SELECTION,India,Nagaland,26.74314,93.66702,2010-10-09,background,0,None (Background Reference),0,29.3,"{'selection_method': 'district_stratified_buffer_3km', 'min_distance_km': 29.3, 'temporal_anchor': 'empirical_monsoon_distribution'}"
BG-NER-0114,BACKGROUND_SAMPLE,STRATIFIED_BUFFER_SELECTION,India,Nagaland,26.1464,93.48528,2010-10-10,background,0,None (Background Reference),0,52.65,"{'selection_method': 'district_stratified_buffer_3km', 'min_distance_km': 52.65, 'temporal_anchor': 'empirical_monsoon_distribution'}"
BG-NER-0115,BACKGROUND_SAMPLE,STRATIFIED_BUFFER_SELECTION,India,Nagaland,25.35364,94.89882,2010-10-08,background,0,None (Background Reference),0,30.85,"{'selection_method': 'district_stratified_buffer_3km', 'min_distance_km': 30.85, 'temporal_anchor': 'empirical_monsoon_distribution'}"
BG-NER-0116,BACKGROUND_SAMPLE,STRATIFIED_BUFFER_SELECTION,India,Nagaland,25.88992,94.64251,2011-06-20,background,0,None (Background Reference),0,6.47,"{'selection_method': 'district_stratified_buffer_3km', 'min_distance_km': 6.47, 'temporal_anchor': 'empirical_monsoon_distribution'}"
BG-NER-0117,BACKGROUND_SAMPLE,STRATIFIED_BUFFER_SELECTION,India,Nagaland,26.13228,94.72054,2010-08-14,background,0,None (Background Reference),0,4.22,"{'selection_method': 'district_stratified_buffer_3km', 'min_distance_km': 4.22, 'temporal_anchor': 'empirical_monsoon_distribution'}"
BG-NER-0118,BACKGROUND_SAMPLE,STRATIFIED_BUFFER_SELECTION,India,Nagaland,26.05327,94.99662,2013-07-15,background,0,None (Background Reference),0,18.67,"{'selection_method': 'district_stratified_buffer_3km', 'min_distance_km': 18.67, 'temporal_anchor': 'empirical_monsoon_distribution'}"
BG-NER-0119,BACKGROUND_SAMPLE,STRATIFIED_BUFFER_SELECTION,India,Nagaland,26.66996,93.88893,2011-07-11,background,0,None (Background Reference),0,40.16,"{'selection_method': 'district_stratified_buffer_3km', 'min_distance_km': 40.16, 'temporal_anchor': 'empirical_monsoon_distribution'}"
BG-NER-0120,BACKGROUND_SAMPLE,STRATIFIED_BUFFER_SELECTION,India,Nagaland,25.91769,94.59652,2007-09-09,background,0,None (Background Reference),0,4.49,"{'selection_method': 'district_stratified_buffer_3km', 'min_distance_km': 4.49, 'temporal_anchor': 'empirical_monsoon_distribution'}"
BG-NER-0121,BACKGROUND_SAMPLE,STRATIFIED_BUFFER_SELECTION,India,Nagaland,26.48072,94.0632,2013-08-04,background,0,None (Background Reference),0,39.2,"{'selection_method': 'district_stratified_buffer_3km', 'min_distance_km': 39.2, 'temporal_anchor': 'empirical_monsoon_distribution'}"
BG-NER-0122,BACKGROUND_SAMPLE,STRATIFIED_BUFFER_SELECTION,India,Nagaland,26.03763,95.12531,2011-06-20,background,0,None (Background Reference),0,29.33,"{'selection_method': 'district_stratified_buffer_3km', 'min_distance_km': 29.33, 'temporal_anchor': 'empirical_monsoon_distribution'}"
BG-NER-0123,BACKGROUND_SAMPLE,STRATIFIED_BUFFER_SELECTION,India,Nagaland,26.83504,93.57939,2013-06-07,background,0,None (Background Reference),0,23.58,"{'selection_method': 'district_stratified_buffer_3km', 'min_distance_km': 23.58, 'temporal_anchor': 'empirical_monsoon_distribution'}"
BG-NER-0124,BACKGROUND_SAMPLE,STRATIFIED_BUFFER_SELECTION,India,Nagaland,26.53401,94.30464,2013-08-16,background,0,None (Background Reference),0,31.63,"{'selection_method': 'district_stratified_buffer_3km', 'min_distance_km': 31.63, 'temporal_anchor': 'empirical_monsoon_distribution'}"
BG-NER-0125,BACKGROUND_SAMPLE,STRATIFIED_BUFFER_SELECTION,India,Nagaland,26.1526,93.68272,2010-08-13,background,0,None (Background Reference),0,44.17,"{'selection_method': 'district_stratified_buffer_3km', 'min_distance_km': 44.17, 'temporal_anchor': 'empirical_monsoon_distribution'}"
BG-NER-0126,BACKGROUND_SAMPLE,STRATIFIED_BUFFER_SELECTION,India,Nagaland,26.60964,93.58425,2013-08-04,background,0,None (Background Reference),0,45.78,"{'selection_method': 'district_stratified_buffer_3km', 'min_distance_km': 45.78, 'temporal_anchor': 'empirical_monsoon_distribution'}"
BG-NER-0127,BACKGROUND_SAMPLE,STRATIFIED_BUFFER_SELECTION,India,Nagaland,26.51075,93.44643,2013-08-16,background,0,None (Background Reference),0,44.77,"{'selection_method': 'district_stratified_buffer_3km', 'min_distance_km': 44.77, 'temporal_anchor': 'empirical_monsoon_distribution'}"
BG-NER-0128,BACKGROUND_SAMPLE,STRATIFIED_BUFFER_SELECTION,India,Nagaland,25.24322,94.55471,2010-10-09,background,0,None (Background Reference),0,10.38,"{'selection_method': 'district_stratified_buffer_3km', 'min_distance_km': 10.38, 'temporal_anchor': 'empirical_monsoon_distribution'}"
BG-NER-0129,BACKGROUND_SAMPLE,STRATIFIED_BUFFER_SELECTION,India,Nagaland,25.72725,94.18863,2010-07-06,background,0,None (Background Reference),0,9.02,"{'selection_method': 'district_stratified_buffer_3km', 'min_distance_km': 9.02, 'temporal_anchor': 'empirical_monsoon_distribution'}"
BG-NER-0130,BACKGROUND_SAMPLE,STRATIFIED_BUFFER_SELECTION,India,Nagaland,26.12839,94.54953,2013-08-15,background,0,None (Background Reference),0,5.16,"{'selection_method': 'district_stratified_buffer_3km', 'min_distance_km': 5.16, 'temporal_anchor': 'empirical_monsoon_distribution'}"
BG-NER-0131,BACKGROUND_SAMPLE,STRATIFIED_BUFFER_SELECTION,India,Nagaland,25.50044,94.77639,2010-07-19,background,0,None (Background Reference),0,19.33,"{'selection_method': 'district_stratified_buffer_3km', 'min_distance_km': 19.33, 'temporal_anchor': 'empirical_monsoon_distribution'}"
BG-NER-0132,BACKGROUND_SAMPLE,STRATIFIED_BUFFER_SELECTION,India,Nagaland,26.8959,94.02332,2013-08-09,background,0,None (Background Reference),0,29.79,"{'selection_method': 'district_stratified_buffer_3km', 'min_distance_km': 29.79, 'temporal_anchor': 'empirical_monsoon_distribution'}"
BG-NER-0133,BACKGROUND_SAMPLE,STRATIFIED_BUFFER_SELECTION,India,Nagaland,26.77164,93.478,2013-06-07,background,0,None (Background Reference),0,35.53,"{'selection_method': 'district_stratified_buffer_3km', 'min_distance_km': 35.53, 'temporal_anchor': 'empirical_monsoon_distribution'}"
BG-NER-0134,BACKGROUND_SAMPLE,STRATIFIED_BUFFER_SELECTION,India,Nagaland,25.58197,94.01031,2010-08-17,background,0,None (Background Reference),0,9.38,"{'selection_method': 'district_stratified_buffer_3km', 'min_distance_km': 9.38, 'temporal_anchor': 'empirical_monsoon_distribution'}"
BG-NER-0135,BACKGROUND_SAMPLE,STRATIFIED_BUFFER_SELECTION,India,Nagaland,25.36831,94.88677,2010-07-06,background,0,None (Background Reference),0,29.28,"{'selection_method': 'district_stratified_buffer_3km', 'min_distance_km': 29.28, 'temporal_anchor': 'empirical_monsoon_distribution'}"
BG-NER-0136,BACKGROUND_SAMPLE,STRATIFIED_BUFFER_SELECTION,India,Nagaland,26.93232,93.57477,2015-08-19,background,0,None (Background Reference),0,16.94,"{'selection_method': 'district_stratified_buffer_3km', 'min_distance_km': 16.94, 'temporal_anchor': 'empirical_monsoon_distribution'}"
BG-NER-0137,BACKGROUND_SAMPLE,STRATIFIED_BUFFER_SELECTION,India,Nagaland,26.80528,93.98314,2008-08-07,background,0,None (Background Reference),0,33.43,"{'selection_method': 'district_stratified_buffer_3km', 'min_distance_km': 33.43, 'temporal_anchor': 'empirical_monsoon_distribution'}"
BG-NER-0138,BACKGROUND_SAMPLE,STRATIFIED_BUFFER_SELECTION,India,Nagaland,26.38282,93.35736,2007-08-28,background,0,None (Background Reference),0,41.67,"{'selection_method': 'district_stratified_buffer_3km', 'min_distance_km': 41.67, 'temporal_anchor': 'empirical_monsoon_distribution'}"
BG-NER-0139,BACKGROUND_SAMPLE,STRATIFIED_BUFFER_SELECTION,India,Nagaland,26.14585,94.19985,2015-06-24,background,0,None (Background Reference),0,5.05,"{'selection_method': 'district_stratified_buffer_3km', 'min_distance_km': 5.05, 'temporal_anchor': 'empirical_monsoon_distribution'}"
BG-NER-0140,BACKGROUND_SAMPLE,STRATIFIED_BUFFER_SELECTION,India,Nagaland,25.98153,93.87935,2010-10-08,background,0,None (Background Reference),0,24.48,"{'selection_method': 'district_stratified_buffer_3km', 'min_distance_km': 24.48, 'temporal_anchor': 'empirical_monsoon_distribution'}"
BG-NER-0141,BACKGROUND_SAMPLE,STRATIFIED_BUFFER_SELECTION,India,Nagaland,25.64757,95.06756,2011-07-29,background,0,None (Background Reference),0,37.64,"{'selection_method': 'district_stratified_buffer_3km', 'min_distance_km': 37.64, 'temporal_anchor': 'empirical_monsoon_distribution'}"
BG-NER-0142,BACKGROUND_SAMPLE,STRATIFIED_BUFFER_SELECTION,India,Nagaland,25.47748,94.73855,2016-06-14,background,0,None (Background Reference),0,14.82,"{'selection_method': 'district_stratified_buffer_3km', 'min_distance_km': 14.82, 'temporal_anchor': 'empirical_monsoon_distribution'}"
BG-NER-0143,BACKGROUND_SAMPLE,STRATIFIED_BUFFER_SELECTION,India,Nagaland,25.86522,94.43782,2011-08-18,background,0,None (Background Reference),0,9.1,"{'selection_method': 'district_stratified_buffer_3km', 'min_distance_km': 9.1, 'temporal_anchor': 'empirical_monsoon_distribution'}"
BG-NER-0144,BACKGROUND_SAMPLE,STRATIFIED_BUFFER_SELECTION,India,Nagaland,26.34938,94.59568,2013-08-04,background,0,None (Background Reference),0,4.77,"{'selection_method': 'district_stratified_buffer_3km', 'min_distance_km': 4.77, 'temporal_anchor': 'empirical_monsoon_distribution'}"
BG-NER-0145,BACKGROUND_SAMPLE,STRATIFIED_BUFFER_SELECTION,India,Nagaland,25.71036,94.87901,2010-07-06,background,0,None (Background Reference),0,20.14,"{'selection_method': 'district_stratified_buffer_3km', 'min_distance_km': 20.14, 'temporal_anchor': 'empirical_monsoon_distribution'}"
BG-NER-0146,BACKGROUND_SAMPLE,STRATIFIED_BUFFER_SELECTION,India,Nagaland,26.28948,93.71421,2008-08-19,background,0,None (Background Reference),0,54.57,"{'selection_method': 'district_stratified_buffer_3km', 'min_distance_km': 54.57, 'temporal_anchor': 'empirical_monsoon_distribution'}"
BG-NER-0147,BACKGROUND_SAMPLE,STRATIFIED_BUFFER_SELECTION,India,Nagaland,25.65713,94.05122,2010-06-15,background,0,None (Background Reference),0,5.04,"{'selection_method': 'district_stratified_buffer_3km', 'min_distance_km': 5.04, 'temporal_anchor': 'empirical_monsoon_distribution'}"
BG-NER-0148,BACKGROUND_SAMPLE,STRATIFIED_BUFFER_SELECTION,India,Nagaland,25.29852,94.5591,2013-07-12,background,0,None (Background Reference),0,7.79,"{'selection_method': 'district_stratified_buffer_3km', 'min_distance_km': 7.79, 'temporal_anchor': 'empirical_monsoon_distribution'}"
BG-NER-0149,BACKGROUND_SAMPLE,STRATIFIED_BUFFER_SELECTION,India,Nagaland,25.76966,94.66846,2013-08-16,background,0,None (Background Reference),0,7.23,"{'selection_method': 'district_stratified_buffer_3km', 'min_distance_km': 7.23, 'temporal_anchor': 'empirical_monsoon_distribution'}"
BG-NER-0150,BACKGROUND_SAMPLE,STRATIFIED_BUFFER_SELECTION,India,Nagaland,26.53224,93.70694,2016-04-19,background,0,None (Background Reference),0,52.17,"{'selection_method': 'district_stratified_buffer_3km', 'min_distance_km': 52.17, 'temporal_anchor': 'empirical_monsoon_distribution'}"
BG-NER-0151,BACKGROUND_SAMPLE,STRATIFIED_BUFFER_SELECTION,India,Nagaland,26.76519,95.02241,2013-08-04,background,0,None (Background Reference),0,4.77,"{'selection_method': 'district_stratified_buffer_3km', 'min_distance_km': 4.77, 'temporal_anchor': 'empirical_monsoon_distribution'}"
BG-NER-0152,BACKGROUND_SAMPLE,STRATIFIED_BUFFER_SELECTION,India,Nagaland,25.90972,93.34873,2013-08-04,background,0,None (Background Reference),0,44.19,"{'selection_method': 'district_stratified_buffer_3km', 'min_distance_km': 44.19, 'temporal_anchor': 'empirical_monsoon_distribution'}"
BG-NER-0153,BACKGROUND_SAMPLE,STRATIFIED_BUFFER_SELECTION,India,Nagaland,26.57,94.36935,2014-09-08,background,0,None (Background Reference),0,31.36,"{'selection_method': 'district_stratified_buffer_3km', 'min_distance_km': 31.36, 'temporal_anchor': 'empirical_monsoon_distribution'}"
BG-NER-0154,BACKGROUND_SAMPLE,STRATIFIED_BUFFER_SELECTION,India,Nagaland,26.22733,93.3117,2011-06-28,background,0,None (Background Reference),0,50.1,"{'selection_method': 'district_stratified_buffer_3km', 'min_distance_km': 50.1, 'temporal_anchor': 'empirical_monsoon_distribution'}"
BG-NER-0155,BACKGROUND_SAMPLE,STRATIFIED_BUFFER_SELECTION,India,Nagaland,26.01248,94.46519,2013-08-15,background,0,None (Background Reference),0,3.97,"{'selection_method': 'district_stratified_buffer_3km', 'min_distance_km': 3.97, 'temporal_anchor': 'empirical_monsoon_distribution'}"
BG-NER-0156,BACKGROUND_SAMPLE,STRATIFIED_BUFFER_SELECTION,India,Nagaland,25.72309,93.74089,2011-07-11,background,0,None (Background Reference),0,8.5,"{'selection_method': 'district_stratified_buffer_3km', 'min_distance_km': 8.5, 'temporal_anchor': 'empirical_monsoon_distribution'}"
BG-NER-0157,BACKGROUND_SAMPLE,STRATIFIED_BUFFER_SELECTION,India,Nagaland,25.79597,93.41247,2010-10-09,background,0,None (Background Reference),0,31.93,"{'selection_method': 'district_stratified_buffer_3km', 'min_distance_km': 31.93, 'temporal_anchor': 'empirical_monsoon_distribution'}"
BG-NER-0158,BACKGROUND_SAMPLE,STRATIFIED_BUFFER_SELECTION,India,Nagaland,26.78514,94.44406,2007-10-19,background,0,None (Background Reference),0,26.08,"{'selection_method': 'district_stratified_buffer_3km', 'min_distance_km': 26.08, 'temporal_anchor': 'empirical_monsoon_distribution'}"
BG-NER-0159,BACKGROUND_SAMPLE,STRATIFIED_BUFFER_SELECTION,India,Nagaland,25.33426,93.45889,2013-07-17,background,0,None (Background Reference),0,22.11,"{'selection_method': 'district_stratified_buffer_3km', 'min_distance_km': 22.11, 'temporal_anchor': 'empirical_monsoon_distribution'}"
BG-NER-0160,BACKGROUND_SAMPLE,STRATIFIED_BUFFER_SELECTION,India,Nagaland,25.425,93.57677,2007-10-19,background,0,None (Background Reference),0,23.72,"{'selection_method': 'district_stratified_buffer_3km', 'min_distance_km': 23.72, 'temporal_anchor': 'empirical_monsoon_distribution'}"
BG-NER-0161,BACKGROUND_SAMPLE,STRATIFIED_BUFFER_SELECTION,India,Manipur,25.29239,93.54276,2010-07-31,background,0,None (Background Reference),0,20.12,"{'selection_method': 'district_stratified_buffer_3km', 'min_distance_km': 20.12, 'temporal_anchor': 'empirical_monsoon_distribution'}"
BG-NER-0162,BACKGROUND_SAMPLE,STRATIFIED_BUFFER_SELECTION,India,Manipur,24.57904,94.26012,2015-08-01,background,0,None (Background Reference),0,18.34,"{'selection_method': 'district_stratified_buffer_3km', 'min_distance_km': 18.34, 'temporal_anchor': 'empirical_monsoon_distribution'}"
BG-NER-0163,BACKGROUND_SAMPLE,STRATIFIED_BUFFER_SELECTION,India,Manipur,24.69743,94.46197,2015-08-01,background,0,None (Background Reference),0,17.3,"{'selection_method': 'district_stratified_buffer_3km', 'min_distance_km': 17.3, 'temporal_anchor': 'empirical_monsoon_distribution'}"
BG-NER-0164,BACKGROUND_SAMPLE,STRATIFIED_BUFFER_SELECTION,India,Manipur,24.35187,93.35024,2007-08-31,background,0,None (Background Reference),0,23.36,"{'selection_method': 'district_stratified_buffer_3km', 'min_distance_km': 23.36, 'temporal_anchor': 'empirical_monsoon_distribution'}"
BG-NER-0165,BACKGROUND_SAMPLE,STRATIFIED_BUFFER_SELECTION,India,Manipur,25.23453,93.39511,2015-07-22,background,0,None (Background Reference),0,14.92,"{'selection_method': 'district_stratified_buffer_3km', 'min_distance_km': 14.92, 'temporal_anchor': 'empirical_monsoon_distribution'}"
BG-NER-0166,BACKGROUND_SAMPLE,STRATIFIED_BUFFER_SELECTION,India,Manipur,24.94267,94.73385,2015-08-01,background,0,None (Background Reference),0,26.25,"{'selection_method': 'district_stratified_buffer_3km', 'min_distance_km': 26.25, 'temporal_anchor': 'empirical_monsoon_distribution'}"
BG-NER-0167,BACKGROUND_SAMPLE,STRATIFIED_BUFFER_SELECTION,India,Manipur,23.97028,93.37354,2015-08-01,background,0,None (Background Reference),0,35.6,"{'selection_method': 'district_stratified_buffer_3km', 'min_distance_km': 35.6, 'temporal_anchor': 'empirical_monsoon_distribution'}"
BG-NER-0168,BACKGROUND_SAMPLE,STRATIFIED_BUFFER_SELECTION,India,Manipur,24.42871,93.23145,2010-06-07,background,0,None (Background Reference),0,17.31,"{'selection_method': 'district_stratified_buffer_3km', 'min_distance_km': 17.31, 'temporal_anchor': 'empirical_monsoon_distribution'}"
BG-NER-0169,BACKGROUND_SAMPLE,STRATIFIED_BUFFER_SELECTION,India,Manipur,25.5012,94.31666,2007-09-10,background,0,None (Background Reference),0,8.45,"{'selection_method': 'district_stratified_buffer_3km', 'min_distance_km': 8.45, 'temporal_anchor': 'empirical_monsoon_distribution'}"
BG-NER-0170,BACKGROUND_SAMPLE,STRATIFIED_BUFFER_SELECTION,India,Manipur,23.9809,94.51634,2015-07-24,background,0,None (Background Reference),0,38.98,"{'selection_method': 'district_stratified_buffer_3km', 'min_distance_km': 38.98, 'temporal_anchor': 'empirical_monsoon_distribution'}"
BG-NER-0171,BACKGROUND_SAMPLE,STRATIFIED_BUFFER_SELECTION,India,Manipur,24.88293,94.67324,2015-08-01,background,0,None (Background Reference),0,20.15,"{'selection_method': 'district_stratified_buffer_3km', 'min_distance_km': 20.15, 'temporal_anchor': 'empirical_monsoon_distribution'}"
BG-NER-0172,BACKGROUND_SAMPLE,STRATIFIED_BUFFER_SELECTION,India,Manipur,24.23867,93.24041,2015-07-31,background,0,None (Background Reference),0,13.94,"{'selection_method': 'district_stratified_buffer_3km', 'min_distance_km': 13.94, 'temporal_anchor': 'empirical_monsoon_distribution'}"
BG-NER-0173,BACKGROUND_SAMPLE,STRATIFIED_BUFFER_SELECTION,India,Manipur,24.59403,94.23123,2015-08-01,background,0,None (Background Reference),0,19.06,"{'selection_method': 'district_stratified_buffer_3km', 'min_distance_km': 19.06, 'temporal_anchor': 'empirical_monsoon_distribution'}"
BG-NER-0174,BACKGROUND_SAMPLE,STRATIFIED_BUFFER_SELECTION,India,Manipur,24.55117,93.72689,2010-07-29,background,0,None (Background Reference),0,24.33,"{'selection_method': 'district_stratified_buffer_3km', 'min_distance_km': 24.33, 'temporal_anchor': 'empirical_monsoon_distribution'}"
BG-NER-0175,BACKGROUND_SAMPLE,STRATIFIED_BUFFER_SELECTION,India,Manipur,25.07492,93.35093,2010-06-07,background,0,None (Background Reference),0,3.73,"{'selection_method': 'district_stratified_buffer_3km', 'min_distance_km': 3.73, 'temporal_anchor': 'empirical_monsoon_distribution'}"
BG-NER-0176,BACKGROUND_SAMPLE,STRATIFIED_BUFFER_SELECTION,India,Manipur,24.41767,94.48825,2015-08-01,background,0,None (Background Reference),0,16.4,"{'selection_method': 'district_stratified_buffer_3km', 'min_distance_km': 16.4, 'temporal_anchor': 'empirical_monsoon_distribution'}"
BG-NER-0177,BACKGROUND_SAMPLE,STRATIFIED_BUFFER_SELECTION,India,Manipur,25.37248,94.59278,2015-08-01,background,0,None (Background Reference),0,6.03,"{'selection_method': 'district_stratified_buffer_3km', 'min_distance_km': 6.03, 'temporal_anchor': 'empirical_monsoon_distribution'}"
BG-NER-0178,BACKGROUND_SAMPLE,STRATIFIED_BUFFER_SELECTION,India,Manipur,25.39574,93.41491,2010-08-19,background,0,None (Background Reference),0,14.05,"{'selection_method': 'district_stratified_buffer_3km', 'min_distance_km': 14.05, 'temporal_anchor': 'empirical_monsoon_distribution'}"
BG-NER-0179,BACKGROUND_SAMPLE,STRATIFIED_BUFFER_SELECTION,India,Manipur,24.55894,93.31983,2015-07-22,background,0,None (Background Reference),0,23.35,"{'selection_method': 'district_stratified_buffer_3km', 'min_distance_km': 23.35, 'temporal_anchor': 'empirical_monsoon_distribution'}"
BG-NER-0180,BACKGROUND_SAMPLE,STRATIFIED_BUFFER_SELECTION,India,Manipur,23.94287,94.72232,2007-08-31,background,0,None (Background Reference),0,59.05,"{'selection_method': 'district_stratified_buffer_3km', 'min_distance_km': 59.05, 'temporal_anchor': 'empirical_monsoon_distribution'}"
BG-NER-0181,BACKGROUND_SAMPLE,STRATIFIED_BUFFER_SELECTION,India,Manipur,23.82469,93.89387,2015-08-01,background,0,None (Background Reference),0,21.84,"{'selection_method': 'district_stratified_buffer_3km', 'min_distance_km': 21.84, 'temporal_anchor': 'empirical_monsoon_distribution'}"
BG-NER-0182,BACKGROUND_SAMPLE,STRATIFIED_BUFFER_SELECTION,India,Manipur,24.05178,94.07478,2015-08-11,background,0,None (Background Reference),0,6.68,"{'selection_method': 'district_stratified_buffer_3km', 'min_distance_km': 6.68, 'temporal_anchor': 'empirical_monsoon_distribution'}"
BG-NER-0183,BACKGROUND_SAMPLE,STRATIFIED_BUFFER_SELECTION,India,Manipur,25.12733,94.48502,2011-05-31,background,0,None (Background Reference),0,8.3,"{'selection_method': 'district_stratified_buffer_3km', 'min_distance_km': 8.3, 'temporal_anchor': 'empirical_monsoon_distribution'}"
BG-NER-0184,BACKGROUND_SAMPLE,STRATIFIED_BUFFER_SELECTION,India,Manipur,24.90743,93.62994,2015-08-01,background,0,None (Background Reference),0,9.51,"{'selection_method': 'district_stratified_buffer_3km', 'min_distance_km': 9.51, 'temporal_anchor': 'empirical_monsoon_distribution'}"
BG-NER-0185,BACKGROUND_SAMPLE,STRATIFIED_BUFFER_SELECTION,India,Manipur,24.00411,93.29487,2010-10-08,background,0,None (Background Reference),0,30.44,"{'selection_method': 'district_stratified_buffer_3km', 'min_distance_km': 30.44, 'temporal_anchor': 'empirical_monsoon_distribution'}"
BG-NER-0186,BACKGROUND_SAMPLE,STRATIFIED_BUFFER_SELECTION,India,Manipur,24.30635,94.60926,2015-08-01,background,0,None (Background Reference),0,27.47,"{'selection_method': 'district_stratified_buffer_3km', 'min_distance_km': 27.47, 'temporal_anchor': 'empirical_monsoon_distribution'}"
BG-NER-0187,BACKGROUND_SAMPLE,STRATIFIED_BUFFER_SELECTION,India,Manipur,24.38156,93.10306,2008-06-09,background,0,None (Background Reference),0,8.59,"{'selection_method': 'district_stratified_buffer_3km', 'min_distance_km': 8.59, 'temporal_anchor': 'empirical_monsoon_distribution'}"
BG-NER-0188,BACKGROUND_SAMPLE,STRATIFIED_BUFFER_SELECTION,India,Manipur,24.53084,93.18662,2016-07-25,background,0,None (Background Reference),0,25.67,"{'selection_method': 'district_stratified_buffer_3km', 'min_distance_km': 25.67, 'temporal_anchor': 'empirical_monsoon_distribution'}"
BG-NER-0189,BACKGROUND_SAMPLE,STRATIFIED_BUFFER_SELECTION,India,Manipur,24.61655,94.4363,2015-07-24,background,0,None (Background Reference),0,23.96,"{'selection_method': 'district_stratified_buffer_3km', 'min_distance_km': 23.96, 'temporal_anchor': 'empirical_monsoon_distribution'}"
BG-NER-0190,BACKGROUND_SAMPLE,STRATIFIED_BUFFER_SELECTION,India,Manipur,24.73809,94.79779,2015-08-01,background,0,None (Background Reference),0,37.75,"{'selection_method': 'district_stratified_buffer_3km', 'min_distance_km': 37.75, 'temporal_anchor': 'empirical_monsoon_distribution'}"
BG-NER-0191,BACKGROUND_SAMPLE,STRATIFIED_BUFFER_SELECTION,India,Manipur,24.20911,93.97905,2009-08-30,background,0,None (Background Reference),0,9.97,"{'selection_method': 'district_stratified_buffer_3km', 'min_distance_km': 9.97, 'temporal_anchor': 'empirical_monsoon_distribution'}"
BG-NER-0192,BACKGROUND_SAMPLE,STRATIFIED_BUFFER_SELECTION,India,Manipur,24.74188,94.06455,2015-07-22,background,0,None (Background Reference),0,12.63,"{'selection_method': 'district_stratified_buffer_3km', 'min_distance_km': 12.63, 'temporal_anchor': 'empirical_monsoon_distribution'}"
BG-NER-0193,BACKGROUND_SAMPLE,STRATIFIED_BUFFER_SELECTION,India,Manipur,24.83874,93.20748,2015-08-11,background,0,None (Background Reference),0,9.75,"{'selection_method': 'district_stratified_buffer_3km', 'min_distance_km': 9.75, 'temporal_anchor': 'empirical_monsoon_distribution'}"
BG-NER-0194,BACKGROUND_SAMPLE,STRATIFIED_BUFFER_SELECTION,India,Manipur,25.53294,94.66784,2015-07-22,background,0,None (Background Reference),0,13.58,"{'selection_method': 'district_stratified_buffer_3km', 'min_distance_km': 13.58, 'temporal_anchor': 'empirical_monsoon_distribution'}"
BG-NER-0195,BACKGROUND_SAMPLE,STRATIFIED_BUFFER_SELECTION,India,Manipur,24.91467,93.63452,2011-07-22,background,0,None (Background Reference),0,10.3,"{'selection_method': 'district_stratified_buffer_3km', 'min_distance_km': 10.3, 'temporal_anchor': 'empirical_monsoon_distribution'}"
BG-NER-0196,BACKGROUND_SAMPLE,STRATIFIED_BUFFER_SELECTION,India,Manipur,25.59477,94.76064,2010-06-07,background,0,None (Background Reference),0,19.68,"{'selection_method': 'district_stratified_buffer_3km', 'min_distance_km': 19.68, 'temporal_anchor': 'empirical_monsoon_distribution'}"
BG-NER-0197,BACKGROUND_SAMPLE,STRATIFIED_BUFFER_SELECTION,India,Manipur,24.33761,94.68424,2011-05-31,background,0,None (Background Reference),0,34.62,"{'selection_method': 'district_stratified_buffer_3km', 'min_distance_km': 34.62, 'temporal_anchor': 'empirical_monsoon_distribution'}"
BG-NER-0198,BACKGROUND_SAMPLE,STRATIFIED_BUFFER_SELECTION,India,Manipur,25.45649,93.30147,2015-07-22,background,0,None (Background Reference),0,8.65,"{'selection_method': 'district_stratified_buffer_3km', 'min_distance_km': 8.65, 'temporal_anchor': 'empirical_monsoon_distribution'}"
BG-NER-0199,BACKGROUND_SAMPLE,STRATIFIED_BUFFER_SELECTION,India,Manipur,25.65487,94.35633,2011-07-25,background,0,None (Background Reference),0,11.46,"{'selection_method': 'district_stratified_buffer_3km', 'min_distance_km': 11.46, 'temporal_anchor': 'empirical_monsoon_distribution'}"
BG-NER-0200,BACKGROUND_SAMPLE,STRATIFIED_BUFFER_SELECTION,India,Manipur,24.82623,93.20076,2015-08-01,background,0,None (Background Reference),0,8.69,"{'selection_method': 'district_stratified_buffer_3km', 'min_distance_km': 8.69, 'temporal_anchor': 'empirical_monsoon_distribution'}"
BG-NER-0201,BACKGROUND_SAMPLE,STRATIFIED_BUFFER_SELECTION,India,Manipur,25.17672,94.07133,2015-08-01,background,0,None (Background Reference),0,11.58,"{'selection_method': 'district_stratified_buffer_3km', 'min_distance_km': 11.58, 'temporal_anchor': 'empirical_monsoon_distribution'}"
BG-NER-0202,BACKGROUND_SAMPLE,STRATIFIED_BUFFER_SELECTION,India,Manipur,25.40974,94.38551,2012-06-10,background,0,None (Background Reference),0,14.75,"{'selection_method': 'district_stratified_buffer_3km', 'min_distance_km': 14.75, 'temporal_anchor': 'empirical_monsoon_distribution'}"
BG-NER-0203,BACKGROUND_SAMPLE,STRATIFIED_BUFFER_SELECTION,India,Manipur,23.97426,94.37185,2015-07-22,background,0,None (Background Reference),0,24.68,"{'selection_method': 'district_stratified_buffer_3km', 'min_distance_km': 24.68, 'temporal_anchor': 'empirical_monsoon_distribution'}"
BG-NER-0204,BACKGROUND_SAMPLE,STRATIFIED_BUFFER_SELECTION,India,Manipur,24.15868,93.62492,2007-09-08,background,0,None (Background Reference),0,40.08,"{'selection_method': 'district_stratified_buffer_3km', 'min_distance_km': 40.08, 'temporal_anchor': 'empirical_monsoon_distribution'}"
BG-NER-0205,BACKGROUND_SAMPLE,STRATIFIED_BUFFER_SELECTION,India,Manipur,24.76747,94.54592,2013-09-24,background,0,None (Background Reference),0,16.69,"{'selection_method': 'district_stratified_buffer_3km', 'min_distance_km': 16.69, 'temporal_anchor': 'empirical_monsoon_distribution'}"
BG-NER-0206,BACKGROUND_SAMPLE,STRATIFIED_BUFFER_SELECTION,India,Manipur,23.99399,93.79588,2015-08-01,background,0,None (Background Reference),0,18.89,"{'selection_method': 'district_stratified_buffer_3km', 'min_distance_km': 18.89, 'temporal_anchor': 'empirical_monsoon_distribution'}"
BG-NER-0207,BACKGROUND_SAMPLE,STRATIFIED_BUFFER_SELECTION,India,Manipur,25.42481,94.07507,2016-07-07,background,0,None (Background Reference),0,3.1,"{'selection_method': 'district_stratified_buffer_3km', 'min_distance_km': 3.1, 'temporal_anchor': 'empirical_monsoon_distribution'}"
BG-NER-0208,BACKGROUND_SAMPLE,STRATIFIED_BUFFER_SELECTION,India,Manipur,25.49875,93.64035,2015-07-24,background,0,None (Background Reference),0,22.98,"{'selection_method': 'district_stratified_buffer_3km', 'min_distance_km': 22.98, 'temporal_anchor': 'empirical_monsoon_distribution'}"
BG-NER-0209,BACKGROUND_SAMPLE,STRATIFIED_BUFFER_SELECTION,India,Manipur,24.24648,94.34794,2015-08-11,background,0,None (Background Reference),0,11.82,"{'selection_method': 'district_stratified_buffer_3km', 'min_distance_km': 11.82, 'temporal_anchor': 'empirical_monsoon_distribution'}"
BG-NER-0210,BACKGROUND_SAMPLE,STRATIFIED_BUFFER_SELECTION,India,Manipur,24.72027,94.75786,2015-08-01,background,0,None (Background Reference),0,35.5,"{'selection_method': 'district_stratified_buffer_3km', 'min_distance_km': 35.5, 'temporal_anchor': 'empirical_monsoon_distribution'}"
BG-NER-0211,BACKGROUND_SAMPLE,STRATIFIED_BUFFER_SELECTION,India,Manipur,25.08183,94.20933,2007-09-11,background,0,None (Background Reference),0,13.08,"{'selection_method': 'district_stratified_buffer_3km', 'min_distance_km': 13.08, 'temporal_anchor': 'empirical_monsoon_distribution'}"
BG-NER-0212,BACKGROUND_SAMPLE,STRATIFIED_BUFFER_SELECTION,India,Manipur,25.16096,94.71859,2011-07-22,background,0,None (Background Reference),0,27.47,"{'selection_method': 'district_stratified_buffer_3km', 'min_distance_km': 27.47, 'temporal_anchor': 'empirical_monsoon_distribution'}"
BG-NER-0213,BACKGROUND_SAMPLE,STRATIFIED_BUFFER_SELECTION,India,Manipur,25.00328,94.05735,2015-08-01,background,0,None (Background Reference),0,5.63,"{'selection_method': 'district_stratified_buffer_3km', 'min_distance_km': 5.63, 'temporal_anchor': 'empirical_monsoon_distribution'}"
BG-NER-0214,BACKGROUND_SAMPLE,STRATIFIED_BUFFER_SELECTION,India,Manipur,24.23851,93.9567,2011-06-28,background,0,None (Background Reference),0,11.42,"{'selection_method': 'district_stratified_buffer_3km', 'min_distance_km': 11.42, 'temporal_anchor': 'empirical_monsoon_distribution'}"
BG-NER-0215,BACKGROUND_SAMPLE,STRATIFIED_BUFFER_SELECTION,India,Manipur,23.91221,93.30292,2007-09-08,background,0,None (Background Reference),0,26.65,"{'selection_method': 'district_stratified_buffer_3km', 'min_distance_km': 26.65, 'temporal_anchor': 'empirical_monsoon_distribution'}"
BG-NER-0216,BACKGROUND_SAMPLE,STRATIFIED_BUFFER_SELECTION,India,Manipur,25.09012,93.05102,2011-07-06,background,0,None (Background Reference),0,7.61,"{'selection_method': 'district_stratified_buffer_3km', 'min_distance_km': 7.61, 'temporal_anchor': 'empirical_monsoon_distribution'}"
BG-NER-0217,BACKGROUND_SAMPLE,STRATIFIED_BUFFER_SELECTION,India,Arunachal Pradesh,26.91001,94.58912,2012-06-25,background,0,None (Background Reference),0,24.48,"{'selection_method': 'district_stratified_buffer_3km', 'min_distance_km': 24.48, 'temporal_anchor': 'empirical_monsoon_distribution'}"
BG-NER-0218,BACKGROUND_SAMPLE,STRATIFIED_BUFFER_SELECTION,India,Arunachal Pradesh,27.71904,92.14351,2016-05-01,background,0,None (Background Reference),0,23.01,"{'selection_method': 'district_stratified_buffer_3km', 'min_distance_km': 23.01, 'temporal_anchor': 'empirical_monsoon_distribution'}"
BG-NER-0219,BACKGROUND_SAMPLE,STRATIFIED_BUFFER_SELECTION,India,Arunachal Pradesh,28.23872,92.79468,2011-07-19,background,0,None (Background Reference),0,46.83,"{'selection_method': 'district_stratified_buffer_3km', 'min_distance_km': 46.83, 'temporal_anchor': 'empirical_monsoon_distribution'}"
BG-NER-0220,BACKGROUND_SAMPLE,STRATIFIED_BUFFER_SELECTION,India,Arunachal Pradesh,27.4538,94.46415,2012-09-19,background,0,None (Background Reference),0,42.18,"{'selection_method': 'district_stratified_buffer_3km', 'min_distance_km': 42.18, 'temporal_anchor': 'empirical_monsoon_distribution'}"
BG-NER-0221,BACKGROUND_SAMPLE,STRATIFIED_BUFFER_SELECTION,India,Arunachal Pradesh,28.46299,92.54715,2016-07-19,background,0,None (Background Reference),0,81.2,"{'selection_method': 'district_stratified_buffer_3km', 'min_distance_km': 81.2, 'temporal_anchor': 'empirical_monsoon_distribution'}"
BG-NER-0222,BACKGROUND_SAMPLE,STRATIFIED_BUFFER_SELECTION,India,Arunachal Pradesh,26.87614,95.37367,2014-10-01,background,0,None (Background Reference),0,18.45,"{'selection_method': 'district_stratified_buffer_3km', 'min_distance_km': 18.45, 'temporal_anchor': 'empirical_monsoon_distribution'}"
BG-NER-0223,BACKGROUND_SAMPLE,STRATIFIED_BUFFER_SELECTION,India,Arunachal Pradesh,27.32667,96.13483,2011-07-19,background,0,None (Background Reference),0,37.1,"{'selection_method': 'district_stratified_buffer_3km', 'min_distance_km': 37.1, 'temporal_anchor': 'empirical_monsoon_distribution'}"
BG-NER-0224,BACKGROUND_SAMPLE,STRATIFIED_BUFFER_SELECTION,India,Arunachal Pradesh,27.60996,95.28618,2010-04-21,background,0,None (Background Reference),0,26.9,"{'selection_method': 'district_stratified_buffer_3km', 'min_distance_km': 26.9, 'temporal_anchor': 'empirical_monsoon_distribution'}"
BG-NER-0225,BACKGROUND_SAMPLE,STRATIFIED_BUFFER_SELECTION,India,Arunachal Pradesh,27.56346,93.53299,2016-06-12,background,0,None (Background Reference),0,34.48,"{'selection_method': 'district_stratified_buffer_3km', 'min_distance_km': 34.48, 'temporal_anchor': 'empirical_monsoon_distribution'}"
BG-NER-0226,BACKGROUND_SAMPLE,STRATIFIED_BUFFER_SELECTION,India,Arunachal Pradesh,27.5673,96.03268,2010-11-22,background,0,None (Background Reference),0,39.3,"{'selection_method': 'district_stratified_buffer_3km', 'min_distance_km': 39.3, 'temporal_anchor': 'empirical_monsoon_distribution'}"
BG-NER-0227,BACKGROUND_SAMPLE,STRATIFIED_BUFFER_SELECTION,India,Arunachal Pradesh,27.05335,94.49228,2012-04-08,background,0,None (Background Reference),0,42.21,"{'selection_method': 'district_stratified_buffer_3km', 'min_distance_km': 42.21, 'temporal_anchor': 'empirical_monsoon_distribution'}"
BG-NER-0228,BACKGROUND_SAMPLE,STRATIFIED_BUFFER_SELECTION,India,Arunachal Pradesh,28.32355,91.96628,2012-06-25,background,0,None (Background Reference),0,83.2,"{'selection_method': 'district_stratified_buffer_3km', 'min_distance_km': 83.2, 'temporal_anchor': 'empirical_monsoon_distribution'}"
BG-NER-0229,BACKGROUND_SAMPLE,STRATIFIED_BUFFER_SELECTION,India,Arunachal Pradesh,28.13087,94.91745,2010-11-22,background,0,None (Background Reference),0,12.35,"{'selection_method': 'district_stratified_buffer_3km', 'min_distance_km': 12.35, 'temporal_anchor': 'empirical_monsoon_distribution'}"
BG-NER-0230,BACKGROUND_SAMPLE,STRATIFIED_BUFFER_SELECTION,India,Arunachal Pradesh,27.75683,93.76886,2015-07-15,background,0,None (Background Reference),0,16.1,"{'selection_method': 'district_stratified_buffer_3km', 'min_distance_km': 16.1, 'temporal_anchor': 'empirical_monsoon_distribution'}"
BG-NER-0231,BACKGROUND_SAMPLE,STRATIFIED_BUFFER_SELECTION,India,Arunachal Pradesh,28.11302,92.92092,2016-04-22,background,0,None (Background Reference),0,28.54,"{'selection_method': 'district_stratified_buffer_3km', 'min_distance_km': 28.54, 'temporal_anchor': 'empirical_monsoon_distribution'}"
BG-NER-0232,BACKGROUND_SAMPLE,STRATIFIED_BUFFER_SELECTION,India,Arunachal Pradesh,28.02493,95.56187,2010-04-21,background,0,None (Background Reference),0,34.33,"{'selection_method': 'district_stratified_buffer_3km', 'min_distance_km': 34.33, 'temporal_anchor': 'empirical_monsoon_distribution'}"
BG-NER-0233,BACKGROUND_SAMPLE,STRATIFIED_BUFFER_SELECTION,India,Arunachal Pradesh,28.17449,93.73844,2008-06-14,background,0,None (Background Reference),0,48.88,"{'selection_method': 'district_stratified_buffer_3km', 'min_distance_km': 48.88, 'temporal_anchor': 'empirical_monsoon_distribution'}"
BG-NER-0234,BACKGROUND_SAMPLE,STRATIFIED_BUFFER_SELECTION,India,Arunachal Pradesh,27.95592,92.94275,2016-08-05,background,0,None (Background Reference),0,13.37,"{'selection_method': 'district_stratified_buffer_3km', 'min_distance_km': 13.37, 'temporal_anchor': 'empirical_monsoon_distribution'}"
BG-NER-0235,BACKGROUND_SAMPLE,STRATIFIED_BUFFER_SELECTION,India,Arunachal Pradesh,28.05452,96.32095,2010-04-02,background,0,None (Background Reference),0,20.13,"{'selection_method': 'district_stratified_buffer_3km', 'min_distance_km': 20.13, 'temporal_anchor': 'empirical_monsoon_distribution'}"
BG-NER-0236,BACKGROUND_SAMPLE,STRATIFIED_BUFFER_SELECTION,India,Arunachal Pradesh,27.11955,94.41929,2012-09-19,background,0,None (Background Reference),0,32.5,"{'selection_method': 'district_stratified_buffer_3km', 'min_distance_km': 32.5, 'temporal_anchor': 'empirical_monsoon_distribution'}"
BG-NER-0237,BACKGROUND_SAMPLE,STRATIFIED_BUFFER_SELECTION,India,Arunachal Pradesh,28.26784,94.54146,2010-04-21,background,0,None (Background Reference),0,23.8,"{'selection_method': 'district_stratified_buffer_3km', 'min_distance_km': 23.8, 'temporal_anchor': 'empirical_monsoon_distribution'}"
BG-NER-0238,BACKGROUND_SAMPLE,STRATIFIED_BUFFER_SELECTION,India,Arunachal Pradesh,28.35297,95.0536,2010-10-03,background,0,None (Background Reference),0,15.93,"{'selection_method': 'district_stratified_buffer_3km', 'min_distance_km': 15.93, 'temporal_anchor': 'empirical_monsoon_distribution'}"
BG-NER-0239,BACKGROUND_SAMPLE,STRATIFIED_BUFFER_SELECTION,India,Arunachal Pradesh,27.9431,92.39027,2013-09-02,background,0,None (Background Reference),0,48.52,"{'selection_method': 'district_stratified_buffer_3km', 'min_distance_km': 48.52, 'temporal_anchor': 'empirical_monsoon_distribution'}"
BG-NER-0240,BACKGROUND_SAMPLE,STRATIFIED_BUFFER_SELECTION,India,Arunachal Pradesh,28.13928,93.50228,2013-02-18,background,0,None (Background Reference),0,30.56,"{'selection_method': 'district_stratified_buffer_3km', 'min_distance_km': 30.56, 'temporal_anchor': 'empirical_monsoon_distribution'}"
BG-NER-0241,BACKGROUND_SAMPLE,STRATIFIED_BUFFER_SELECTION,India,Arunachal Pradesh,27.03331,91.81562,2015-08-18,background,0,None (Background Reference),0,60.4,"{'selection_method': 'district_stratified_buffer_3km', 'min_distance_km': 60.4, 'temporal_anchor': 'empirical_monsoon_distribution'}"
BG-NER-0242,BACKGROUND_SAMPLE,STRATIFIED_BUFFER_SELECTION,India,Arunachal Pradesh,27.69651,96.12068,2012-04-08,background,0,None (Background Reference),0,22.94,"{'selection_method': 'district_stratified_buffer_3km', 'min_distance_km': 22.94, 'temporal_anchor': 'empirical_monsoon_distribution'}"
BG-NER-0243,BACKGROUND_SAMPLE,STRATIFIED_BUFFER_SELECTION,India,Arunachal Pradesh,27.34389,95.44768,2011-07-16,background,0,None (Background Reference),0,38.73,"{'selection_method': 'district_stratified_buffer_3km', 'min_distance_km': 38.73, 'temporal_anchor': 'empirical_monsoon_distribution'}"
BG-NER-0244,BACKGROUND_SAMPLE,STRATIFIED_BUFFER_SELECTION,India,Arunachal Pradesh,28.1632,96.13767,2011-03-22,background,0,None (Background Reference),0,29.13,"{'selection_method': 'district_stratified_buffer_3km', 'min_distance_km': 29.13, 'temporal_anchor': 'empirical_monsoon_distribution'}"
BG-NER-0245,BACKGROUND_SAMPLE,STRATIFIED_BUFFER_SELECTION,India,Arunachal Pradesh,27.55487,93.77388,2015-08-18,background,0,None (Background Reference),0,13.76,"{'selection_method': 'district_stratified_buffer_3km', 'min_distance_km': 13.76, 'temporal_anchor': 'empirical_monsoon_distribution'}"
BG-NER-0246,BACKGROUND_SAMPLE,STRATIFIED_BUFFER_SELECTION,India,Arunachal Pradesh,27.03286,96.10314,2016-07-28,background,0,None (Background Reference),0,33.77,"{'selection_method': 'district_stratified_buffer_3km', 'min_distance_km': 33.77, 'temporal_anchor': 'empirical_monsoon_distribution'}"
BG-NER-0247,BACKGROUND_SAMPLE,STRATIFIED_BUFFER_SELECTION,India,Arunachal Pradesh,28.34325,96.28773,2014-10-01,background,0,None (Background Reference),0,37.41,"{'selection_method': 'district_stratified_buffer_3km', 'min_distance_km': 37.41, 'temporal_anchor': 'empirical_monsoon_distribution'}"
BG-NER-0248,BACKGROUND_SAMPLE,STRATIFIED_BUFFER_SELECTION,India,Arunachal Pradesh,27.5989,94.90884,2010-09-09,background,0,None (Background Reference),0,41.52,"{'selection_method': 'district_stratified_buffer_3km', 'min_distance_km': 41.52, 'temporal_anchor': 'empirical_monsoon_distribution'}"
BG-NER-0249,BACKGROUND_SAMPLE,STRATIFIED_BUFFER_SELECTION,India,Arunachal Pradesh,27.61269,93.00873,2012-06-25,background,0,None (Background Reference),0,13.79,"{'selection_method': 'district_stratified_buffer_3km', 'min_distance_km': 13.79, 'temporal_anchor': 'empirical_monsoon_distribution'}"
BG-NER-0250,BACKGROUND_SAMPLE,STRATIFIED_BUFFER_SELECTION,India,Arunachal Pradesh,26.64745,92.75764,2016-07-19,background,0,None (Background Reference),0,25.48,"{'selection_method': 'district_stratified_buffer_3km', 'min_distance_km': 25.48, 'temporal_anchor': 'empirical_monsoon_distribution'}"
BG-NER-0251,BACKGROUND_SAMPLE,STRATIFIED_BUFFER_SELECTION,India,Arunachal Pradesh,28.36443,96.26154,2011-08-15,background,0,None (Background Reference),0,38.25,"{'selection_method': 'district_stratified_buffer_3km', 'min_distance_km': 38.25, 'temporal_anchor': 'empirical_monsoon_distribution'}"
BG-NER-0252,BACKGROUND_SAMPLE,STRATIFIED_BUFFER_SELECTION,India,Arunachal Pradesh,28.49959,95.56322,2011-08-05,background,0,None (Background Reference),0,25.66,"{'selection_method': 'district_stratified_buffer_3km', 'min_distance_km': 25.66, 'temporal_anchor': 'empirical_monsoon_distribution'}"
BG-NER-0253,BACKGROUND_SAMPLE,STRATIFIED_BUFFER_SELECTION,India,Arunachal Pradesh,28.07603,94.35923,2016-08-05,background,0,None (Background Reference),0,24.53,"{'selection_method': 'district_stratified_buffer_3km', 'min_distance_km': 24.53, 'temporal_anchor': 'empirical_monsoon_distribution'}"
BG-NER-0254,BACKGROUND_SAMPLE,STRATIFIED_BUFFER_SELECTION,India,Arunachal Pradesh,26.61756,93.3279,2015-08-16,background,0,None (Background Reference),0,32.44,"{'selection_method': 'district_stratified_buffer_3km', 'min_distance_km': 32.44, 'temporal_anchor': 'empirical_monsoon_distribution'}"
BG-NER-0255,BACKGROUND_SAMPLE,STRATIFIED_BUFFER_SELECTION,India,Arunachal Pradesh,27.31209,91.90744,2016-07-19,background,0,None (Background Reference),0,29.52,"{'selection_method': 'district_stratified_buffer_3km', 'min_distance_km': 29.52, 'temporal_anchor': 'empirical_monsoon_distribution'}"
BG-NER-0256,BACKGROUND_SAMPLE,STRATIFIED_BUFFER_SELECTION,India,Arunachal Pradesh,27.1004,93.97177,2014-05-08,background,0,None (Background Reference),0,7.5,"{'selection_method': 'district_stratified_buffer_3km', 'min_distance_km': 7.5, 'temporal_anchor': 'empirical_monsoon_distribution'}"
BG-NER-0257,BACKGROUND_SAMPLE,STRATIFIED_BUFFER_SELECTION,India,Meghalaya,25.87412,91.64886,2012-06-13,background,0,None (Background Reference),0,23.53,"{'selection_method': 'district_stratified_buffer_3km', 'min_distance_km': 23.53, 'temporal_anchor': 'empirical_monsoon_distribution'}"
BG-NER-0258,BACKGROUND_SAMPLE,STRATIFIED_BUFFER_SELECTION,India,Meghalaya,25.8966,92.3744,2015-08-19,background,0,None (Background Reference),0,48.81,"{'selection_method': 'district_stratified_buffer_3km', 'min_distance_km': 48.81, 'temporal_anchor': 'empirical_monsoon_distribution'}"
BG-NER-0259,BACKGROUND_SAMPLE,STRATIFIED_BUFFER_SELECTION,India,Meghalaya,25.53984,91.70007,2007-08-26,background,0,None (Background Reference),0,15.23,"{'selection_method': 'district_stratified_buffer_3km', 'min_distance_km': 15.23, 'temporal_anchor': 'empirical_monsoon_distribution'}"
BG-NER-0260,BACKGROUND_SAMPLE,STRATIFIED_BUFFER_SELECTION,India,Meghalaya,25.17981,91.70494,2010-04-21,background,0,None (Background Reference),0,28.38,"{'selection_method': 'district_stratified_buffer_3km', 'min_distance_km': 28.38, 'temporal_anchor': 'empirical_monsoon_distribution'}"
BG-NER-0261,BACKGROUND_SAMPLE,STRATIFIED_BUFFER_SELECTION,India,Meghalaya,25.84994,92.3521,2016-07-19,background,0,None (Background Reference),0,43.37,"{'selection_method': 'district_stratified_buffer_3km', 'min_distance_km': 43.37, 'temporal_anchor': 'empirical_monsoon_distribution'}"
BG-NER-0262,BACKGROUND_SAMPLE,STRATIFIED_BUFFER_SELECTION,India,Meghalaya,25.63681,92.02824,2011-08-16,background,0,None (Background Reference),0,10.78,"{'selection_method': 'district_stratified_buffer_3km', 'min_distance_km': 10.78, 'temporal_anchor': 'empirical_monsoon_distribution'}"
BG-NER-0263,BACKGROUND_SAMPLE,STRATIFIED_BUFFER_SELECTION,India,Meghalaya,25.80934,91.07342,2007-07-27,background,0,None (Background Reference),0,15.1,"{'selection_method': 'district_stratified_buffer_3km', 'min_distance_km': 15.1, 'temporal_anchor': 'empirical_monsoon_distribution'}"
BG-NER-0264,BACKGROUND_SAMPLE,STRATIFIED_BUFFER_SELECTION,India,Meghalaya,26.04972,91.30955,2010-06-09,background,0,None (Background Reference),0,11.46,"{'selection_method': 'district_stratified_buffer_3km', 'min_distance_km': 11.46, 'temporal_anchor': 'empirical_monsoon_distribution'}"
BG-NER-0265,BACKGROUND_SAMPLE,STRATIFIED_BUFFER_SELECTION,India,Meghalaya,25.39851,90.70149,2007-07-27,background,0,None (Background Reference),0,24.78,"{'selection_method': 'district_stratified_buffer_3km', 'min_distance_km': 24.78, 'temporal_anchor': 'empirical_monsoon_distribution'}"
BG-NER-0266,BACKGROUND_SAMPLE,STRATIFIED_BUFFER_SELECTION,India,Meghalaya,25.67788,91.44972,2007-08-26,background,0,None (Background Reference),0,25.16,"{'selection_method': 'district_stratified_buffer_3km', 'min_distance_km': 25.16, 'temporal_anchor': 'empirical_monsoon_distribution'}"
BG-NER-0267,BACKGROUND_SAMPLE,STRATIFIED_BUFFER_SELECTION,India,Meghalaya,26.08076,90.04399,2007-07-27,background,0,None (Background Reference),0,42.12,"{'selection_method': 'district_stratified_buffer_3km', 'min_distance_km': 42.12, 'temporal_anchor': 'empirical_monsoon_distribution'}"
BG-NER-0268,BACKGROUND_SAMPLE,STRATIFIED_BUFFER_SELECTION,India,Meghalaya,25.13179,91.4152,2010-04-21,background,0,None (Background Reference),0,42.6,"{'selection_method': 'district_stratified_buffer_3km', 'min_distance_km': 42.6, 'temporal_anchor': 'empirical_monsoon_distribution'}"
BG-NER-0269,BACKGROUND_SAMPLE,STRATIFIED_BUFFER_SELECTION,India,Meghalaya,25.88547,91.85801,2007-09-11,background,0,None (Background Reference),0,9.42,"{'selection_method': 'district_stratified_buffer_3km', 'min_distance_km': 9.42, 'temporal_anchor': 'empirical_monsoon_distribution'}"
BG-NER-0270,BACKGROUND_SAMPLE,STRATIFIED_BUFFER_SELECTION,India,Meghalaya,25.19749,92.41935,2015-06-16,background,0,None (Background Reference),0,7.33,"{'selection_method': 'district_stratified_buffer_3km', 'min_distance_km': 7.33, 'temporal_anchor': 'empirical_monsoon_distribution'}"
BG-NER-0271,BACKGROUND_SAMPLE,STRATIFIED_BUFFER_SELECTION,India,Meghalaya,25.74983,92.63691,2015-08-19,background,0,None (Background Reference),0,43.5,"{'selection_method': 'district_stratified_buffer_3km', 'min_distance_km': 43.5, 'temporal_anchor': 'empirical_monsoon_distribution'}"
BG-NER-0272,BACKGROUND_SAMPLE,STRATIFIED_BUFFER_SELECTION,India,Meghalaya,25.85464,92.25443,2014-09-24,background,0,None (Background Reference),0,38.34,"{'selection_method': 'district_stratified_buffer_3km', 'min_distance_km': 38.34, 'temporal_anchor': 'empirical_monsoon_distribution'}"
BG-NER-0273,BACKGROUND_SAMPLE,STRATIFIED_BUFFER_SELECTION,India,Meghalaya,26.06103,92.0141,2015-09-06,background,0,None (Background Reference),0,14.12,"{'selection_method': 'district_stratified_buffer_3km', 'min_distance_km': 14.12, 'temporal_anchor': 'empirical_monsoon_distribution'}"
BG-NER-0274,BACKGROUND_SAMPLE,STRATIFIED_BUFFER_SELECTION,India,Meghalaya,25.62696,91.46393,2015-09-23,background,0,None (Background Reference),0,22.8,"{'selection_method': 'district_stratified_buffer_3km', 'min_distance_km': 22.8, 'temporal_anchor': 'empirical_monsoon_distribution'}"
BG-NER-0275,BACKGROUND_SAMPLE,STRATIFIED_BUFFER_SELECTION,India,Meghalaya,25.73995,91.7491,2015-09-05,background,0,None (Background Reference),0,21.59,"{'selection_method': 'district_stratified_buffer_3km', 'min_distance_km': 21.59, 'temporal_anchor': 'empirical_monsoon_distribution'}"
BG-NER-0276,BACKGROUND_SAMPLE,STRATIFIED_BUFFER_SELECTION,India,Meghalaya,25.24926,91.16693,2010-06-09,background,0,None (Background Reference),0,28.86,"{'selection_method': 'district_stratified_buffer_3km', 'min_distance_km': 28.86, 'temporal_anchor': 'empirical_monsoon_distribution'}"
BG-NER-0277,BACKGROUND_SAMPLE,STRATIFIED_BUFFER_SELECTION,India,Meghalaya,26.09067,90.74435,2007-07-26,background,0,None (Background Reference),0,35.02,"{'selection_method': 'district_stratified_buffer_3km', 'min_distance_km': 35.02, 'temporal_anchor': 'empirical_monsoon_distribution'}"
BG-NER-0278,BACKGROUND_SAMPLE,STRATIFIED_BUFFER_SELECTION,India,Meghalaya,25.47136,92.02662,2007-09-11,background,0,None (Background Reference),0,10.02,"{'selection_method': 'district_stratified_buffer_3km', 'min_distance_km': 10.02, 'temporal_anchor': 'empirical_monsoon_distribution'}"
BG-NER-0279,BACKGROUND_SAMPLE,STRATIFIED_BUFFER_SELECTION,India,Meghalaya,25.18874,91.74701,2010-05-11,background,0,None (Background Reference),0,25.12,"{'selection_method': 'district_stratified_buffer_3km', 'min_distance_km': 25.12, 'temporal_anchor': 'empirical_monsoon_distribution'}"
BG-NER-0280,BACKGROUND_SAMPLE,STRATIFIED_BUFFER_SELECTION,India,Meghalaya,25.92908,90.33198,2015-08-19,background,0,None (Background Reference),0,22.19,"{'selection_method': 'district_stratified_buffer_3km', 'min_distance_km': 22.19, 'temporal_anchor': 'empirical_monsoon_distribution'}"
BG-NER-0281,BACKGROUND_SAMPLE,STRATIFIED_BUFFER_SELECTION,India,Meghalaya,25.62174,92.41742,2014-09-21,background,0,None (Background Reference),0,27.13,"{'selection_method': 'district_stratified_buffer_3km', 'min_distance_km': 27.13, 'temporal_anchor': 'empirical_monsoon_distribution'}"
BG-NER-0282,BACKGROUND_SAMPLE,STRATIFIED_BUFFER_SELECTION,India,Meghalaya,25.33099,90.20636,2015-06-16,background,0,None (Background Reference),0,19.77,"{'selection_method': 'district_stratified_buffer_3km', 'min_distance_km': 19.77, 'temporal_anchor': 'empirical_monsoon_distribution'}"
BG-NER-0283,BACKGROUND_SAMPLE,STRATIFIED_BUFFER_SELECTION,India,Meghalaya,25.18488,92.1959,2014-09-23,background,0,None (Background Reference),0,19.02,"{'selection_method': 'district_stratified_buffer_3km', 'min_distance_km': 19.02, 'temporal_anchor': 'empirical_monsoon_distribution'}"
BG-NER-0284,BACKGROUND_SAMPLE,STRATIFIED_BUFFER_SELECTION,India,Meghalaya,25.98064,92.11229,2014-10-05,background,0,None (Background Reference),0,25.38,"{'selection_method': 'district_stratified_buffer_3km', 'min_distance_km': 25.38, 'temporal_anchor': 'empirical_monsoon_distribution'}"
BG-NER-0285,BACKGROUND_SAMPLE,STRATIFIED_BUFFER_SELECTION,India,Meghalaya,25.99403,92.59729,2015-06-13,background,0,None (Background Reference),0,65.48,"{'selection_method': 'district_stratified_buffer_3km', 'min_distance_km': 65.48, 'temporal_anchor': 'empirical_monsoon_distribution'}"
BG-NER-0286,BACKGROUND_SAMPLE,STRATIFIED_BUFFER_SELECTION,India,Mizoram,23.54387,93.34878,2010-09-13,background,0,None (Background Reference),0,3.04,"{'selection_method': 'district_stratified_buffer_3km', 'min_distance_km': 3.04, 'temporal_anchor': 'empirical_monsoon_distribution'}"
BG-NER-0287,BACKGROUND_SAMPLE,STRATIFIED_BUFFER_SELECTION,India,Mizoram,23.23692,92.56482,2009-10-05,background,0,None (Background Reference),0,26.41,"{'selection_method': 'district_stratified_buffer_3km', 'min_distance_km': 26.41, 'temporal_anchor': 'empirical_monsoon_distribution'}"
BG-NER-0288,BACKGROUND_SAMPLE,STRATIFIED_BUFFER_SELECTION,India,Mizoram,22.03176,92.94168,2015-08-28,background,0,None (Background Reference),0,49.8,"{'selection_method': 'district_stratified_buffer_3km', 'min_distance_km': 49.8, 'temporal_anchor': 'empirical_monsoon_distribution'}"
BG-NER-0289,BACKGROUND_SAMPLE,STRATIFIED_BUFFER_SELECTION,India,Mizoram,23.47425,92.83508,2015-08-26,background,0,None (Background Reference),0,3.68,"{'selection_method': 'district_stratified_buffer_3km', 'min_distance_km': 3.68, 'temporal_anchor': 'empirical_monsoon_distribution'}"
BG-NER-0290,BACKGROUND_SAMPLE,STRATIFIED_BUFFER_SELECTION,India,Mizoram,23.36467,93.11244,2010-09-13,background,0,None (Background Reference),0,4.48,"{'selection_method': 'district_stratified_buffer_3km', 'min_distance_km': 4.48, 'temporal_anchor': 'empirical_monsoon_distribution'}"
BG-NER-0291,BACKGROUND_SAMPLE,STRATIFIED_BUFFER_SELECTION,India,Mizoram,23.35916,93.14303,2015-09-14,background,0,None (Background Reference),0,7.17,"{'selection_method': 'district_stratified_buffer_3km', 'min_distance_km': 7.17, 'temporal_anchor': 'empirical_monsoon_distribution'}"
BG-NER-0292,BACKGROUND_SAMPLE,STRATIFIED_BUFFER_SELECTION,India,Mizoram,23.56249,93.07867,2015-08-27,background,0,None (Background Reference),0,15.52,"{'selection_method': 'district_stratified_buffer_3km', 'min_distance_km': 15.52, 'temporal_anchor': 'empirical_monsoon_distribution'}"
BG-NER-0293,BACKGROUND_SAMPLE,STRATIFIED_BUFFER_SELECTION,India,Mizoram,24.10814,92.90849,2010-08-06,background,0,None (Background Reference),0,22.09,"{'selection_method': 'district_stratified_buffer_3km', 'min_distance_km': 22.09, 'temporal_anchor': 'empirical_monsoon_distribution'}"
BG-NER-0294,BACKGROUND_SAMPLE,STRATIFIED_BUFFER_SELECTION,India,Mizoram,23.96309,93.20731,2010-09-13,background,0,None (Background Reference),0,20.6,"{'selection_method': 'district_stratified_buffer_3km', 'min_distance_km': 20.6, 'temporal_anchor': 'empirical_monsoon_distribution'}"
BG-NER-0295,BACKGROUND_SAMPLE,STRATIFIED_BUFFER_SELECTION,India,Mizoram,24.44767,92.32331,2015-08-26,background,0,None (Background Reference),0,17.4,"{'selection_method': 'district_stratified_buffer_3km', 'min_distance_km': 17.4, 'temporal_anchor': 'empirical_monsoon_distribution'}"
BG-NER-0296,BACKGROUND_SAMPLE,STRATIFIED_BUFFER_SELECTION,India,Mizoram,22.05923,92.84591,2015-09-14,background,0,None (Background Reference),0,48.31,"{'selection_method': 'district_stratified_buffer_3km', 'min_distance_km': 48.31, 'temporal_anchor': 'empirical_monsoon_distribution'}"
BG-NER-0297,BACKGROUND_SAMPLE,STRATIFIED_BUFFER_SELECTION,India,Mizoram,23.14138,92.54175,2010-09-13,background,0,None (Background Reference),0,34.75,"{'selection_method': 'district_stratified_buffer_3km', 'min_distance_km': 34.75, 'temporal_anchor': 'empirical_monsoon_distribution'}"
BG-NER-0298,BACKGROUND_SAMPLE,STRATIFIED_BUFFER_SELECTION,India,Mizoram,23.83137,92.72469,2015-08-27,background,0,None (Background Reference),0,8.76,"{'selection_method': 'district_stratified_buffer_3km', 'min_distance_km': 8.76, 'temporal_anchor': 'empirical_monsoon_distribution'}"
BG-NER-0299,BACKGROUND_SAMPLE,STRATIFIED_BUFFER_SELECTION,India,Mizoram,23.96665,92.5715,2012-11-11,background,0,None (Background Reference),0,13.24,"{'selection_method': 'district_stratified_buffer_3km', 'min_distance_km': 13.24, 'temporal_anchor': 'empirical_monsoon_distribution'}"
BG-NER-0300,BACKGROUND_SAMPLE,STRATIFIED_BUFFER_SELECTION,India,Mizoram,23.91861,93.0647,2010-09-13,background,0,None (Background Reference),0,8.33,"{'selection_method': 'district_stratified_buffer_3km', 'min_distance_km': 8.33, 'temporal_anchor': 'empirical_monsoon_distribution'}"
BG-NER-0301,BACKGROUND_SAMPLE,STRATIFIED_BUFFER_SELECTION,India,Mizoram,23.94052,92.72827,2007-09-29,background,0,None (Background Reference),0,12.63,"{'selection_method': 'district_stratified_buffer_3km', 'min_distance_km': 12.63, 'temporal_anchor': 'empirical_monsoon_distribution'}"
BG-NER-0302,BACKGROUND_SAMPLE,STRATIFIED_BUFFER_SELECTION,India,Mizoram,23.02975,93.11475,2010-09-13,background,0,None (Background Reference),0,35.17,"{'selection_method': 'district_stratified_buffer_3km', 'min_distance_km': 35.17, 'temporal_anchor': 'empirical_monsoon_distribution'}"
BG-NER-0303,BACKGROUND_SAMPLE,STRATIFIED_BUFFER_SELECTION,India,Mizoram,24.10046,93.29246,2010-09-13,background,0,None (Background Reference),0,28.56,"{'selection_method': 'district_stratified_buffer_3km', 'min_distance_km': 28.56, 'temporal_anchor': 'empirical_monsoon_distribution'}"
BG-NER-0304,BACKGROUND_SAMPLE,STRATIFIED_BUFFER_SELECTION,India,Mizoram,22.71442,93.22186,2015-08-27,background,0,None (Background Reference),0,37.01,"{'selection_method': 'district_stratified_buffer_3km', 'min_distance_km': 37.01, 'temporal_anchor': 'empirical_monsoon_distribution'}"
BG-NER-0305,BACKGROUND_SAMPLE,STRATIFIED_BUFFER_SELECTION,India,Mizoram,24.49611,92.60757,2010-09-16,background,0,None (Background Reference),0,10.4,"{'selection_method': 'district_stratified_buffer_3km', 'min_distance_km': 10.4, 'temporal_anchor': 'empirical_monsoon_distribution'}"
BG-NER-0306,BACKGROUND_SAMPLE,STRATIFIED_BUFFER_SELECTION,India,Mizoram,22.27045,93.15545,2007-07-30,background,0,None (Background Reference),0,30.22,"{'selection_method': 'district_stratified_buffer_3km', 'min_distance_km': 30.22, 'temporal_anchor': 'empirical_monsoon_distribution'}"
BG-NER-0307,BACKGROUND_SAMPLE,STRATIFIED_BUFFER_SELECTION,India,Mizoram,23.99007,92.58573,2012-11-11,background,0,None (Background Reference),0,10.53,"{'selection_method': 'district_stratified_buffer_3km', 'min_distance_km': 10.53, 'temporal_anchor': 'empirical_monsoon_distribution'}"
BG-NER-0308,BACKGROUND_SAMPLE,STRATIFIED_BUFFER_SELECTION,India,Mizoram,22.5148,93.10142,2015-08-28,background,0,None (Background Reference),0,14.37,"{'selection_method': 'district_stratified_buffer_3km', 'min_distance_km': 14.37, 'temporal_anchor': 'empirical_monsoon_distribution'}"
BG-NER-0309,BACKGROUND_SAMPLE,STRATIFIED_BUFFER_SELECTION,India,Mizoram,22.37967,93.13296,2010-09-16,background,0,None (Background Reference),0,20.32,"{'selection_method': 'district_stratified_buffer_3km', 'min_distance_km': 20.32, 'temporal_anchor': 'empirical_monsoon_distribution'}"
BG-NER-0310,BACKGROUND_SAMPLE,STRATIFIED_BUFFER_SELECTION,India,Mizoram,23.43443,92.68387,2010-09-13,background,0,None (Background Reference),0,13.1,"{'selection_method': 'district_stratified_buffer_3km', 'min_distance_km': 13.1, 'temporal_anchor': 'empirical_monsoon_distribution'}"
BG-NER-0311,BACKGROUND_SAMPLE,STRATIFIED_BUFFER_SELECTION,India,Mizoram,23.61366,93.27547,2016-07-28,background,0,None (Background Reference),0,13.32,"{'selection_method': 'district_stratified_buffer_3km', 'min_distance_km': 13.32, 'temporal_anchor': 'empirical_monsoon_distribution'}"
BG-NER-0312,BACKGROUND_SAMPLE,STRATIFIED_BUFFER_SELECTION,India,Mizoram,24.37278,92.79706,2010-09-16,background,0,None (Background Reference),0,17.9,"{'selection_method': 'district_stratified_buffer_3km', 'min_distance_km': 17.9, 'temporal_anchor': 'empirical_monsoon_distribution'}"
BG-NER-0313,BACKGROUND_SAMPLE,STRATIFIED_BUFFER_SELECTION,India,Tripura,23.59983,91.36588,2010-06-03,background,0,None (Background Reference),0,52.08,"{'selection_method': 'district_stratified_buffer_3km', 'min_distance_km': 52.08, 'temporal_anchor': 'empirical_monsoon_distribution'}"
BG-NER-0314,BACKGROUND_SAMPLE,STRATIFIED_BUFFER_SELECTION,India,Tripura,23.09163,92.20519,2014-08-14,background,0,None (Background Reference),0,50.65,"{'selection_method': 'district_stratified_buffer_3km', 'min_distance_km': 50.65, 'temporal_anchor': 'empirical_monsoon_distribution'}"
BG-NER-0315,BACKGROUND_SAMPLE,STRATIFIED_BUFFER_SELECTION,India,Tripura,23.01097,91.94279,2010-06-03,background,0,None (Background Reference),0,23.07,"{'selection_method': 'district_stratified_buffer_3km', 'min_distance_km': 23.07, 'temporal_anchor': 'empirical_monsoon_distribution'}"
