event_id,sample_type,latitude,longitude,elevation_m,slope_deg,aspect_deg,dem_source
GLC-REAL-2164,observed_landslide,25.30986,94.48215,1551.0,30.34,250.02,NASA_USGS_SRTM_30m
GLC-REAL-5122,observed_landslide,25.7658,93.9413,807.0,41.26,308.83,NASA_USGS_SRTM_30m
GLC-REAL-5123,observed_landslide,25.7131,94.0885,1413.0,25.36,349.88,NASA_USGS_SRTM_30m
GLC-REAL-7370,observed_landslide,24.1419,94.1078,1173.0,33.06,309.81,NASA_USGS_SRTM_30m
GLC-REAL-5084,observed_landslide,25.616,94.1167,1591.0,26.27,191.69,NASA_USGS_SRTM_30m
GLC-REAL-2566,observed_landslide,25.4769,94.1351,1674.0,20.08,204.23,NASA_USGS_SRTM_30m
GLC-REAL-1109,observed_landslide,25.5215,93.1645,281.0,3.93,165.96,NASA_USGS_SRTM_30m
GLC-REAL-1961,observed_landslide,25.8833,91.2,255.0,25.92,210.96,NASA_USGS_SRTM_30m
GLC-REAL-2578,observed_landslide,25.3179,94.0462,1007.0,23.44,357.8,NASA_USGS_SRTM_30m
GLC-REAL-322,observed_landslide,24.75,93.4333,471.0,23.43,247.38,NASA_USGS_SRTM_30m
GLC-REAL-5552,observed_landslide,25.0985,94.3619,1898.0,8.98,71.57,NASA_USGS_SRTM_30m
GLC-REAL-2025,observed_landslide,25.5728,91.885,1504.0,8.98,71.57,NASA_USGS_SRTM_30m
GLC-REAL-9405,observed_landslide,26.7223,95.0243,696.0,17.01,119.36,NASA_USGS_SRTM_30m
GLC-REAL-5343,observed_landslide,24.7625,93.4341,666.0,34.91,229.84,NASA_USGS_SRTM_30m
GLC-REAL-6971,observed_landslide,27.0987,93.816,215.0,13.52,146.31,NASA_USGS_SRTM_30m
GLC-REAL-1611,observed_landslide,25.1553,93.028,577.0,21.61,104.62,NASA_USGS_SRTM_30m
GLC-REAL-147,observed_landslide,22.533,92.899,809.0,16.8,353.66,NASA_USGS_SRTM_30m
GLC-REAL-4382,observed_landslide,25.1175,92.8573,154.0,9.87,286.7,NASA_USGS_SRTM_30m
GLC-REAL-2424,observed_landslide,23.591,92.9296,803.0,17.22,323.75,NASA_USGS_SRTM_30m
GLC-REAL-5431,observed_landslide,24.9829,93.5063,1305.0,30.86,112.99,NASA_USGS_SRTM_30m
GLC-REAL-3672,observed_landslide,25.5125,93.3613,317.0,6.65,0.0,NASA_USGS_SRTM_30m
GLC-REAL-2253,observed_landslide,25.31006,94.48265,1544.0,31.05,221.63,NASA_USGS_SRTM_30m
GLC-REAL-1108,observed_landslide,24.9925,93.5,1223.0,11.39,155.56,NASA_USGS_SRTM_30m
GLC-REAL-9168,observed_landslide,27.6438,93.871,1707.0,28.18,354.64,NASA_USGS_SRTM_30m
GLC-REAL-3560,observed_landslide,24.8286,93.5935,732.0,37.98,286.11,NASA_USGS_SRTM_30m
GLC-REAL-587,observed_landslide,27.2298,94.0989,95.0,2.13,116.57,NASA_USGS_SRTM_30m
GLC-REAL-8012,observed_landslide,25.9703,91.8584,289.0,11.35,228.37,NASA_USGS_SRTM_30m
GLC-REAL-7335,observed_landslide,25.5145,90.2023,314.0,10.22,56.31,NASA_USGS_SRTM_30m
GLC-REAL-141,observed_landslide,25.38,91.88,1307.0,40.32,199.5,NASA_USGS_SRTM_30m
GLC-REAL-3983,observed_landslide,26.1548,91.7351,57.0,2.13,243.43,NASA_USGS_SRTM_30m
GLC-REAL-148,observed_landslide,22.479,92.967,446.0,17.78,207.9,NASA_USGS_SRTM_30m
GLC-REAL-1775,observed_landslide,27.8965,96.1779,209.0,6.38,26.57,NASA_USGS_SRTM_30m
GLC-REAL-3663,observed_landslide,25.6682,94.1099,1437.0,8.94,147.99,NASA_USGS_SRTM_30m
GLC-REAL-7385,observed_landslide,24.004,93.9815,1458.0,35.83,198.85,NASA_USGS_SRTM_30m
GLC-REAL-2575,observed_landslide,25.5242,92.9914,159.0,16.43,137.29,NASA_USGS_SRTM_30m
GLC-REAL-3840,observed_landslide,24.6869,93.9157,780.0,1.91,0.0,NASA_USGS_SRTM_30m
GLC-REAL-6015,observed_landslide,27.9032,96.174,208.0,0.95,270.0,NASA_USGS_SRTM_30m
GLC-REAL-3741,observed_landslide,25.4191,94.1079,1397.0,11.5,124.99,NASA_USGS_SRTM_30m
GLC-REAL-2106,observed_landslide,26.8716,94.9921,284.0,10.05,228.81,NASA_USGS_SRTM_30m
GLC-REAL-9051,observed_landslide,26.09748,91.87443,188.0,33.84,55.12,NASA_USGS_SRTM_30m
GLC-REAL-870,observed_landslide,27.4,92.35,2624.0,27.34,20.77,NASA_USGS_SRTM_30m
GLC-REAL-3830,observed_landslide,24.3527,94.3429,286.0,16.72,176.82,NASA_USGS_SRTM_30m
GLC-REAL-4906,observed_landslide,26.0977,94.7499,1553.0,3.44,56.31,NASA_USGS_SRTM_30m
GLC-REAL-3269,observed_landslide,28.0791,96.5242,556.0,25.51,257.91,NASA_USGS_SRTM_30m
GLC-REAL-6990,observed_landslide,26.0319,94.5466,1557.0,40.14,288.43,NASA_USGS_SRTM_30m
GLC-REAL-6222,observed_landslide,27.1249,93.7706,164.0,27.37,93.69,NASA_USGS_SRTM_30m
GLC-REAL-9169,observed_landslide,26.1677,94.2442,777.0,14.96,356.42,NASA_USGS_SRTM_30m
GLC-REAL-4435,observed_landslide,27.174,95.8011,296.0,0.95,0.0,NASA_USGS_SRTM_30m
GLC-REAL-4313,observed_landslide,28.4659,95.86,1063.0,27.91,114.15,NASA_USGS_SRTM_30m
GLC-REAL-2344,observed_landslide,24.7505,93.4221,787.0,10.76,37.87,NASA_USGS_SRTM_30m
GLC-REAL-7263,observed_landslide,25.4477,94.0489,1332.0,24.69,43.53,NASA_USGS_SRTM_30m
GLC-REAL-5271,observed_landslide,26.284,94.5808,726.0,25.85,93.95,NASA_USGS_SRTM_30m
GLC-REAL-4424,observed_landslide,26.149,91.7351,53.0,2.86,90.0,NASA_USGS_SRTM_30m
GLC-REAL-3525,observed_landslide,25.0672,93.4093,465.0,14.04,323.13,NASA_USGS_SRTM_30m
GLC-REAL-7369,observed_landslide,24.1988,94.1016,1392.0,22.37,21.37,NASA_USGS_SRTM_30m
GLC-REAL-4892,observed_landslide,27.8776,94.25,961.0,40.77,228.92,NASA_USGS_SRTM_30m
GLC-REAL-4377,observed_landslide,26.1475,91.7356,54.0,0.0,0.0,NASA_USGS_SRTM_30m
GLC-REAL-5430,observed_landslide,24.9037,93.487,1259.0,34.16,335.32,NASA_USGS_SRTM_30m
GLC-REAL-7264,observed_landslide,25.4538,93.9827,1778.0,24.59,10.49,NASA_USGS_SRTM_30m
GLC-REAL-5006,observed_landslide,26.1147,94.3864,355.0,5.79,350.54,NASA_USGS_SRTM_30m
GLC-REAL-9335,observed_landslide,24.5202,92.7239,43.0,0.95,90.0,NASA_USGS_SRTM_30m
GLC-REAL-7279,observed_landslide,24.9818,93.5142,1251.0,4.86,101.31,NASA_USGS_SRTM_30m
GLC-REAL-6288,observed_landslide,26.1985,91.7998,81.0,8.58,276.34,NASA_USGS_SRTM_30m
GLC-REAL-5087,observed_landslide,25.6269,94.1139,1572.0,14.27,121.61,NASA_USGS_SRTM_30m
GLC-REAL-258,observed_landslide,24.4279,94.0564,896.0,10.76,105.26,NASA_USGS_SRTM_30m
GLC-REAL-5338,observed_landslide,26.8727,94.9275,134.0,2.13,26.57,NASA_USGS_SRTM_30m
GLC-REAL-2411,observed_landslide,27.0011,93.7273,106.0,3.44,326.31,NASA_USGS_SRTM_30m
GLC-REAL-6143,observed_landslide,23.7327,92.7463,840.0,27.61,300.65,NASA_USGS_SRTM_30m
GLC-REAL-9124,observed_landslide,25.203,90.5573,146.0,17.75,308.66,NASA_USGS_SRTM_30m
GLC-REAL-2282,observed_landslide,26.1984,94.8158,1881.0,29.21,63.43,NASA_USGS_SRTM_30m
GLC-REAL-9338,observed_landslide,24.4638,92.4943,101.0,11.98,45.0,NASA_USGS_SRTM_30m
GLC-REAL-2421,observed_landslide,23.75407,92.74129,975.0,22.37,158.63,NASA_USGS_SRTM_30m
GLC-REAL-2249,observed_landslide,26.0814,94.803,950.0,36.04,110.1,NASA_USGS_SRTM_30m
GLC-REAL-8901,observed_landslide,25.7902,94.1318,1286.0,10.56,169.7,NASA_USGS_SRTM_30m
GLC-REAL-2283,observed_landslide,24.8961,93.4957,1069.0,32.95,162.03,NASA_USGS_SRTM_30m
GLC-REAL-6016,observed_landslide,24.8669,92.3576,23.0,0.95,180.0,NASA_USGS_SRTM_30m
GLC-REAL-215,observed_landslide,25.7428,93.9136,465.0,19.79,76.61,NASA_USGS_SRTM_30m
GLC-REAL-7780,observed_landslide,23.3572,92.7878,1379.0,9.32,293.96,NASA_USGS_SRTM_30m
GLC-REAL-2281,observed_landslide,25.6156,94.11603,1620.0,30.1,198.43,NASA_USGS_SRTM_30m
GLC-REAL-1996,observed_landslide,26.4333,94.8833,556.0,25.92,59.04,NASA_USGS_SRTM_30m
GLC-REAL-6283,observed_landslide,26.1314,91.7548,77.0,7.83,75.96,NASA_USGS_SRTM_30m
GLC-REAL-8930,observed_landslide,26.1699,94.4922,1167.0,37.48,47.64,NASA_USGS_SRTM_30m
GLC-REAL-869,observed_landslide,27.2333,94.1167,88.0,2.13,333.43,NASA_USGS_SRTM_30m
GLC-REAL-285,observed_landslide,24.1293,92.6921,829.0,13.07,158.96,NASA_USGS_SRTM_30m
GLC-REAL-3662,observed_landslide,25.03562,94.01442,869.0,24.17,211.33,NASA_USGS_SRTM_30m
GLC-REAL-5427,observed_landslide,25.3833,94.1884,1685.0,23.77,330.52,NASA_USGS_SRTM_30m
GLC-REAL-8339,observed_landslide,26.1666,91.7042,236.0,15.18,317.49,NASA_USGS_SRTM_30m
GLC-REAL-4905,observed_landslide,26.0977,94.7031,1710.0,31.05,48.37,NASA_USGS_SRTM_30m
GLC-REAL-9186,observed_landslide,25.48,94.1383,1705.0,17.66,222.88,NASA_USGS_SRTM_30m
GLC-REAL-5107,observed_landslide,25.6269,94.1139,1572.0,14.27,121.61,NASA_USGS_SRTM_30m
GLC-REAL-7253,observed_landslide,24.7979,92.9974,28.0,0.95,270.0,NASA_USGS_SRTM_30m
GLC-REAL-6286,observed_landslide,26.1044,91.7082,54.0,2.7,135.0,NASA_USGS_SRTM_30m
GLC-REAL-594,observed_landslide,24.9336,93.8275,1033.0,15.92,173.29,NASA_USGS_SRTM_30m
GLC-REAL-5337,observed_landslide,26.4205,94.9731,688.0,24.63,250.91,NASA_USGS_SRTM_30m
GLC-REAL-3881,observed_landslide,27.1034,93.6885,146.0,1.35,135.0,NASA_USGS_SRTM_30m
GLC-REAL-3925,observed_landslide,27.4888,93.0153,549.0,30.59,40.43,NASA_USGS_SRTM_30m
GLC-REAL-7383,observed_landslide,23.899,94.1434,266.0,12.23,247.38,NASA_USGS_SRTM_30m
GLC-REAL-8900,observed_landslide,25.0118,94.3136,1395.0,3.44,56.31,NASA_USGS_SRTM_30m
GLC-REAL-4757,observed_landslide,28.1193,95.1645,791.0,40.39,304.62,NASA_USGS_SRTM_30m
GLC-REAL-7666,observed_landslide,25.1019,93.3729,1144.0,4.04,315.0,NASA_USGS_SRTM_30m
GLC-REAL-2045,observed_landslide,26.2363,94.8133,1565.0,13.26,135.0,NASA_USGS_SRTM_30m
GLC-REAL-7701,observed_landslide,25.6278,94.1051,1527.0,15.5,147.26,NASA_USGS_SRTM_30m
GLC-REAL-2422,observed_landslide,23.74183,92.71419,934.0,17.01,29.36,NASA_USGS_SRTM_30m
GLC-REAL-6513,observed_landslide,23.0137,91.7174,29.0,2.13,26.57,NASA_USGS_SRTM_30m
GLC-REAL-2248,observed_landslide,26.222,94.9152,1757.0,29.21,63.43,NASA_USGS_SRTM_30m
GLC-REAL-5268,observed_landslide,26.0137,94.5163,1727.0,6.85,303.69,NASA_USGS_SRTM_30m
GLC-REAL-6106,observed_landslide,26.1407,91.7645,62.0,2.86,270.0,NASA_USGS_SRTM_30m
GLC-REAL-3965,observed_landslide,24.808,93.117,41.0,5.13,111.8,NASA_USGS_SRTM_30m
GLC-REAL-6969,observed_landslide,25.5114,90.215,307.0,7.42,50.19,NASA_USGS_SRTM_30m
GLC-REAL-2044,observed_landslide,25.8877,94.7861,1172.0,6.65,90.0,NASA_USGS_SRTM_30m
GLC-REAL-2587,observed_landslide,25.6623,94.1072,1387.0,10.56,169.7,NASA_USGS_SRTM_30m
GLC-REAL-8684,observed_landslide,25.9611,91.3681,182.0,5.13,291.8,NASA_USGS_SRTM_30m
GLC-REAL-1596,observed_landslide,24.7339,93.9161,883.0,13.82,241.7,NASA_USGS_SRTM_30m
GLC-REAL-1771,observed_landslide,26.1978,91.7665,88.0,17.57,180.0,NASA_USGS_SRTM_30m
GLC-REAL-7364,observed_landslide,24.819,94.3551,1610.0,28.73,340.46,NASA_USGS_SRTM_30m
GLC-REAL-6968,observed_landslide,25.463,92.2121,1384.0,2.13,26.57,NASA_USGS_SRTM_30m
GLC-REAL-7373,observed_landslide,24.9111,94.4759,1831.0,24.75,139.4,NASA_USGS_SRTM_30m
GLC-REAL-4570,observed_landslide,27.8458,95.2253,133.0,0.95,90.0,NASA_USGS_SRTM_30m
GLC-REAL-1935,observed_landslide,23.8986,91.7599,190.0,6.72,261.87,NASA_USGS_SRTM_30m
GLC-REAL-2577,observed_landslide,25.5265,93.8673,1373.0,24.48,23.75,NASA_USGS_SRTM_30m
GLC-REAL-7276,observed_landslide,26.1062,91.8717,248.0,8.74,12.53,NASA_USGS_SRTM_30m
GLC-REAL-2576,observed_landslide,25.4788,94.1399,1644.0,15.18,259.38,NASA_USGS_SRTM_30m
GLC-REAL-6293,observed_landslide,25.5006,90.0896,47.0,3.93,284.04,NASA_USGS_SRTM_30m
GLC-REAL-4858,observed_landslide,26.1662,91.7138,147.0,22.62,180.0,NASA_USGS_SRTM_30m
GLC-REAL-5269,observed_landslide,25.8376,94.5234,804.0,1.35,315.0,NASA_USGS_SRTM_30m
GLC-REAL-5270,observed_landslide,26.0481,94.4619,866.0,29.93,337.89,NASA_USGS_SRTM_30m
GLC-REAL-6284,observed_landslide,26.1324,91.8342,70.0,3.81,90.0,NASA_USGS_SRTM_30m
GLC-REAL-9251,observed_landslide,25.8702,94.7844,1148.0,3.44,146.31,NASA_USGS_SRTM_30m
GLC-REAL-7699,observed_landslide,26.0214,94.5224,1622.0,32.06,334.8,NASA_USGS_SRTM_30m
GLC-REAL-7664,observed_landslide,24.7459,93.4251,768.0,3.44,123.69,NASA_USGS_SRTM_30m
GLC-REAL-7589,observed_landslide,25.2568,92.3825,803.0,5.55,300.96,NASA_USGS_SRTM_30m
GLC-REAL-7887,observed_landslide,27.8835,96.9262,976.0,42.2,323.97,NASA_USGS_SRTM_30m
GLC-REAL-9404,observed_landslide,28.0822,96.5316,581.0,31.43,11.0,NASA_USGS_SRTM_30m
GLC-REAL-6287,observed_landslide,26.1295,91.7056,144.0,4.76,53.13,NASA_USGS_SRTM_30m
GLC-REAL-2304,observed_landslide,25.5718,94.1211,1625.0,7.65,119.74,NASA_USGS_SRTM_30m
GLC-REAL-5273,observed_landslide,26.1807,94.5497,1648.0,28.08,268.21,NASA_USGS_SRTM_30m
GLC-REAL-8995,observed_landslide,26.1963,91.8074,174.0,15.04,209.74,NASA_USGS_SRTM_30m
GLC-REAL-2567,observed_landslide,25.6633,94.4703,1452.0,7.65,352.87,NASA_USGS_SRTM_30m
GLC-REAL-6285,observed_landslide,26.159,91.8178,65.0,8.1,249.44,NASA_USGS_SRTM_30m
GLC-REAL-868,observed_landslide,26.3333,91.25,42.0,1.35,315.0,NASA_USGS_SRTM_30m
GLC-REAL-5005,observed_landslide,26.72,95.029,689.0,8.98,251.57,NASA_USGS_SRTM_30m
GLC-REAL-3860,observed_landslide,25.4192,94.108,1393.0,12.77,126.03,NASA_USGS_SRTM_30m
GLC-REAL-1127,observed_landslide,25.1718,93.123,721.0,11.35,355.24,NASA_USGS_SRTM_30m
GLC-REAL-5603,observed_landslide,25.426,94.6024,1339.0,12.05,51.34,NASA_USGS_SRTM_30m
GLC-REAL-2042,observed_landslide,26.0093,94.5238,1820.0,20.99,214.38,NASA_USGS_SRTM_30m
GLC-REAL-5442,observed_landslide,27.1614,93.7525,153.0,2.86,180.0,NASA_USGS_SRTM_30m
GLC-REAL-7933,observed_landslide,26.1868,91.6739,50.0,2.13,63.43,NASA_USGS_SRTM_30m
GLC-REAL-3637,observed_landslide,25.51615,94.23412,1648.0,19.19,343.3,NASA_USGS_SRTM_30m
GLC-REAL-3837,observed_landslide,26.5836,93.0038,72.0,1.91,90.0,NASA_USGS_SRTM_30m
GLC-REAL-220,observed_landslide,25.1333,93.9667,1012.0,2.13,296.57,NASA_USGS_SRTM_30m
GLC-REAL-212,observed_landslide,25.5576,91.8506,1685.0,5.55,120.96,NASA_USGS_SRTM_30m
GLC-REAL-7372,observed_landslide,25.0634,94.3415,1773.0,28.91,5.19,NASA_USGS_SRTM_30m
GLC-REAL-2570,observed_landslide,24.837,93.9128,798.0,18.43,306.87,NASA_USGS_SRTM_30m
GLC-REAL-3806,observed_landslide,27.1032,93.6884,147.0,3.02,108.43,NASA_USGS_SRTM_30m
GLC-REAL-2026,observed_landslide,25.4916,91.2698,1493.0,11.9,251.57,NASA_USGS_SRTM_30m
GLC-REAL-714,observed_landslide,27.163,94.0,94.0,0.95,90.0,NASA_USGS_SRTM_30m
GLC-REAL-6110,observed_landslide,26.1619,91.7697,56.0,1.91,270.0,NASA_USGS_SRTM_30m
GLC-REAL-247,observed_landslide,25.0604,93.9877,1516.0,33.72,92.86,NASA_USGS_SRTM_30m
GLC-REAL-4407,observed_landslide,25.0951,92.3567,239.0,24.17,344.93,NASA_USGS_SRTM_30m
GLC-REAL-3789,observed_landslide,27.2743,92.9064,644.0,14.51,255.07,NASA_USGS_SRTM_30m
GLC-REAL-6292,observed_landslide,25.7238,89.9032,31.0,9.37,315.0,NASA_USGS_SRTM_30m
GLC-REAL-545,observed_landslide,24.9849,92.8411,264.0,17.84,21.25,NASA_USGS_SRTM_30m
GLC-REAL-7265,observed_landslide,25.5007,93.9854,1431.0,15.85,266.63,NASA_USGS_SRTM_30m
GLC-REAL-2436,observed_landslide,24.3069,93.125,755.0,27.36,104.93,NASA_USGS_SRTM_30m
GLC-REAL-7727,observed_landslide,25.6263,94.1057,1520.0,21.05,175.03,NASA_USGS_SRTM_30m
GLC-REAL-7334,observed_landslide,28.1737,94.7596,573.0,25.07,175.91,NASA_USGS_SRTM_30m
GLC-REAL-6200,observed_landslide,27.0869,93.6086,317.0,8.58,6.34,NASA_USGS_SRTM_30m
GLC-REAL-7778,observed_landslide,23.8447,93.0514,1089.0,28.08,345.53,NASA_USGS_SRTM_30m
GLC-REAL-6290,observed_landslide,25.5772,91.8666,1479.0,10.56,100.3,NASA_USGS_SRTM_30m
GLC-REAL-4408,observed_landslide,25.5498,92.0757,1266.0,25.53,60.75,NASA_USGS_SRTM_30m
GLC-REAL-4403,observed_landslide,24.8142,93.5444,529.0,33.93,228.01,NASA_USGS_SRTM_30m
GLC-REAL-2140,observed_landslide,25.0477,92.801,185.0,29.63,174.96,NASA_USGS_SRTM_30m
GLC-REAL-2243,observed_landslide,25.70224,94.0462,1016.0,10.56,153.43,NASA_USGS_SRTM_30m
GLC-REAL-9142,observed_landslide,26.3185,94.5247,1167.0,2.13,206.57,NASA_USGS_SRTM_30m
GLC-REAL-6107,observed_landslide,26.1844,91.7896,63.0,3.44,236.31,NASA_USGS_SRTM_30m
GLC-REAL-255,observed_landslide,24.2451,94.0691,1293.0,27.79,214.7,NASA_USGS_SRTM_30m
GLC-REAL-7660,observed_landslide,25.6237,94.1136,1604.0,33.9,150.26,NASA_USGS_SRTM_30m
GLC-REAL-7389,observed_landslide,24.4072,94.0644,1174.0,29.58,86.63,NASA_USGS_SRTM_30m
GLC-REAL-2437,observed_landslide,23.7527,92.694,794.0,28.46,135.0,NASA_USGS_SRTM_30m
GLC-REAL-731,observed_landslide,26.138,94.25,1018.0,13.04,300.26,NASA_USGS_SRTM_30m
GLC-REAL-7371,observed_landslide,23.9939,94.0573,979.0,12.6,206.57,NASA_USGS_SRTM_30m
GLC-REAL-7923,observed_landslide,26.49349,91.72138,62.0,1.35,45.0,NASA_USGS_SRTM_30m
GLC-REAL-760,observed_landslide,25.67,94.1066,1445.0,18.13,14.74,NASA_USGS_SRTM_30m
GLC-REAL-2182,observed_landslide,24.9356,93.8443,854.0,0.95,270.0,NASA_USGS_SRTM_30m
GLC-REAL-1954,observed_landslide,24.7543,93.5039,403.0,18.43,143.13,NASA_USGS_SRTM_30m
GLC-REAL-6963,observed_landslide,23.7131,92.7362,894.0,29.09,171.38,NASA_USGS_SRTM_30m
GLC-REAL-5336,observed_landslide,26.3897,94.9439,525.0,3.81,180.0,NASA_USGS_SRTM_30m
GLC-REAL-7590,observed_landslide,25.1416,92.3807,162.0,9.65,191.31,NASA_USGS_SRTM_30m
GLC-REAL-1222,observed_landslide,23.73479,92.72124,979.0,24.69,133.53,NASA_USGS_SRTM_30m
GLC-REAL-8222,observed_landslide,26.1961,91.7825,124.0,11.8,241.39,NASA_USGS_SRTM_30m
GLC-REAL-7706,observed_landslide,25.0728,92.3636,133.0,8.98,251.57,NASA_USGS_SRTM_30m
GLC-REAL-8224,observed_landslide,23.7313,92.7187,1029.0,17.78,171.03,NASA_USGS_SRTM_30m
GLC-REAL-4241,observed_landslide,25.1604,93.6795,1094.0,15.5,32.74,NASA_USGS_SRTM_30m
GLC-REAL-1930,observed_landslide,28.4298,95.8776,522.0,15.9,20.56,NASA_USGS_SRTM_30m
GLC-REAL-9334,observed_landslide,24.5204,92.7264,46.0,1.35,225.0,NASA_USGS_SRTM_30m
GLC-REAL-8237,observed_landslide,27.0136,92.6351,224.0,5.55,239.04,NASA_USGS_SRTM_30m
GLC-REAL-585,observed_landslide,27.0998,93.6287,407.0,6.85,56.31,NASA_USGS_SRTM_30m
GLC-REAL-4859,observed_landslide,26.1771,91.7599,82.0,6.72,351.87,NASA_USGS_SRTM_30m
GLC-REAL-4436,observed_landslide,26.9986,95.4993,644.0,28.18,84.64,NASA_USGS_SRTM_30m
GLC-REAL-3916,observed_landslide,25.7713,93.8067,238.0,6.09,51.34,NASA_USGS_SRTM_30m
GLC-REAL-5250,observed_landslide,27.8837,93.0515,1590.0,42.36,239.22,NASA_USGS_SRTM_30m
GLC-REAL-3738,observed_landslide,24.8063,93.9482,784.0,0.0,0.0,NASA_USGS_SRTM_30m
GLC-REAL-2426,observed_landslide,22.7176,92.8416,737.0,24.24,177.88,NASA_USGS_SRTM_30m
GLC-REAL-1084,observed_landslide,27.7,92.8,2442.0,18.26,315.0,NASA_USGS_SRTM_30m
GLC-REAL-7266,observed_landslide,25.5098,93.8794,1648.0,15.18,10.62,NASA_USGS_SRTM_30m
GLC-REAL-1129,observed_landslide,24.8628,94.4182,913.0,33.8,288.89,NASA_USGS_SRTM_30m
GLC-REAL-2166,observed_landslide,24.9786,93.5027,1312.0,17.84,21.25,NASA_USGS_SRTM_30m
GLC-REAL-213,observed_landslide,25.2946,92.8339,892.0,17.08,40.6,NASA_USGS_SRTM_30m
GLC-REAL-4426,observed_landslide,26.1226,91.7162,77.0,15.42,244.98,NASA_USGS_SRTM_30m
GLC-REAL-8366,observed_landslide,25.583,91.893,1447.0,6.92,344.05,NASA_USGS_SRTM_30m
GLC-REAL-1934,observed_landslide,24.6005,92.3814,91.0,17.22,53.75,NASA_USGS_SRTM_30m
GLC-REAL-7655,observed_landslide,27.5799,91.8569,2754.0,27.79,341.57,NASA_USGS_SRTM_30m
GLC-REAL-9464,observed_landslide,27.5754,91.9754,2407.0,25.51,77.91,NASA_USGS_SRTM_30m
GLC-REAL-3912,observed_landslide,27.44,92.2833,2615.0,1.91,0.0,NASA_USGS_SRTM_30m
GLC-REAL-5272,observed_landslide,26.2083,94.5438,1481.0,3.44,56.31,NASA_USGS_SRTM_30m
GLC-REAL-580,observed_landslide,24.6596,93.9784,779.0,3.02,71.57,NASA_USGS_SRTM_30m
GLC-REAL-5575,observed_landslide,25.8266,94.1497,1402.0,27.18,103.13,NASA_USGS_SRTM_30m
GLC-REAL-8996,observed_landslide,26.1768,91.7702,93.0,35.02,205.35,NASA_USGS_SRTM_30m
GLC-REAL-1613,observed_landslide,27.8997,93.3497,869.0,6.92,285.95,NASA_USGS_SRTM_30m
GLC-REAL-4857,observed_landslide,23.7281,92.7175,1081.0,8.98,341.57,NASA_USGS_SRTM_30m
GLC-REAL-6945,observed_landslide,25.16,93.686,1026.0,36.2,239.93,NASA_USGS_SRTM_30m
GLC-REAL-1857,observed_landslide,25.3433,92.2897,1205.0,0.95,180.0,NASA_USGS_SRTM_30m
GLC-REAL-2743,observed_landslide,27.57987,91.85672,2746.0,24.81,334.36,NASA_USGS_SRTM_30m
GLC-REAL-4860,observed_landslide,26.1016,91.6906,118.0,35.81,96.63,NASA_USGS_SRTM_30m
GLC-REAL-4845,observed_landslide,24.2315,92.6755,676.0,8.74,229.4,NASA_USGS_SRTM_30m
GLC-REAL-1770,observed_landslide,26.1965,91.763,95.0,3.02,18.43,NASA_USGS_SRTM_30m
GLC-REAL-7728,observed_landslide,26.1028,91.8806,137.0,15.18,227.49,NASA_USGS_SRTM_30m
GLC-REAL-5274,observed_landslide,26.0838,94.564,1836.0,15.92,173.29,NASA_USGS_SRTM_30m
GLC-REAL-7836,observed_landslide,24.042,92.6724,812.0,7.59,180.0,NASA_USGS_SRTM_30m
GLC-REAL-3776,observed_landslide,27.125,93.7145,129.0,5.55,120.96,NASA_USGS_SRTM_30m
GLC-REAL-7388,observed_landslide,24.416,94.0984,1377.0,22.09,19.18,NASA_USGS_SRTM_30m
GLC-REAL-5421,observed_landslide,26.4205,94.9731,688.0,24.63,250.91,NASA_USGS_SRTM_30m
GLC-REAL-2343,observed_landslide,25.4786,94.1327,1754.0,9.74,60.95,NASA_USGS_SRTM_30m
GLC-REAL-3683,observed_landslide,25.8782,94.1739,1356.0,22.67,151.39,NASA_USGS_SRTM_30m
GLC-REAL-7591,observed_landslide,25.0318,92.4584,88.0,19.47,315.0,NASA_USGS_SRTM_30m
GLC-REAL-9232,observed_landslide,23.5397,93.3783,1568.0,9.46,306.87,NASA_USGS_SRTM_30m
GLC-REAL-4434,observed_landslide,26.1049,91.7369,156.0,15.18,227.49,NASA_USGS_SRTM_30m
GLC-REAL-7214,observed_landslide,27.36,93.0385,404.0,6.92,344.05,NASA_USGS_SRTM_30m
GLC-REAL-5582,observed_landslide,26.1309,91.8383,107.0,9.32,156.04,NASA_USGS_SRTM_30m
GLC-REAL-2405,observed_landslide,28.3036,95.4112,1811.0,42.38,170.54,NASA_USGS_SRTM_30m
GLC-REAL-3556,observed_landslide,25.1555,93.8474,1374.0,42.22,262.61,NASA_USGS_SRTM_30m
GLC-REAL-2569,observed_landslide,25.2745,94.0212,1077.0,12.23,247.38,NASA_USGS_SRTM_30m
GLC-REAL-2423,observed_landslide,23.73504,92.71061,947.0,28.18,174.64,NASA_USGS_SRTM_30m
GLC-REAL-3532,observed_landslide,25.0888,92.8551,268.0,25.92,95.91,NASA_USGS_SRTM_30m
GLC-REAL-7956,observed_landslide,26.048,91.8695,74.0,10.05,228.81,NASA_USGS_SRTM_30m
GLC-REAL-2425,observed_landslide,23.3439,93.0748,1329.0,37.72,217.12,NASA_USGS_SRTM_30m
GLC-REAL-6970,observed_landslide,25.5084,90.2191,322.0,19.37,31.43,NASA_USGS_SRTM_30m
GLC-REAL-5312,observed_landslide,26.7103,94.693,689.0,12.26,302.47,NASA_USGS_SRTM_30m
GLC-REAL-2568,observed_landslide,24.7679,93.4108,510.0,21.05,4.97,NASA_USGS_SRTM_30m
GLC-REAL-7409,observed_landslide,25.72,94.6219,1713.0,47.09,310.6,NASA_USGS_SRTM_30m
GLC-REAL-9219,observed_landslide,26.0101,94.5282,1715.0,13.42,192.09,NASA_USGS_SRTM_30m
GLC-REAL-2579,observed_landslide,25.682,94.1076,1442.0,7.23,23.2,NASA_USGS_SRTM_30m
GLC-REAL-8223,observed_landslide,23.7348,92.7187,1042.0,16.05,100.01,NASA_USGS_SRTM_30m
GLC-REAL-7336,observed_landslide,25.2193,90.5549,272.0,7.83,75.96,NASA_USGS_SRTM_30m
GLC-REAL-9252,observed_landslide,27.5748,91.8644,2689.0,12.23,157.38,NASA_USGS_SRTM_30m
GLC-REAL-5300,observed_landslide,25.318,94.0441,999.0,9.46,180.0,NASA_USGS_SRTM_30m
GLC-REAL-7665,observed_landslide,24.7016,93.5291,663.0,13.04,120.26,NASA_USGS_SRTM_30m
GLC-REAL-1994,observed_landslide,25.0633,92.8025,98.0,19.37,238.57,NASA_USGS_SRTM_30m
GLC-REAL-3760,observed_landslide,25.6703,94.1095,1447.0,20.99,177.51,NASA_USGS_SRTM_30m
GLC-REAL-692,observed_landslide,25.705,94.04,1040.0,15.9,159.44,NASA_USGS_SRTM_30m
GLC-REAL-3633,observed_landslide,26.3186,94.5121,1256.0,11.04,289.98,NASA_USGS_SRTM_30m
GLC-REAL-7374,observed_landslide,25.1122,94.3591,1850.0,17.78,8.97,NASA_USGS_SRTM_30m
GLC-REAL-2098,observed_landslide,26.7215,95.0283,719.0,15.04,97.13,NASA_USGS_SRTM_30m
GLC-REAL-2205,observed_landslide,23.7365,92.7146,1019.0,28.63,347.66,NASA_USGS_SRTM_30m
GLC-REAL-4610,observed_landslide,23.7705,92.5217,79.0,8.94,32.01,NASA_USGS_SRTM_30m
GLC-REAL-5275,observed_landslide,26.1498,94.6055,1710.0,30.1,288.43,NASA_USGS_SRTM_30m
GLC-REAL-2247,observed_landslide,26.148,94.8422,1517.0,32.67,98.97,NASA_USGS_SRTM_30m
GLC-REAL-3927,observed_landslide,25.5144,90.2167,318.0,12.77,342.9,NASA_USGS_SRTM_30m
GLC-REAL-259,observed_landslide,25.52,91.27,1348.0,11.0,120.96,NASA_USGS_SRTM_30m
GLC-REAL-6112,observed_landslide,26.1964,91.7652,80.0,14.16,97.59,NASA_USGS_SRTM_30m
GLC-REAL-7390,observed_landslide,24.4265,94.1913,1310.0,12.6,63.43,NASA_USGS_SRTM_30m
GLC-REAL-2420,observed_landslide,23.72989,92.71496,985.0,22.68,4.57,NASA_USGS_SRTM_30m
GLC-REAL-264,observed_landslide,26.1833,91.8,68.0,4.04,225.0,NASA_USGS_SRTM_30m
GLC-REAL-6214,observed_landslide,25.9702,91.8587,284.0,8.94,237.99,NASA_USGS_SRTM_30m
GLC-REAL-252,observed_landslide,25.4993,94.1192,1946.0,13.92,47.73,NASA_USGS_SRTM_30m
GLC-REAL-142,observed_landslide,25.5212,90.232,583.0,17.46,327.99,NASA_USGS_SRTM_30m
GLC-REAL-7384,observed_landslide,23.9278,94.0906,938.0,11.9,108.43,NASA_USGS_SRTM_30m
GLC-REAL-211,observed_landslide,24.9667,93.55,572.0,23.27,305.54,NASA_USGS_SRTM_30m
GLC-REAL-4384,observed_landslide,25.1775,93.0123,658.0,15.29,52.43,NASA_USGS_SRTM_30m
GLC-REAL-4383,observed_landslide,25.3056,93.1265,316.0,16.72,356.82,NASA_USGS_SRTM_30m
GLC-REAL-7375,observed_landslide,25.1941,94.4481,1728.0,14.62,26.57,NASA_USGS_SRTM_30m
GLC-REAL-2163,observed_landslide,25.4196,94.1054,1398.0,21.84,253.07,NASA_USGS_SRTM_30m
GLC-REAL-3932,observed_landslide,25.83,94.13,1018.0,8.98,108.43,NASA_USGS_SRTM_30m
GLC-REAL-4861,observed_landslide,24.9926,93.4946,1140.0,6.92,15.95,NASA_USGS_SRTM_30m
GLC-REAL-7972,observed_landslide,23.4495,92.8112,869.0,32.25,167.8,NASA_USGS_SRTM_30m
GLC-REAL-3831,observed_landslide,24.7992,93.948,785.0,2.7,135.0,NASA_USGS_SRTM_30m
GLC-REAL-5584,observed_landslide,26.1665,91.7049,238.0,14.93,270.0,NASA_USGS_SRTM_30m
GLC-REAL-1986,observed_landslide,26.3335,94.5512,1376.0,11.8,298.61,NASA_USGS_SRTM_30m
GLC-REAL-7387,observed_landslide,24.954,94.2156,931.0,20.83,28.81,NASA_USGS_SRTM_30m
GLC-REAL-2573,observed_landslide,25.1796,93.0083,694.0,5.13,111.8,NASA_USGS_SRTM_30m
GLC-REAL-319,observed_landslide,25.4379,94.1162,1508.0,18.37,287.53,NASA_USGS_SRTM_30m
GLC-REAL-313,observed_landslide,25.7055,94.0132,1458.0,15.18,222.51,NASA_USGS_SRTM_30m
GLC-REAL-9010,observed_landslide,27.3034,93.804,725.0,44.49,194.74,NASA_USGS_SRTM_30m
GLC-REAL-2539,observed_landslide,28.3092,95.4149,1843.0,46.83,333.03,NASA_USGS_SRTM_30m
GLC-REAL-6331,observed_landslide,25.9466,94.6279,1395.0,24.12,315.0,NASA_USGS_SRTM_30m
GLC-REAL-1987,observed_landslide,25.2269,93.1658,396.0,3.02,71.57,NASA_USGS_SRTM_30m
GLC-REAL-2043,observed_landslide,26.7225,95.0281,699.0,8.05,315.0,NASA_USGS_SRTM_30m
GLC-REAL-7910,observed_landslide,24.3481,94.1146,1007.0,9.74,29.05,NASA_USGS_SRTM_30m
GLC-REAL-6775,observed_landslide,26.1468,91.6469,60.0,7.65,29.74,NASA_USGS_SRTM_30m
GLC-REAL-1776,observed_landslide,25.3612,92.2845,1227.0,3.44,213.69,NASA_USGS_SRTM_30m
GLC-REAL-6786,observed_landslide,24.6108,92.562,34.0,4.76,53.13,NASA_USGS_SRTM_30m
GLC-REAL-6291,observed_landslide,25.7354,90.3852,338.0,6.85,33.69,NASA_USGS_SRTM_30m
GLC-REAL-6213,observed_landslide,25.8143,90.5763,63.0,2.7,225.0,NASA_USGS_SRTM_30m
GLC-REAL-2415,observed_landslide,25.63962,94.11112,1501.0,14.3,191.31,NASA_USGS_SRTM_30m
GLC-REAL-9336,observed_landslide,24.5308,92.5121,63.0,12.6,116.57,NASA_USGS_SRTM_30m
GLC-REAL-7837,observed_landslide,23.7269,92.7265,865.0,26.11,215.31,NASA_USGS_SRTM_30m
GLC-REAL-7267,observed_landslide,25.3908,94.0926,1312.0,13.52,213.69,NASA_USGS_SRTM_30m
GLC-REAL-4848,observed_landslide,24.0896,91.4663,113.0,6.09,128.66,NASA_USGS_SRTM_30m
GLC-REAL-9122,observed_landslide,26.1966,91.802,106.0,10.39,90.0,NASA_USGS_SRTM_30m
GLC-REAL-2574,observed_landslide,25.4749,93.1477,151.0,4.76,53.13,NASA_USGS_SRTM_30m
GLC-REAL-6282,observed_landslide,26.1097,91.7747,60.0,2.13,206.57,NASA_USGS_SRTM_30m
GLC-REAL-2263,observed_landslide,26.2753,94.6654,1158.0,30.17,27.3,NASA_USGS_SRTM_30m
GLC-REAL-6289,observed_landslide,26.1001,91.6849,86.0,23.12,128.66,NASA_USGS_SRTM_30m
GLC-REAL-9087,observed_landslide,28.235,94.9612,312.0,43.47,100.12,NASA_USGS_SRTM_30m
GLC-REAL-130,observed_landslide,26.1699,91.7986,146.0,3.93,284.04,NASA_USGS_SRTM_30m
BG-NER-0001,background,24.94417,93.63948,939.0,24.59,123.11,NASA_USGS_SRTM_30m
BG-NER-0002,background,25.6338,91.9295,1379.0,7.23,203.2,NASA_USGS_SRTM_30m
BG-NER-0003,background,27.14587,95.23086,115.0,1.35,135.0,NASA_USGS_SRTM_30m
BG-NER-0004,background,26.65003,91.58982,73.0,0.0,0.0,NASA_USGS_SRTM_30m
BG-NER-0005,background,27.78106,95.3191,113.0,2.13,26.57,NASA_USGS_SRTM_30m
BG-NER-0006,background,27.00984,92.89092,198.0,9.46,0.0,NASA_USGS_SRTM_30m
BG-NER-0007,background,27.27322,92.49028,2124.0,34.5,165.96,NASA_USGS_SRTM_30m
BG-NER-0008,background,25.30044,91.158,388.0,5.79,279.46,NASA_USGS_SRTM_30m
BG-NER-0009,background,26.19294,92.38547,62.0,1.35,135.0,NASA_USGS_SRTM_30m
BG-NER-0010,background,24.34623,92.48621,365.0,17.55,198.43,NASA_USGS_SRTM_30m
BG-NER-0011,background,25.61465,90.97239,896.0,7.42,39.81,NASA_USGS_SRTM_30m
BG-NER-0012,background,25.86713,91.59995,419.0,18.31,130.91,NASA_USGS_SRTM_30m
BG-NER-0013,background,27.17086,93.44026,1931.0,21.68,326.98,NASA_USGS_SRTM_30m
BG-NER-0014,background,27.70855,93.18026,1518.0,29.21,333.43,NASA_USGS_SRTM_30m
BG-NER-0015,background,25.85795,95.2027,2284.0,27.32,0.0,NASA_USGS_SRTM_30m
BG-NER-0016,background,26.80558,91.68292,291.0,29.02,212.74,NASA_USGS_SRTM_30m
BG-NER-0017,background,25.24159,94.00505,1158.0,13.64,164.05,NASA_USGS_SRTM_30m
BG-NER-0018,background,26.0752,93.28017,282.0,23.2,256.5,NASA_USGS_SRTM_30m
BG-NER-0019,background,24.98006,94.18744,1255.0,21.26,279.87,NASA_USGS_SRTM_30m
BG-NER-0020,background,26.53741,92.03287,65.0,2.13,153.43,NASA_USGS_SRTM_30m
BG-NER-0021,background,25.8127,92.76898,185.0,6.72,278.13,NASA_USGS_SRTM_30m
BG-NER-0022,background,26.7323,93.26307,70.0,3.02,18.43,NASA_USGS_SRTM_30m
BG-NER-0023,background,25.79857,89.81081,21.0,0.0,0.0,NASA_USGS_SRTM_30m
BG-NER-0024,background,26.09984,90.36068,40.0,1.35,225.0,NASA_USGS_SRTM_30m
BG-NER-0025,background,27.55693,95.73842,150.0,1.91,270.0,NASA_USGS_SRTM_30m
BG-NER-0026,background,25.58963,94.18039,1488.0,19.19,343.3,NASA_USGS_SRTM_30m
BG-NER-0027,background,25.43126,93.2023,284.0,4.26,243.43,NASA_USGS_SRTM_30m
BG-NER-0028,background,27.08716,95.55079,777.0,8.74,229.4,NASA_USGS_SRTM_30m
BG-NER-0029,background,27.49822,93.52561,1289.0,34.85,201.04,NASA_USGS_SRTM_30m
BG-NER-0030,background,25.37175,91.48968,1570.0,6.38,243.43,NASA_USGS_SRTM_30m
BG-NER-0031,background,26.71857,92.72418,71.0,3.44,123.69,NASA_USGS_SRTM_30m
BG-NER-0032,background,24.34629,93.42589,1788.0,9.74,150.95,NASA_USGS_SRTM_30m
BG-NER-0033,background,26.06934,93.40829,313.0,17.78,278.97,NASA_USGS_SRTM_30m
BG-NER-0034,background,27.50565,95.31038,125.0,2.13,153.43,NASA_USGS_SRTM_30m
BG-NER-0035,background,27.13582,93.63416,838.0,37.24,217.87,NASA_USGS_SRTM_30m
BG-NER-0036,background,26.26582,95.30358,2022.0,30.21,76.76,NASA_USGS_SRTM_30m
BG-NER-0037,background,25.13975,93.3959,747.0,15.85,49.76,NASA_USGS_SRTM_30m
BG-NER-0038,background,24.78514,93.49305,456.0,25.92,157.83,NASA_USGS_SRTM_30m
BG-NER-0039,background,25.7502,94.39622,1269.0,29.09,81.38,NASA_USGS_SRTM_30m
BG-NER-0040,background,26.48453,94.94247,1078.0,5.55,59.04,NASA_USGS_SRTM_30m
BG-NER-0041,background,26.56205,91.72803,65.0,0.95,90.0,NASA_USGS_SRTM_30m
BG-NER-0042,background,25.51735,93.81156,1020.0,24.75,282.53,NASA_USGS_SRTM_30m
BG-NER-0043,background,24.76204,91.47995,6.0,1.91,0.0,NASA_USGS_SRTM_30m
BG-NER-0044,background,24.60207,93.12862,101.0,9.32,113.96,NASA_USGS_SRTM_30m
BG-NER-0045,background,25.13411,92.8965,750.0,29.2,252.65,NASA_USGS_SRTM_30m
BG-NER-0046,background,27.47227,91.93037,3742.0,23.98,77.01,NASA_USGS_SRTM_30m
BG-NER-0047,background,25.44724,91.682,1607.0,12.23,0.0,NASA_USGS_SRTM_30m
BG-NER-0048,background,26.68746,94.71793,315.0,34.25,248.46,NASA_USGS_SRTM_30m
BG-NER-0049,background,26.00282,93.14978,111.0,4.26,296.57,NASA_USGS_SRTM_30m
BG-NER-0050,background,26.81609,94.27021,90.0,1.35,225.0,NASA_USGS_SRTM_30m
BG-NER-0051,background,26.6406,94.10437,93.0,1.91,180.0,NASA_USGS_SRTM_30m
BG-NER-0052,background,25.53763,93.93277,1694.0,24.69,223.53,NASA_USGS_SRTM_30m
BG-NER-0053,background,26.47584,92.25617,51.0,0.0,0.0,NASA_USGS_SRTM_30m
BG-NER-0054,background,25.07948,90.48183,15.0,4.04,315.0,NASA_USGS_SRTM_30m
BG-NER-0055,background,25.62365,90.40588,565.0,14.3,168.69,NASA_USGS_SRTM_30m
BG-NER-0056,background,26.4092,91.23247,42.0,0.0,0.0,NASA_USGS_SRTM_30m
BG-NER-0057,background,26.70473,90.56594,108.0,0.0,0.0,NASA_USGS_SRTM_30m
BG-NER-0058,background,25.82261,90.90196,412.0,25.69,104.04,NASA_USGS_SRTM_30m
BG-NER-0059,background,27.0297,93.1257,602.0,15.85,40.24,NASA_USGS_SRTM_30m
BG-NER-0060,background,25.16625,94.4882,1744.0,21.94,245.56,NASA_USGS_SRTM_30m
BG-NER-0061,background,25.61503,90.05854,110.0,8.53,0.0,NASA_USGS_SRTM_30m
BG-NER-0062,background,25.97693,91.04713,49.0,0.95,0.0,NASA_USGS_SRTM_30m
BG-NER-0063,background,25.50649,93.20539,220.0,11.35,41.63,NASA_USGS_SRTM_30m
BG-NER-0064,background,27.22116,91.57808,2368.0,49.49,190.67,NASA_USGS_SRTM_30m
BG-NER-0065,background,26.8842,94.11276,84.0,8.1,110.56,NASA_USGS_SRTM_30m
BG-NER-0066,background,26.56191,94.23556,111.0,3.02,198.43,NASA_USGS_SRTM_30m
BG-NER-0067,background,24.58667,93.77777,769.0,3.02,341.57,NASA_USGS_SRTM_30m
BG-NER-0068,background,24.88129,93.09683,60.0,5.55,210.96,NASA_USGS_SRTM_30m
BG-NER-0069,background,25.96278,93.26248,156.0,2.7,315.0,NASA_USGS_SRTM_30m
BG-NER-0070,background,26.09521,95.2309,2226.0,30.05,101.63,NASA_USGS_SRTM_30m
BG-NER-0071,background,24.94049,91.53275,10.0,0.95,180.0,NASA_USGS_SRTM_30m
BG-NER-0072,background,25.04312,94.26665,1122.0,26.63,164.58,NASA_USGS_SRTM_30m
BG-NER-0073,background,27.07753,94.42145,87.0,1.91,0.0,NASA_USGS_SRTM_30m
BG-NER-0074,background,26.28495,91.3761,48.0,1.91,90.0,NASA_USGS_SRTM_30m
BG-NER-0075,background,25.79863,89.92567,28.0,3.02,341.57,NASA_USGS_SRTM_30m
BG-NER-0076,background,26.41669,90.8651,45.0,1.91,270.0,NASA_USGS_SRTM_30m
BG-NER-0077,background,25.83923,92.75762,111.0,3.81,270.0,NASA_USGS_SRTM_30m
BG-NER-0078,background,26.21681,92.32596,61.0,1.35,135.0,NASA_USGS_SRTM_30m
BG-NER-0079,background,25.41885,93.25,651.0,9.87,253.3,NASA_USGS_SRTM_30m
BG-NER-0080,background,26.29075,95.12207,1345.0,25.89,15.95,NASA_USGS_SRTM_30m
BG-NER-0081,background,27.41316,93.21684,2412.0,22.68,246.5,NASA_USGS_SRTM_30m
BG-NER-0082,background,25.6277,91.57159,1466.0,11.65,104.04,NASA_USGS_SRTM_30m
BG-NER-0083,background,26.42189,93.9949,112.0,1.91,0.0,NASA_USGS_SRTM_30m
BG-NER-0084,background,26.59833,95.09775,1408.0,31.97,55.89,NASA_USGS_SRTM_30m
BG-NER-0085,background,26.98858,94.22134,82.0,3.44,33.69,NASA_USGS_SRTM_30m
BG-NER-0086,background,25.24486,94.23985,1056.0,18.52,95.71,NASA_USGS_SRTM_30m
BG-NER-0087,background,25.33744,93.52365,1418.0,44.53,51.19,NASA_USGS_SRTM_30m
BG-NER-0088,background,26.98559,93.60823,212.0,4.76,233.13,NASA_USGS_SRTM_30m
BG-NER-0089,background,25.39824,95.04026,306.0,33.32,300.47,NASA_USGS_SRTM_30m
BG-NER-0090,background,26.53182,93.97399,100.0,2.86,90.0,NASA_USGS_SRTM_30m
BG-NER-0091,background,26.8809,95.15459,568.0,25.16,207.47,NASA_USGS_SRTM_30m
BG-NER-0092,background,26.97631,94.26101,87.0,0.95,0.0,NASA_USGS_SRTM_30m
BG-NER-0093,background,25.99153,94.79232,1843.0,37.09,75.96,NASA_USGS_SRTM_30m
BG-NER-0094,background,25.56095,94.27838,1745.0,23.98,282.99,NASA_USGS_SRTM_30m
BG-NER-0095,background,25.22963,94.96375,531.0,21.68,146.98,NASA_USGS_SRTM_30m
BG-NER-0096,background,25.28314,95.08174,193.0,7.83,255.96,NASA_USGS_SRTM_30m
BG-NER-0097,background,26.99899,94.70088,91.0,0.0,0.0,NASA_USGS_SRTM_30m
BG-NER-0098,background,26.26455,93.31944,840.0,14.59,140.19,NASA_USGS_SRTM_30m
BG-NER-0099,background,25.39521,93.9289,1632.0,39.68,157.56,NASA_USGS_SRTM_30m
BG-NER-0100,background,26.56071,93.62439,337.0,18.63,98.53,NASA_USGS_SRTM_30m
BG-NER-0101,background,26.79846,94.97137,604.0,34.84,196.7,NASA_USGS_SRTM_30m
BG-NER-0102,background,26.97042,94.29198,87.0,1.91,90.0,NASA_USGS_SRTM_30m
BG-NER-0103,background,26.59404,94.09264,96.0,1.35,315.0,NASA_USGS_SRTM_30m
BG-NER-0104,background,26.83948,94.11834,85.0,1.35,315.0,NASA_USGS_SRTM_30m
BG-NER-0105,background,26.54365,94.24434,127.0,1.35,315.0,NASA_USGS_SRTM_30m
BG-NER-0106,background,25.42838,94.26923,2131.0,20.97,0.0,NASA_USGS_SRTM_30m
BG-NER-0107,background,26.47382,94.71072,419.0,26.74,55.78,NASA_USGS_SRTM_30m
BG-NER-0108,background,25.21658,94.31338,1373.0,4.76,180.0,NASA_USGS_SRTM_30m
BG-NER-0109,background,25.54122,93.90823,2214.0,41.29,213.39,NASA_USGS_SRTM_30m
BG-NER-0110,background,25.9053,94.1721,831.0,6.02,341.57,NASA_USGS_SRTM_30m
BG-NER-0111,background,25.29083,93.64773,458.0,16.23,193.24,NASA_USGS_SRTM_30m
BG-NER-0112,background,26.12139,94.98172,739.0,23.63,17.74,NASA_USGS_SRTM_30m
BG-NER-0113,background,26.74314,93.66702,82.0,1.35,135.0,NASA_USGS_SRTM_30m
BG-NER-0114,background,26.1464,93.48528,825.0,19.51,48.81,NASA_USGS_SRTM_30m
BG-NER-0115,background,25.35364,94.89882,931.0,32.43,85.49,NASA_USGS_SRTM_30m
BG-NER-0116,background,25.88992,94.64251,2258.0,37.48,358.75,NASA_USGS_SRTM_30m
BG-NER-0117,background,26.13228,94.72054,1871.0,24.86,142.31,NASA_USGS_SRTM_30m
BG-NER-0118,background,26.05327,94.99662,1820.0,31.22,121.5,NASA_USGS_SRTM_30m
BG-NER-0119,background,26.66996,93.88893,86.0,1.91,90.0,NASA_USGS_SRTM_30m
BG-NER-0120,background,25.91769,94.59652,1092.0,40.32,19.5,NASA_USGS_SRTM_30m
BG-NER-0121,background,26.48072,94.0632,95.0,2.13,296.57,NASA_USGS_SRTM_30m
BG-NER-0122,background,26.03763,95.12531,2132.0,32.11,349.29,NASA_USGS_SRTM_30m
BG-NER-0123,background,26.83504,93.57939,81.0,2.13,243.43,NASA_USGS_SRTM_30m
BG-NER-0124,background,26.53401,94.30464,243.0,18.17,246.04,NASA_USGS_SRTM_30m
BG-NER-0125,background,26.1526,93.68272,260.0,27.63,99.16,NASA_USGS_SRTM_30m
BG-NER-0126,background,26.60964,93.58425,89.0,0.95,0.0,NASA_USGS_SRTM_30m
BG-NER-0127,background,26.51075,93.44643,208.0,13.42,245.22,NASA_USGS_SRTM_30m
BG-NER-0128,background,25.24322,94.55471,1699.0,30.25,149.04,NASA_USGS_SRTM_30m
BG-NER-0129,background,25.72725,94.18863,1010.0,21.94,204.44,NASA_USGS_SRTM_30m
BG-NER-0130,background,26.12839,94.54953,1541.0,25.89,15.95,NASA_USGS_SRTM_30m
BG-NER-0131,background,25.50044,94.77639,2229.0,34.25,111.54,NASA_USGS_SRTM_30m
BG-NER-0132,background,26.8959,94.02332,84.0,2.86,180.0,NASA_USGS_SRTM_30m
BG-NER-0133,background,26.77164,93.478,63.0,0.0,0.0,NASA_USGS_SRTM_30m
BG-NER-0134,background,25.58197,94.01031,2520.0,8.1,69.44,NASA_USGS_SRTM_30m
BG-NER-0135,background,25.36831,94.88677,1209.0,34.99,180.0,NASA_USGS_SRTM_30m
BG-NER-0136,background,26.93232,93.57477,100.0,3.02,161.57,NASA_USGS_SRTM_30m
BG-NER-0137,background,26.80528,93.98314,83.0,1.35,45.0,NASA_USGS_SRTM_30m
BG-NER-0138,background,26.38282,93.35736,459.0,27.9,28.18,NASA_USGS_SRTM_30m
BG-NER-0139,background,26.14585,94.19985,362.0,18.52,275.71,NASA_USGS_SRTM_30m
BG-NER-0140,background,25.98153,93.87935,147.0,1.35,315.0,NASA_USGS_SRTM_30m
BG-NER-0141,background,25.64757,95.06756,1778.0,29.54,28.07,NASA_USGS_SRTM_30m
BG-NER-0142,background,25.47748,94.73855,2227.0,37.64,276.2,NASA_USGS_SRTM_30m
BG-NER-0143,background,25.86522,94.43782,1762.0,16.8,186.34,NASA_USGS_SRTM_30m
BG-NER-0144,background,26.34938,94.59568,814.0,12.05,308.66,NASA_USGS_SRTM_30m
BG-NER-0145,background,25.71036,94.87901,1157.0,35.0,128.23,NASA_USGS_SRTM_30m
BG-NER-0146,background,26.28948,93.71421,486.0,14.76,145.3,NASA_USGS_SRTM_30m
BG-NER-0147,background,25.65713,94.05122,1407.0,30.26,180.0,NASA_USGS_SRTM_30m
BG-NER-0148,background,25.29852,94.5591,1572.0,16.0,305.54,NASA_USGS_SRTM_30m
BG-NER-0149,background,25.76966,94.66846,1117.0,31.46,60.64,NASA_USGS_SRTM_30m
BG-NER-0150,background,26.53224,93.70694,184.0,14.54,135.0,NASA_USGS_SRTM_30m
BG-NER-0151,background,26.76519,95.02241,515.0,4.26,296.57,NASA_USGS_SRTM_30m
BG-NER-0152,background,25.90972,93.34873,250.0,10.43,95.19,NASA_USGS_SRTM_30m
BG-NER-0153,background,26.57,94.36935,217.0,10.05,131.19,NASA_USGS_SRTM_30m
BG-NER-0154,background,26.22733,93.3117,745.0,11.5,214.99,NASA_USGS_SRTM_30m
BG-NER-0155,background,26.01248,94.46519,835.0,20.81,105.26,NASA_USGS_SRTM_30m
BG-NER-0156,background,25.72309,93.74089,335.0,19.79,256.61,NASA_USGS_SRTM_30m
BG-NER-0157,background,25.79597,93.41247,202.0,3.02,71.57,NASA_USGS_SRTM_30m
BG-NER-0158,background,26.78514,94.44406,104.0,1.35,315.0,NASA_USGS_SRTM_30m
BG-NER-0159,background,25.33426,93.45889,1640.0,37.04,186.34,NASA_USGS_SRTM_30m
BG-NER-0160,background,25.425,93.57677,1287.0,50.62,139.99,NASA_USGS_SRTM_30m
BG-NER-0161,background,25.29239,93.54276,1463.0,28.0,122.2,NASA_USGS_SRTM_30m
BG-NER-0162,background,24.57904,94.26012,865.0,20.85,66.8,NASA_USGS_SRTM_30m
BG-NER-0163,background,24.69743,94.46197,723.0,19.37,174.56,NASA_USGS_SRTM_30m
BG-NER-0164,background,24.35187,93.35024,299.0,3.93,75.96,NASA_USGS_SRTM_30m
BG-NER-0165,background,25.23453,93.39511,1007.0,36.25,0.0,NASA_USGS_SRTM_30m
BG-NER-0166,background,24.94267,94.73385,1177.0,29.58,176.63,NASA_USGS_SRTM_30m
BG-NER-0167,background,23.97028,93.37354,1136.0,20.81,344.74,NASA_USGS_SRTM_30m
BG-NER-0168,background,24.42871,93.23145,251.0,25.96,51.95,NASA_USGS_SRTM_30m
BG-NER-0169,background,25.5012,94.31666,1645.0,29.12,141.07,NASA_USGS_SRTM_30m
BG-NER-0170,background,23.9809,94.51634,370.0,6.02,108.43,NASA_USGS_SRTM_30m
BG-NER-0171,background,24.88293,94.67324,417.0,28.41,236.31,NASA_USGS_SRTM_30m
BG-NER-0172,background,24.23867,93.24041,1143.0,38.33,55.3,NASA_USGS_SRTM_30m
BG-NER-0173,background,24.59403,94.23123,693.0,36.37,264.81,NASA_USGS_SRTM_30m
BG-NER-0174,background,24.55117,93.72689,886.0,15.04,172.87,NASA_USGS_SRTM_30m
BG-NER-0175,background,25.07492,93.35093,837.0,37.79,351.35,NASA_USGS_SRTM_30m
BG-NER-0176,background,24.41767,94.48825,172.0,0.95,0.0,NASA_USGS_SRTM_30m
BG-NER-0177,background,25.37248,94.59278,1415.0,29.69,105.26,NASA_USGS_SRTM_30m
BG-NER-0178,background,25.39574,93.41491,563.0,8.74,310.6,NASA_USGS_SRTM_30m
BG-NER-0179,background,24.55894,93.31983,407.0,16.0,305.54,NASA_USGS_SRTM_30m
BG-NER-0180,background,23.94287,94.72232,294.0,7.42,39.81,NASA_USGS_SRTM_30m
BG-NER-0181,background,23.82469,93.89387,1272.0,22.88,9.09,NASA_USGS_SRTM_30m
BG-NER-0182,background,24.05178,94.07478,1139.0,36.26,68.68,NASA_USGS_SRTM_30m
BG-NER-0183,background,25.12733,94.48502,1842.0,39.26,159.72,NASA_USGS_SRTM_30m
BG-NER-0184,background,24.90743,93.62994,880.0,25.49,233.53,NASA_USGS_SRTM_30m
BG-NER-0185,background,24.00411,93.29487,1060.0,17.78,171.03,NASA_USGS_SRTM_30m
BG-NER-0186,background,24.30635,94.60926,283.0,10.22,146.31,NASA_USGS_SRTM_30m
BG-NER-0187,background,24.38156,93.10306,522.0,28.22,244.23,NASA_USGS_SRTM_30m
BG-NER-0188,background,24.53084,93.18662,128.0,15.18,227.49,NASA_USGS_SRTM_30m
BG-NER-0189,background,24.61655,94.4363,410.0,20.53,57.72,NASA_USGS_SRTM_30m
BG-NER-0190,background,24.73809,94.79779,118.0,0.0,0.0,NASA_USGS_SRTM_30m
BG-NER-0191,background,24.20911,93.97905,1201.0,20.44,26.57,NASA_USGS_SRTM_30m
BG-NER-0192,background,24.74188,94.06455,800.0,5.71,0.0,NASA_USGS_SRTM_30m
BG-NER-0193,background,24.83874,93.20748,78.0,14.76,304.7,NASA_USGS_SRTM_30m
BG-NER-0194,background,25.53294,94.66784,1115.0,26.68,5.71,NASA_USGS_SRTM_30m
BG-NER-0195,background,24.91467,93.63452,1021.0,31.99,223.92,NASA_USGS_SRTM_30m
BG-NER-0196,background,25.59477,94.76064,1863.0,20.31,305.84,NASA_USGS_SRTM_30m
BG-NER-0197,background,24.33761,94.68424,376.0,15.85,93.37,NASA_USGS_SRTM_30m
BG-NER-0198,background,25.45649,93.30147,347.0,4.86,258.69,NASA_USGS_SRTM_30m
BG-NER-0199,background,25.65487,94.35633,1956.0,31.7,183.09,NASA_USGS_SRTM_30m
BG-NER-0200,background,24.82623,93.20076,88.0,3.81,180.0,NASA_USGS_SRTM_30m
BG-NER-0201,background,25.17672,94.07133,1093.0,29.92,100.01,NASA_USGS_SRTM_30m
BG-NER-0202,background,25.40974,94.38551,963.0,19.31,25.35,NASA_USGS_SRTM_30m
BG-NER-0203,background,23.97426,94.37185,389.0,12.6,206.57,NASA_USGS_SRTM_30m
BG-NER-0204,background,24.15868,93.62492,914.0,13.42,155.22,NASA_USGS_SRTM_30m
BG-NER-0205,background,24.76747,94.54592,458.0,11.8,208.61,NASA_USGS_SRTM_30m
BG-NER-0206,background,23.99399,93.79588,1217.0,27.03,231.63,NASA_USGS_SRTM_30m
BG-NER-0207,background,25.42481,94.07507,1693.0,11.65,345.96,NASA_USGS_SRTM_30m
BG-NER-0208,background,25.49875,93.64035,1925.0,15.42,295.02,NASA_USGS_SRTM_30m
BG-NER-0209,background,24.24648,94.34794,170.0,3.44,146.31,NASA_USGS_SRTM_30m
BG-NER-0210,background,24.72027,94.75786,164.0,10.56,116.57,NASA_USGS_SRTM_30m
BG-NER-0211,background,25.08183,94.20933,985.0,13.92,317.73,NASA_USGS_SRTM_30m
BG-NER-0212,background,25.16096,94.71859,1837.0,33.29,203.96,NASA_USGS_SRTM_30m
BG-NER-0213,background,25.00328,94.05735,904.0,21.61,284.62,NASA_USGS_SRTM_30m
BG-NER-0214,background,24.23851,93.9567,1234.0,31.5,22.38,NASA_USGS_SRTM_30m
BG-NER-0215,background,23.91221,93.30292,1534.0,12.64,221.99,NASA_USGS_SRTM_30m
BG-NER-0216,background,25.09012,93.05102,1442.0,25.07,184.09,NASA_USGS_SRTM_30m
BG-NER-0217,background,26.91001,94.58912,92.0,0.0,0.0,NASA_USGS_SRTM_30m
BG-NER-0218,background,27.71904,92.14351,4195.0,56.32,192.18,NASA_USGS_SRTM_30m
BG-NER-0219,background,28.23872,92.79468,4898.0,46.85,28.97,NASA_USGS_SRTM_30m
BG-NER-0220,background,27.4538,94.46415,102.0,2.13,116.57,NASA_USGS_SRTM_30m
BG-NER-0221,background,28.46299,92.54715,4512.0,14.07,356.19,NASA_USGS_SRTM_30m
BG-NER-0222,background,26.87614,95.37367,487.0,25.24,135.0,NASA_USGS_SRTM_30m
BG-NER-0223,background,27.32667,96.13483,395.0,19.75,291.8,NASA_USGS_SRTM_30m
BG-NER-0224,background,27.60996,95.28618,122.0,1.91,90.0,NASA_USGS_SRTM_30m
BG-NER-0225,background,27.56346,93.53299,2136.0,38.33,34.7,NASA_USGS_SRTM_30m
BG-NER-0226,background,27.5673,96.03268,177.0,1.35,135.0,NASA_USGS_SRTM_30m
BG-NER-0227,background,27.05335,94.49228,88.0,6.72,188.13,NASA_USGS_SRTM_30m
BG-NER-0228,background,28.32355,91.96628,4747.0,0.0,0.0,NASA_USGS_SRTM_30m
BG-NER-0229,background,28.13087,94.91745,1465.0,31.7,93.09,NASA_USGS_SRTM_30m
BG-NER-0230,background,27.75683,93.76886,727.0,15.18,100.62,NASA_USGS_SRTM_30m
BG-NER-0231,background,28.11302,92.92092,5145.0,37.53,77.47,NASA_USGS_SRTM_30m
BG-NER-0232,background,28.02493,95.56187,158.0,1.35,225.0,NASA_USGS_SRTM_30m
BG-NER-0233,background,28.17449,93.73844,1512.0,18.96,50.91,NASA_USGS_SRTM_30m
BG-NER-0234,background,27.95592,92.94275,3073.0,25.2,202.93,NASA_USGS_SRTM_30m
BG-NER-0235,background,28.05452,96.32095,1284.0,26.68,275.71,NASA_USGS_SRTM_30m
BG-NER-0236,background,27.11955,94.41929,92.0,1.35,45.0,NASA_USGS_SRTM_30m
BG-NER-0237,background,28.26784,94.54146,1132.0,25.89,74.05,NASA_USGS_SRTM_30m
BG-NER-0238,background,28.35297,95.0536,249.0,30.3,266.73,NASA_USGS_SRTM_30m
BG-NER-0239,background,27.9431,92.39027,4980.0,29.02,212.74,NASA_USGS_SRTM_30m
BG-NER-0240,background,28.13928,93.50228,1586.0,51.34,196.26,NASA_USGS_SRTM_30m
BG-NER-0241,background,27.03331,91.81562,2900.0,39.45,263.02,NASA_USGS_SRTM_30m
BG-NER-0242,background,27.69651,96.12068,271.0,3.02,161.57,NASA_USGS_SRTM_30m
BG-NER-0243,background,27.34389,95.44768,128.0,3.44,146.31,NASA_USGS_SRTM_30m
BG-NER-0244,background,28.1632,96.13767,1104.0,30.97,88.41,NASA_USGS_SRTM_30m
BG-NER-0245,background,27.55487,93.77388,1588.0,18.26,315.0,NASA_USGS_SRTM_30m
BG-NER-0246,background,27.03286,96.10314,1180.0,29.42,108.97,NASA_USGS_SRTM_30m
BG-NER-0247,background,28.34325,96.28773,4286.0,21.87,274.76,NASA_USGS_SRTM_30m
BG-NER-0248,background,27.5989,94.90884,109.0,2.13,333.43,NASA_USGS_SRTM_30m
BG-NER-0249,background,27.61269,93.00873,1260.0,25.38,71.57,NASA_USGS_SRTM_30m
BG-NER-0250,background,26.64745,92.75764,69.0,6.72,81.87,NASA_USGS_SRTM_30m
BG-NER-0251,background,28.36443,96.26154,3550.0,51.4,295.2,NASA_USGS_SRTM_30m
BG-NER-0252,background,28.49959,95.56322,2612.0,31.12,263.66,NASA_USGS_SRTM_30m
BG-NER-0253,background,28.07603,94.35923,973.0,16.92,99.46,NASA_USGS_SRTM_30m
BG-NER-0254,background,26.61756,93.3279,77.0,6.38,116.57,NASA_USGS_SRTM_30m
BG-NER-0255,background,27.31209,91.90744,4178.0,15.5,32.74,NASA_USGS_SRTM_30m
BG-NER-0256,background,27.1004,93.97177,90.0,5.13,68.2,NASA_USGS_SRTM_30m
BG-NER-0257,background,25.87412,91.64886,363.0,18.54,153.43,NASA_USGS_SRTM_30m
BG-NER-0258,background,25.8966,92.3744,573.0,12.54,192.99,NASA_USGS_SRTM_30m
BG-NER-0259,background,25.53984,91.70007,1754.0,2.7,315.0,NASA_USGS_SRTM_30m
BG-NER-0260,background,25.17981,91.70494,95.0,28.18,275.36,NASA_USGS_SRTM_30m
BG-NER-0261,background,25.84994,92.3521,682.0,19.37,5.44,NASA_USGS_SRTM_30m
BG-NER-0262,background,25.63681,92.02824,971.0,17.66,47.12,NASA_USGS_SRTM_30m
BG-NER-0263,background,25.80934,91.07342,414.0,26.93,221.01,NASA_USGS_SRTM_30m
BG-NER-0264,background,26.04972,91.30955,47.0,1.91,180.0,NASA_USGS_SRTM_30m
BG-NER-0265,background,25.39851,90.70149,533.0,7.65,7.13,NASA_USGS_SRTM_30m
BG-NER-0266,background,25.67788,91.44972,1019.0,15.61,342.65,NASA_USGS_SRTM_30m
BG-NER-0267,background,26.08076,90.04399,32.0,3.02,108.43,NASA_USGS_SRTM_30m
BG-NER-0268,background,25.13179,91.4152,17.0,2.13,206.57,NASA_USGS_SRTM_30m
BG-NER-0269,background,25.88547,91.85801,604.0,38.71,266.42,NASA_USGS_SRTM_30m
BG-NER-0270,background,25.19749,92.41935,512.0,14.59,140.19,NASA_USGS_SRTM_30m
BG-NER-0271,background,25.74983,92.63691,562.0,11.98,315.0,NASA_USGS_SRTM_30m
BG-NER-0272,background,25.85464,92.25443,779.0,11.0,239.04,NASA_USGS_SRTM_30m
BG-NER-0273,background,26.06103,92.0141,261.0,13.42,65.22,NASA_USGS_SRTM_30m
BG-NER-0274,background,25.62696,91.46393,1254.0,27.51,50.19,NASA_USGS_SRTM_30m
BG-NER-0275,background,25.73995,91.7491,737.0,7.83,255.96,NASA_USGS_SRTM_30m
BG-NER-0276,background,25.24926,91.16693,493.0,44.29,123.15,NASA_USGS_SRTM_30m
BG-NER-0277,background,26.09067,90.74435,46.0,2.7,135.0,NASA_USGS_SRTM_30m
BG-NER-0278,background,25.47136,92.02662,1520.0,15.61,107.35,NASA_USGS_SRTM_30m
BG-NER-0279,background,25.18874,91.74701,176.0,19.31,272.73,NASA_USGS_SRTM_30m
BG-NER-0280,background,25.92908,90.33198,98.0,3.93,345.96,NASA_USGS_SRTM_30m
BG-NER-0281,background,25.62174,92.41742,820.0,8.1,69.44,NASA_USGS_SRTM_30m
BG-NER-0282,background,25.33099,90.20636,113.0,11.0,120.96,NASA_USGS_SRTM_30m
BG-NER-0283,background,25.18488,92.1959,536.0,11.5,325.01,NASA_USGS_SRTM_30m
BG-NER-0284,background,25.98064,92.11229,370.0,10.68,225.0,NASA_USGS_SRTM_30m
BG-NER-0285,background,25.99403,92.59729,86.0,3.44,33.69,NASA_USGS_SRTM_30m
BG-NER-0286,background,23.54387,93.34878,1488.0,29.63,275.04,NASA_USGS_SRTM_30m
BG-NER-0287,background,23.23692,92.56482,739.0,22.37,158.63,NASA_USGS_SRTM_30m
BG-NER-0288,background,22.03176,92.94168,385.0,31.14,245.56,NASA_USGS_SRTM_30m
BG-NER-0289,background,23.47425,92.83508,818.0,28.49,190.62,NASA_USGS_SRTM_30m
BG-NER-0290,background,23.36467,93.11244,1521.0,6.38,296.57,NASA_USGS_SRTM_30m
BG-NER-0291,background,23.35916,93.14303,1209.0,21.68,213.02,NASA_USGS_SRTM_30m
BG-NER-0292,background,23.56249,93.07867,830.0,12.64,221.99,NASA_USGS_SRTM_30m
BG-NER-0293,background,24.10814,92.90849,508.0,8.74,229.4,NASA_USGS_SRTM_30m
BG-NER-0294,background,23.96309,93.20731,1072.0,21.68,326.98,NASA_USGS_SRTM_30m
BG-NER-0295,background,24.44767,92.32331,38.0,0.95,180.0,NASA_USGS_SRTM_30m
BG-NER-0296,background,22.05923,92.84591,210.0,40.94,87.8,NASA_USGS_SRTM_30m
BG-NER-0297,background,23.14138,92.54175,312.0,11.35,318.37,NASA_USGS_SRTM_30m
BG-NER-0298,background,23.83137,92.72469,792.0,34.42,288.43,NASA_USGS_SRTM_30m
BG-NER-0299,background,23.96665,92.5715,511.0,35.02,357.27,NASA_USGS_SRTM_30m
BG-NER-0300,background,23.91861,93.0647,263.0,41.09,45.0,NASA_USGS_SRTM_30m
BG-NER-0301,background,23.94052,92.72827,714.0,35.02,177.27,NASA_USGS_SRTM_30m
BG-NER-0302,background,23.02975,93.11475,660.0,27.91,245.85,NASA_USGS_SRTM_30m
BG-NER-0303,background,24.10046,93.29246,1223.0,26.32,237.38,NASA_USGS_SRTM_30m
BG-NER-0304,background,22.71442,93.22186,1933.0,23.81,100.89,NASA_USGS_SRTM_30m
BG-NER-0305,background,24.49611,92.60757,31.0,2.7,135.0,NASA_USGS_SRTM_30m
BG-NER-0306,background,22.27045,93.15545,901.0,29.71,353.29,NASA_USGS_SRTM_30m
BG-NER-0307,background,23.99007,92.58573,361.0,16.43,137.29,NASA_USGS_SRTM_30m
BG-NER-0308,background,22.5148,93.10142,696.0,16.43,227.29,NASA_USGS_SRTM_30m
BG-NER-0309,background,22.37967,93.13296,969.0,22.49,139.9,NASA_USGS_SRTM_30m
BG-NER-0310,background,23.43443,92.68387,538.0,38.98,302.38,NASA_USGS_SRTM_30m
BG-NER-0311,background,23.61366,93.27547,1228.0,28.59,246.57,NASA_USGS_SRTM_30m
BG-NER-0312,background,24.37278,92.79706,53.0,1.35,315.0,NASA_USGS_SRTM_30m
BG-NER-0313,background,23.59983,91.36588,33.0,6.09,128.66,NASA_USGS_SRTM_30m
BG-NER-0314,background,23.09163,92.20519,48.0,4.04,45.0,NASA_USGS_SRTM_30m
BG-NER-0315,background,23.01097,91.94279,127.0,6.85,213.69,NASA_USGS_SRTM_30m
