event_id,sample_type,event_date,latitude,longitude,rainfall_24h_mm,rainfall_72h_mm,rainfall_source
GLC-REAL-2164,observed_landslide,2010-07-29,25.30986,94.48215,17.06,32.41,NASA_POWER_PRECTOTCORR_Daily
GLC-REAL-5122,observed_landslide,2013-07-17,25.7658,93.9413,5.65,24.17,NASA_POWER_PRECTOTCORR_Daily
GLC-REAL-5123,observed_landslide,2013-07-17,25.7131,94.0885,3.66,25.34,NASA_POWER_PRECTOTCORR_Daily
GLC-REAL-7370,observed_landslide,2015-08-01,24.1419,94.1078,2.09,71.58,NASA_POWER_PRECTOTCORR_Daily
GLC-REAL-5084,observed_landslide,2013-07-12,25.616,94.1167,18.68,107.07,NASA_POWER_PRECTOTCORR_Daily
GLC-REAL-2566,observed_landslide,2010-10-08,25.4769,94.1351,52.1,92.98,NASA_POWER_PRECTOTCORR_Daily
GLC-REAL-1109,observed_landslide,2009-08-20,25.5215,93.1645,12.55,40.34,NASA_POWER_PRECTOTCORR_Daily
GLC-REAL-1961,observed_landslide,2010-06-09,25.8833,91.2,21.72,69.05,NASA_POWER_PRECTOTCORR_Daily
GLC-REAL-2578,observed_landslide,2010-10-09,25.3179,94.0462,26.82,107.81,NASA_POWER_PRECTOTCORR_Daily
GLC-REAL-322,observed_landslide,2007-10-21,24.75,93.4333,2.38,19.51,NASA_POWER_PRECTOTCORR_Daily
GLC-REAL-5552,observed_landslide,2013-09-24,25.0985,94.3619,0.3,0.56,NASA_POWER_PRECTOTCORR_Daily
GLC-REAL-2025,observed_landslide,2010-06-28,25.5728,91.885,49.93,121.2,NASA_POWER_PRECTOTCORR_Daily
GLC-REAL-9405,observed_landslide,2016-04-19,26.7223,95.0243,10.83,37.9,NASA_POWER_PRECTOTCORR_Daily
GLC-REAL-5343,observed_landslide,2013-08-17,24.7625,93.4341,8.13,26.33,NASA_POWER_PRECTOTCORR_Daily
GLC-REAL-6971,observed_landslide,2015-06-09,27.0987,93.816,44.35,137.97,NASA_POWER_PRECTOTCORR_Daily
GLC-REAL-1611,observed_landslide,2010-04-01,25.1553,93.028,40.47,104.47,NASA_POWER_PRECTOTCORR_Daily
GLC-REAL-147,observed_landslide,2007-07-30,22.533,92.899,0.31,3.17,NASA_POWER_PRECTOTCORR_Daily
GLC-REAL-4382,observed_landslide,2012-06-03,25.1175,92.8573,27.34,76.45,NASA_POWER_PRECTOTCORR_Daily
GLC-REAL-2424,observed_landslide,2010-09-13,23.591,92.9296,5.92,10.64,NASA_POWER_PRECTOTCORR_Daily
GLC-REAL-5431,observed_landslide,2013-09-01,24.9829,93.5063,5.42,8.29,NASA_POWER_PRECTOTCORR_Daily
GLC-REAL-3672,observed_landslide,2011-06-29,25.5125,93.3613,20.83,75.23,NASA_POWER_PRECTOTCORR_Daily
GLC-REAL-2253,observed_landslide,2010-08-15,25.31006,94.48265,10.62,28.36,NASA_POWER_PRECTOTCORR_Daily
GLC-REAL-1108,observed_landslide,2009-08-20,24.9925,93.5,5.16,18.51,NASA_POWER_PRECTOTCORR_Daily
GLC-REAL-9168,observed_landslide,2016-06-12,27.6438,93.871,23.76,42.42,NASA_POWER_PRECTOTCORR_Daily
GLC-REAL-3560,observed_landslide,2011-05-31,24.8286,93.5935,15.72,45.38,NASA_POWER_PRECTOTCORR_Daily
GLC-REAL-587,observed_landslide,2008-06-15,27.2298,94.0989,1.5,64.37,NASA_POWER_PRECTOTCORR_Daily
GLC-REAL-8012,observed_landslide,2015-09-06,25.9703,91.8584,0.87,29.57,NASA_POWER_PRECTOTCORR_Daily
GLC-REAL-7335,observed_landslide,2015-08-18,25.5145,90.2023,15.22,43.75,NASA_POWER_PRECTOTCORR_Daily
GLC-REAL-141,observed_landslide,2007-07-26,25.38,91.88,34.95,113.14,NASA_POWER_PRECTOTCORR_Daily
GLC-REAL-3983,observed_landslide,2011-09-23,26.1548,91.7351,10.55,36.67,NASA_POWER_PRECTOTCORR_Daily
GLC-REAL-148,observed_landslide,2007-07-30,22.479,92.967,0.31,3.17,NASA_POWER_PRECTOTCORR_Daily
GLC-REAL-1775,observed_landslide,2010-04-21,27.8965,96.1779,46.75,98.64,NASA_POWER_PRECTOTCORR_Daily
GLC-REAL-3663,observed_landslide,2011-06-28,25.6682,94.1099,10.59,57.37,NASA_POWER_PRECTOTCORR_Daily
GLC-REAL-7385,observed_landslide,2015-08-01,24.004,93.9815,5.31,82.66,NASA_POWER_PRECTOTCORR_Daily
GLC-REAL-2575,observed_landslide,2010-10-09,25.5242,92.9914,26.53,110.95,NASA_POWER_PRECTOTCORR_Daily
GLC-REAL-3840,observed_landslide,2011-07-25,24.6869,93.9157,2.86,6.69,NASA_POWER_PRECTOTCORR_Daily
GLC-REAL-6015,observed_landslide,2014-05-08,27.9032,96.174,33.77,55.08,NASA_POWER_PRECTOTCORR_Daily
GLC-REAL-3741,observed_landslide,2011-07-07,25.4191,94.1079,2.6,11.26,NASA_POWER_PRECTOTCORR_Daily
GLC-REAL-2106,observed_landslide,2010-07-20,26.8716,94.9921,14.6,56.11,NASA_POWER_PRECTOTCORR_Daily
GLC-REAL-9051,observed_landslide,2016-07-19,26.09748,91.87443,19.72,128.07,NASA_POWER_PRECTOTCORR_Daily
GLC-REAL-870,observed_landslide,2008-10-29,27.4,92.35,0.0,24.16,NASA_POWER_PRECTOTCORR_Daily
GLC-REAL-3830,observed_landslide,2011-07-22,24.3527,94.3429,5.5,39.36,NASA_POWER_PRECTOTCORR_Daily
GLC-REAL-4906,observed_landslide,2013-06-07,26.0977,94.7499,9.11,20.54,NASA_POWER_PRECTOTCORR_Daily
GLC-REAL-3269,observed_landslide,2011-03-22,28.0791,96.5242,7.48,55.41,NASA_POWER_PRECTOTCORR_Daily
GLC-REAL-6990,observed_landslide,2015-06-24,26.0319,94.5466,13.93,42.27,NASA_POWER_PRECTOTCORR_Daily
GLC-REAL-6222,observed_landslide,2014-10-01,27.1249,93.7706,0.0,0.01,NASA_POWER_PRECTOTCORR_Daily
GLC-REAL-9169,observed_landslide,2016-06-12,26.1677,94.2442,10.04,18.74,NASA_POWER_PRECTOTCORR_Daily
GLC-REAL-4435,observed_landslide,2012-06-25,27.174,95.8011,36.02,76.5,NASA_POWER_PRECTOTCORR_Daily
GLC-REAL-4313,observed_landslide,2012-04-08,28.4659,95.86,3.12,12.66,NASA_POWER_PRECTOTCORR_Daily
GLC-REAL-2344,observed_landslide,2010-08-27,24.7505,93.4221,8.73,15.13,NASA_POWER_PRECTOTCORR_Daily
GLC-REAL-7263,observed_landslide,2015-07-22,25.4477,94.0489,10.3,41.39,NASA_POWER_PRECTOTCORR_Daily
GLC-REAL-5271,observed_landslide,2013-08-04,26.284,94.5808,5.53,15.66,NASA_POWER_PRECTOTCORR_Daily
GLC-REAL-4424,observed_landslide,2012-06-20,26.149,91.7351,32.69,36.57,NASA_POWER_PRECTOTCORR_Daily
GLC-REAL-3525,observed_landslide,2011-05-22,25.0672,93.4093,12.35,93.39,NASA_POWER_PRECTOTCORR_Daily
GLC-REAL-7369,observed_landslide,2015-08-01,24.1988,94.1016,2.09,71.58,NASA_POWER_PRECTOTCORR_Daily
GLC-REAL-4892,observed_landslide,2013-06-01,27.8776,94.25,10.89,21.72,NASA_POWER_PRECTOTCORR_Daily
GLC-REAL-4377,observed_landslide,2012-06-02,26.1475,91.7356,12.72,43.71,NASA_POWER_PRECTOTCORR_Daily
GLC-REAL-5430,observed_landslide,2013-09-01,24.9037,93.487,5.42,8.29,NASA_POWER_PRECTOTCORR_Daily
GLC-REAL-7264,observed_landslide,2015-07-22,25.4538,93.9827,10.3,41.39,NASA_POWER_PRECTOTCORR_Daily
GLC-REAL-5006,observed_landslide,2013-07-01,26.1147,94.3864,9.11,27.57,NASA_POWER_PRECTOTCORR_Daily
GLC-REAL-9335,observed_landslide,2016-05-18,24.5202,92.7239,75.63,179.71,NASA_POWER_PRECTOTCORR_Daily
GLC-REAL-7279,observed_landslide,2015-07-24,24.9818,93.5142,14.94,43.33,NASA_POWER_PRECTOTCORR_Daily
GLC-REAL-6288,observed_landslide,2014-09-22,26.1985,91.7998,126.76,191.59,NASA_POWER_PRECTOTCORR_Daily
GLC-REAL-5087,observed_landslide,2013-07-12,25.6269,94.1139,18.68,107.07,NASA_POWER_PRECTOTCORR_Daily
GLC-REAL-258,observed_landslide,2007-09-11,24.4279,94.0564,6.06,13.55,NASA_POWER_PRECTOTCORR_Daily
GLC-REAL-5338,observed_landslide,2013-08-16,26.8727,94.9275,36.7,45.85,NASA_POWER_PRECTOTCORR_Daily
GLC-REAL-2411,observed_landslide,2010-09-10,27.0011,93.7273,15.17,73.01,NASA_POWER_PRECTOTCORR_Daily
GLC-REAL-6143,observed_landslide,2014-07-14,23.7327,92.7463,4.46,14.06,NASA_POWER_PRECTOTCORR_Daily
GLC-REAL-9124,observed_landslide,2016-07-19,25.203,90.5573,39.27,219.59,NASA_POWER_PRECTOTCORR_Daily
GLC-REAL-2282,observed_landslide,2010-08-19,26.1984,94.8158,13.74,29.82,NASA_POWER_PRECTOTCORR_Daily
GLC-REAL-9338,observed_landslide,2016-05-18,24.4638,92.4943,75.63,179.71,NASA_POWER_PRECTOTCORR_Daily
GLC-REAL-2421,observed_landslide,2010-09-13,23.75407,92.74129,11.41,19.1,NASA_POWER_PRECTOTCORR_Daily
GLC-REAL-2249,observed_landslide,2010-08-14,26.0814,94.803,11.86,53.09,NASA_POWER_PRECTOTCORR_Daily
GLC-REAL-8901,observed_landslide,2016-07-10,25.7902,94.1318,14.38,23.03,NASA_POWER_PRECTOTCORR_Daily
GLC-REAL-2283,observed_landslide,2010-08-19,24.8961,93.4957,8.39,19.28,NASA_POWER_PRECTOTCORR_Daily
GLC-REAL-6016,observed_landslide,2014-05-09,24.8669,92.3576,43.71,124.37,NASA_POWER_PRECTOTCORR_Daily
GLC-REAL-215,observed_landslide,2007-08-28,25.7428,93.9136,3.08,14.24,NASA_POWER_PRECTOTCORR_Daily
GLC-REAL-7780,observed_landslide,2015-08-26,23.3572,92.7878,2.74,4.43,NASA_POWER_PRECTOTCORR_Daily
GLC-REAL-2281,observed_landslide,2010-08-19,25.6156,94.11603,10.84,27.29,NASA_POWER_PRECTOTCORR_Daily
GLC-REAL-1996,observed_landslide,2010-06-17,26.4333,94.8833,2.62,54.18,NASA_POWER_PRECTOTCORR_Daily
GLC-REAL-6283,observed_landslide,2014-09-22,26.1314,91.7548,126.76,191.59,NASA_POWER_PRECTOTCORR_Daily
GLC-REAL-8930,observed_landslide,2016-07-11,26.1699,94.4922,8.39,28.43,NASA_POWER_PRECTOTCORR_Daily
GLC-REAL-869,observed_landslide,2008-10-29,27.2333,94.1167,0.0,19.84,NASA_POWER_PRECTOTCORR_Daily
GLC-REAL-285,observed_landslide,2007-09-29,24.1293,92.6921,4.42,4.61,NASA_POWER_PRECTOTCORR_Daily
GLC-REAL-3662,observed_landslide,2011-06-28,25.03562,94.01442,12.9,73.66,NASA_POWER_PRECTOTCORR_Daily
GLC-REAL-5427,observed_landslide,2013-08-15,25.3833,94.1884,4.08,74.99,NASA_POWER_PRECTOTCORR_Daily
GLC-REAL-8339,observed_landslide,2015-09-23,26.1666,91.7042,61.13,106.92,NASA_POWER_PRECTOTCORR_Daily
GLC-REAL-4905,observed_landslide,2013-06-07,26.0977,94.7031,9.11,20.54,NASA_POWER_PRECTOTCORR_Daily
GLC-REAL-9186,observed_landslide,2016-07-25,25.48,94.1383,18.3,31.65,NASA_POWER_PRECTOTCORR_Daily
GLC-REAL-5107,observed_landslide,2013-07-15,25.6269,94.1139,14.57,35.52,NASA_POWER_PRECTOTCORR_Daily
GLC-REAL-7253,observed_landslide,2015-07-22,24.7979,92.9974,18.11,52.6,NASA_POWER_PRECTOTCORR_Daily
GLC-REAL-6286,observed_landslide,2014-09-22,26.1044,91.7082,126.76,191.59,NASA_POWER_PRECTOTCORR_Daily
GLC-REAL-594,observed_landslide,2008-06-19,24.9336,93.8275,6.03,24.82,NASA_POWER_PRECTOTCORR_Daily
GLC-REAL-5337,observed_landslide,2013-08-16,26.4205,94.9731,39.28,53.14,NASA_POWER_PRECTOTCORR_Daily
GLC-REAL-3881,observed_landslide,2011-08-05,27.1034,93.6885,21.34,48.21,NASA_POWER_PRECTOTCORR_Daily
GLC-REAL-3925,observed_landslide,2011-08-15,27.4888,93.0153,42.1,67.64,NASA_POWER_PRECTOTCORR_Daily
GLC-REAL-7383,observed_landslide,2015-08-01,23.899,94.1434,2.09,71.58,NASA_POWER_PRECTOTCORR_Daily
GLC-REAL-8900,observed_landslide,2016-07-07,25.0118,94.3136,11.95,28.19,NASA_POWER_PRECTOTCORR_Daily
GLC-REAL-4757,observed_landslide,2013-02-18,28.1193,95.1645,2.93,5.34,NASA_POWER_PRECTOTCORR_Daily
GLC-REAL-7666,observed_landslide,2015-08-11,25.1019,93.3729,5.63,34.46,NASA_POWER_PRECTOTCORR_Daily
GLC-REAL-2045,observed_landslide,2010-07-06,26.2363,94.8133,9.26,32.72,NASA_POWER_PRECTOTCORR_Daily
GLC-REAL-7701,observed_landslide,2015-08-19,25.6278,94.1051,8.1,17.36,NASA_POWER_PRECTOTCORR_Daily
GLC-REAL-2422,observed_landslide,2010-09-13,23.74183,92.71419,9.93,17.18,NASA_POWER_PRECTOTCORR_Daily
GLC-REAL-6513,observed_landslide,2014-08-14,23.0137,91.7174,85.53,181.53,NASA_POWER_PRECTOTCORR_Daily
GLC-REAL-2248,observed_landslide,2010-08-14,26.222,94.9152,11.86,53.09,NASA_POWER_PRECTOTCORR_Daily
GLC-REAL-5268,observed_landslide,2013-08-04,26.0137,94.5163,5.78,14.93,NASA_POWER_PRECTOTCORR_Daily
GLC-REAL-6106,observed_landslide,2014-06-26,26.1407,91.7645,14.23,20.69,NASA_POWER_PRECTOTCORR_Daily
GLC-REAL-3965,observed_landslide,2011-09-06,24.808,93.117,22.29,30.58,NASA_POWER_PRECTOTCORR_Daily
GLC-REAL-6969,observed_landslide,2015-06-16,25.5114,90.215,27.16,62.64,NASA_POWER_PRECTOTCORR_Daily
GLC-REAL-2044,observed_landslide,2010-07-06,25.8877,94.7861,9.26,32.72,NASA_POWER_PRECTOTCORR_Daily
GLC-REAL-2587,observed_landslide,2010-10-10,25.6623,94.1072,0.87,76.09,NASA_POWER_PRECTOTCORR_Daily
GLC-REAL-8684,observed_landslide,2016-07-07,25.9611,91.3681,24.29,49.8,NASA_POWER_PRECTOTCORR_Daily
GLC-REAL-1596,observed_landslide,2010-03-27,24.7339,93.9161,11.35,12.42,NASA_POWER_PRECTOTCORR_Daily
GLC-REAL-1771,observed_landslide,2010-04-20,26.1978,91.7665,33.21,123.36,NASA_POWER_PRECTOTCORR_Daily
GLC-REAL-7364,observed_landslide,2015-07-31,24.819,94.3551,79.86,103.04,NASA_POWER_PRECTOTCORR_Daily
GLC-REAL-6968,observed_landslide,2015-06-13,25.463,92.2121,32.26,105.13,NASA_POWER_PRECTOTCORR_Daily
GLC-REAL-7373,observed_landslide,2015-08-01,24.9111,94.4759,4.9,104.34,NASA_POWER_PRECTOTCORR_Daily
GLC-REAL-4570,observed_landslide,2012-09-19,27.8458,95.2253,62.91,108.4,NASA_POWER_PRECTOTCORR_Daily
GLC-REAL-1935,observed_landslide,2010-06-03,23.8986,91.7599,40.65,82.29,NASA_POWER_PRECTOTCORR_Daily
GLC-REAL-2577,observed_landslide,2010-10-09,25.5265,93.8673,26.82,107.81,NASA_POWER_PRECTOTCORR_Daily
GLC-REAL-7276,observed_landslide,2015-07-25,26.1062,91.8717,11.76,44.78,NASA_POWER_PRECTOTCORR_Daily
GLC-REAL-2576,observed_landslide,2010-10-09,25.4788,94.1399,23.12,99.99,NASA_POWER_PRECTOTCORR_Daily
GLC-REAL-6293,observed_landslide,2014-10-20,25.5006,90.0896,0.0,0.07,NASA_POWER_PRECTOTCORR_Daily
GLC-REAL-4858,observed_landslide,2013-05-11,26.1662,91.7138,38.98,109.25,NASA_POWER_PRECTOTCORR_Daily
GLC-REAL-5269,observed_landslide,2013-08-04,25.8376,94.5234,5.78,14.93,NASA_POWER_PRECTOTCORR_Daily
GLC-REAL-5270,observed_landslide,2013-08-04,26.0481,94.4619,5.78,14.93,NASA_POWER_PRECTOTCORR_Daily
GLC-REAL-6284,observed_landslide,2014-09-22,26.1324,91.8342,126.76,191.59,NASA_POWER_PRECTOTCORR_Daily
GLC-REAL-9251,observed_landslide,2016-07-28,25.8702,94.7844,28.36,51.51,NASA_POWER_PRECTOTCORR_Daily
GLC-REAL-7699,observed_landslide,2015-08-19,26.0214,94.5224,14.28,30.55,NASA_POWER_PRECTOTCORR_Daily
GLC-REAL-7664,observed_landslide,2015-08-11,24.7459,93.4251,5.97,40.38,NASA_POWER_PRECTOTCORR_Daily
GLC-REAL-7589,observed_landslide,2015-08-19,25.2568,92.3825,35.06,81.02,NASA_POWER_PRECTOTCORR_Daily
GLC-REAL-7887,observed_landslide,2015-08-16,27.8835,96.9262,7.42,24.99,NASA_POWER_PRECTOTCORR_Daily
GLC-REAL-9404,observed_landslide,2016-05-01,28.0822,96.5316,6.31,22.57,NASA_POWER_PRECTOTCORR_Daily
GLC-REAL-6287,observed_landslide,2014-09-22,26.1295,91.7056,126.76,191.59,NASA_POWER_PRECTOTCORR_Daily
GLC-REAL-2304,observed_landslide,2010-08-21,25.5718,94.1211,5.7,25.64,NASA_POWER_PRECTOTCORR_Daily
GLC-REAL-5273,observed_landslide,2013-08-04,26.1807,94.5497,5.78,14.93,NASA_POWER_PRECTOTCORR_Daily
GLC-REAL-8995,observed_landslide,2016-07-14,26.1963,91.8074,7.89,16.48,NASA_POWER_PRECTOTCORR_Daily
GLC-REAL-2567,observed_landslide,2010-10-08,25.6633,94.4703,52.1,92.98,NASA_POWER_PRECTOTCORR_Daily
GLC-REAL-6285,observed_landslide,2014-09-22,26.159,91.8178,126.76,191.59,NASA_POWER_PRECTOTCORR_Daily
GLC-REAL-868,observed_landslide,2008-10-29,26.3333,91.25,0.03,26.54,NASA_POWER_PRECTOTCORR_Daily
GLC-REAL-5005,observed_landslide,2013-07-01,26.72,95.029,14.44,33.33,NASA_POWER_PRECTOTCORR_Daily
GLC-REAL-3860,observed_landslide,2011-07-29,25.4192,94.108,4.21,9.26,NASA_POWER_PRECTOTCORR_Daily
GLC-REAL-1127,observed_landslide,2009-08-27,25.1718,93.123,4.12,19.43,NASA_POWER_PRECTOTCORR_Daily
GLC-REAL-5603,observed_landslide,2013-10-13,25.426,94.6024,0.02,0.04,NASA_POWER_PRECTOTCORR_Daily
GLC-REAL-2042,observed_landslide,2010-07-06,26.0093,94.5238,9.14,35.75,NASA_POWER_PRECTOTCORR_Daily
GLC-REAL-5442,observed_landslide,2013-09-02,27.1614,93.7525,40.7,70.95,NASA_POWER_PRECTOTCORR_Daily
GLC-REAL-7933,observed_landslide,2015-09-01,26.1868,91.6739,8.4,82.12,NASA_POWER_PRECTOTCORR_Daily
GLC-REAL-3637,observed_landslide,2011-06-21,25.51615,94.23412,8.32,18.31,NASA_POWER_PRECTOTCORR_Daily
GLC-REAL-3837,observed_landslide,2011-07-24,26.5836,93.0038,2.3,44.38,NASA_POWER_PRECTOTCORR_Daily
GLC-REAL-220,observed_landslide,2007-08-31,25.1333,93.9667,1.28,4.27,NASA_POWER_PRECTOTCORR_Daily
GLC-REAL-212,observed_landslide,2007-08-26,25.5576,91.8506,40.07,55.66,NASA_POWER_PRECTOTCORR_Daily
GLC-REAL-7372,observed_landslide,2015-07-31,25.0634,94.3415,79.86,103.04,NASA_POWER_PRECTOTCORR_Daily
GLC-REAL-2570,observed_landslide,2010-10-08,24.837,93.9128,76.95,132.5,NASA_POWER_PRECTOTCORR_Daily
GLC-REAL-3806,observed_landslide,2011-07-19,27.1032,93.6884,58.61,136.8,NASA_POWER_PRECTOTCORR_Daily
GLC-REAL-2026,observed_landslide,2010-06-28,25.4916,91.2698,47.18,124.26,NASA_POWER_PRECTOTCORR_Daily
GLC-REAL-714,observed_landslide,2008-08-14,27.163,94.0,10.32,32.41,NASA_POWER_PRECTOTCORR_Daily
GLC-REAL-6110,observed_landslide,2014-06-27,26.1619,91.7697,6.85,21.91,NASA_POWER_PRECTOTCORR_Daily
GLC-REAL-247,observed_landslide,2007-09-08,25.0604,93.9877,19.36,74.29,NASA_POWER_PRECTOTCORR_Daily
GLC-REAL-4407,observed_landslide,2012-06-13,25.0951,92.3567,38.73,97.96,NASA_POWER_PRECTOTCORR_Daily
GLC-REAL-3789,observed_landslide,2011-07-16,27.2743,92.9064,2.2,79.4,NASA_POWER_PRECTOTCORR_Daily
GLC-REAL-6292,observed_landslide,2014-09-23,25.7238,89.9032,13.14,178.28,NASA_POWER_PRECTOTCORR_Daily
GLC-REAL-545,observed_landslide,2008-05-20,24.9849,92.8411,5.6,22.56,NASA_POWER_PRECTOTCORR_Daily
GLC-REAL-7265,observed_landslide,2015-07-22,25.5007,93.9854,10.3,41.39,NASA_POWER_PRECTOTCORR_Daily
GLC-REAL-2436,observed_landslide,2010-09-16,24.3069,93.125,11.4,30.38,NASA_POWER_PRECTOTCORR_Daily
GLC-REAL-7727,observed_landslide,2015-08-20,25.6263,94.1057,8.68,20.24,NASA_POWER_PRECTOTCORR_Daily
GLC-REAL-7334,observed_landslide,2015-08-18,28.1737,94.7596,25.29,66.26,NASA_POWER_PRECTOTCORR_Daily
GLC-REAL-6200,observed_landslide,2014-08-17,27.0869,93.6086,4.65,43.69,NASA_POWER_PRECTOTCORR_Daily
GLC-REAL-7778,observed_landslide,2015-08-26,23.8447,93.0514,3.95,11.51,NASA_POWER_PRECTOTCORR_Daily
GLC-REAL-6290,observed_landslide,2014-09-23,25.5772,91.8666,73.98,252.28,NASA_POWER_PRECTOTCORR_Daily
GLC-REAL-4408,observed_landslide,2012-06-13,25.5498,92.0757,27.68,87.41,NASA_POWER_PRECTOTCORR_Daily
GLC-REAL-4403,observed_landslide,2012-06-10,24.8142,93.5444,5.93,7.31,NASA_POWER_PRECTOTCORR_Daily
GLC-REAL-2140,observed_landslide,2010-07-25,25.0477,92.801,3.43,18.78,NASA_POWER_PRECTOTCORR_Daily
GLC-REAL-2243,observed_landslide,2010-08-13,25.70224,94.0462,10.61,13.72,NASA_POWER_PRECTOTCORR_Daily
GLC-REAL-9142,observed_landslide,2016-06-14,26.3185,94.5247,6.05,35.82,NASA_POWER_PRECTOTCORR_Daily
GLC-REAL-6107,observed_landslide,2014-06-26,26.1844,91.7896,14.23,20.69,NASA_POWER_PRECTOTCORR_Daily
GLC-REAL-255,observed_landslide,2007-09-10,24.2451,94.0691,0.73,10.16,NASA_POWER_PRECTOTCORR_Daily
GLC-REAL-7660,observed_landslide,2015-08-12,25.6237,94.1136,3.35,14.73,NASA_POWER_PRECTOTCORR_Daily
GLC-REAL-7389,observed_landslide,2015-08-01,24.4072,94.0644,3.7,100.7,NASA_POWER_PRECTOTCORR_Daily
GLC-REAL-2437,observed_landslide,2010-09-16,23.7527,92.694,7.76,34.33,NASA_POWER_PRECTOTCORR_Daily
GLC-REAL-731,observed_landslide,2008-08-19,26.138,94.25,29.74,62.14,NASA_POWER_PRECTOTCORR_Daily
GLC-REAL-7371,observed_landslide,2015-08-01,23.9939,94.0573,5.31,82.66,NASA_POWER_PRECTOTCORR_Daily
GLC-REAL-7923,observed_landslide,2015-09-01,26.49349,91.72138,10.67,74.71,NASA_POWER_PRECTOTCORR_Daily
GLC-REAL-760,observed_landslide,2008-08-29,25.67,94.1066,5.84,16.36,NASA_POWER_PRECTOTCORR_Daily
GLC-REAL-2182,observed_landslide,2010-07-31,24.9356,93.8443,17.28,60.98,NASA_POWER_PRECTOTCORR_Daily
GLC-REAL-1954,observed_landslide,2010-06-07,24.7543,93.5039,7.71,43.91,NASA_POWER_PRECTOTCORR_Daily
GLC-REAL-6963,observed_landslide,2015-06-19,23.7131,92.7362,4.32,6.93,NASA_POWER_PRECTOTCORR_Daily
GLC-REAL-5336,observed_landslide,2013-08-16,26.3897,94.9439,39.28,53.14,NASA_POWER_PRECTOTCORR_Daily
GLC-REAL-7590,observed_landslide,2015-08-19,25.1416,92.3807,41.24,100.47,NASA_POWER_PRECTOTCORR_Daily
GLC-REAL-1222,observed_landslide,2009-10-05,23.73479,92.72124,16.64,63.8,NASA_POWER_PRECTOTCORR_Daily
GLC-REAL-8222,observed_landslide,2016-06-22,26.1961,91.7825,19.78,46.18,NASA_POWER_PRECTOTCORR_Daily
GLC-REAL-7706,observed_landslide,2015-08-19,25.0728,92.3636,41.24,100.47,NASA_POWER_PRECTOTCORR_Daily
GLC-REAL-8224,observed_landslide,2015-09-14,23.7313,92.7187,13.58,44.56,NASA_POWER_PRECTOTCORR_Daily
GLC-REAL-4241,observed_landslide,2012-03-04,25.1604,93.6795,0.04,8.26,NASA_POWER_PRECTOTCORR_Daily
GLC-REAL-1930,observed_landslide,2010-05-31,28.4298,95.8776,10.46,13.68,NASA_POWER_PRECTOTCORR_Daily
GLC-REAL-9334,observed_landslide,2016-05-18,24.5204,92.7264,75.63,179.71,NASA_POWER_PRECTOTCORR_Daily
GLC-REAL-8237,observed_landslide,2016-07-01,27.0136,92.6351,7.67,13.51,NASA_POWER_PRECTOTCORR_Daily
GLC-REAL-585,observed_landslide,2008-06-14,27.0998,93.6287,42.4,85.43,NASA_POWER_PRECTOTCORR_Daily
GLC-REAL-4859,observed_landslide,2013-05-11,26.1771,91.7599,38.98,109.25,NASA_POWER_PRECTOTCORR_Daily
GLC-REAL-4436,observed_landslide,2012-06-25,26.9986,95.4993,36.02,76.5,NASA_POWER_PRECTOTCORR_Daily
GLC-REAL-3916,observed_landslide,2011-08-13,25.7713,93.8067,9.88,16.2,NASA_POWER_PRECTOTCORR_Daily
GLC-REAL-5250,observed_landslide,2013-08-01,27.8837,93.0515,9.91,35.1,NASA_POWER_PRECTOTCORR_Daily
GLC-REAL-3738,observed_landslide,2011-07-06,24.8063,93.9482,2.82,30.15,NASA_POWER_PRECTOTCORR_Daily
GLC-REAL-2426,observed_landslide,2010-09-13,22.7176,92.8416,5.13,13.96,NASA_POWER_PRECTOTCORR_Daily
GLC-REAL-1084,observed_landslide,2009-08-12,27.7,92.8,17.32,32.27,NASA_POWER_PRECTOTCORR_Daily
GLC-REAL-7266,observed_landslide,2015-07-22,25.5098,93.8794,10.3,41.39,NASA_POWER_PRECTOTCORR_Daily
GLC-REAL-1129,observed_landslide,2009-08-30,24.8628,94.4182,4.61,5.06,NASA_POWER_PRECTOTCORR_Daily
GLC-REAL-2166,observed_landslide,2010-07-29,24.9786,93.5027,19.68,36.42,NASA_POWER_PRECTOTCORR_Daily
GLC-REAL-213,observed_landslide,2007-08-26,25.2946,92.8339,13.28,16.62,NASA_POWER_PRECTOTCORR_Daily
GLC-REAL-4426,observed_landslide,2012-06-22,26.1226,91.7162,43.46,79.73,NASA_POWER_PRECTOTCORR_Daily
GLC-REAL-8366,observed_landslide,2015-09-23,25.583,91.893,48.8,118.09,NASA_POWER_PRECTOTCORR_Daily
GLC-REAL-1934,observed_landslide,2010-06-03,24.6005,92.3814,54.42,121.7,NASA_POWER_PRECTOTCORR_Daily
GLC-REAL-7655,observed_landslide,2016-04-22,27.5799,91.8569,11.02,58.47,NASA_POWER_PRECTOTCORR_Daily
GLC-REAL-9464,observed_landslide,2016-08-05,27.5754,91.9754,0.23,10.25,NASA_POWER_PRECTOTCORR_Daily
GLC-REAL-3912,observed_landslide,2011-08-12,27.44,92.2833,6.41,9.64,NASA_POWER_PRECTOTCORR_Daily
GLC-REAL-5272,observed_landslide,2013-08-04,26.2083,94.5438,5.78,14.93,NASA_POWER_PRECTOTCORR_Daily
GLC-REAL-580,observed_landslide,2008-06-09,24.6596,93.9784,4.16,12.25,NASA_POWER_PRECTOTCORR_Daily
GLC-REAL-5575,observed_landslide,2013-10-05,25.8266,94.1497,16.72,36.68,NASA_POWER_PRECTOTCORR_Daily
GLC-REAL-8996,observed_landslide,2016-07-14,26.1768,91.7702,7.89,16.48,NASA_POWER_PRECTOTCORR_Daily
GLC-REAL-1613,observed_landslide,2010-04-02,27.8997,93.3497,6.29,18.64,NASA_POWER_PRECTOTCORR_Daily
GLC-REAL-4857,observed_landslide,2013-05-11,23.7281,92.7175,21.06,76.18,NASA_POWER_PRECTOTCORR_Daily
GLC-REAL-6945,observed_landslide,2015-06-19,25.16,93.686,1.74,5.62,NASA_POWER_PRECTOTCORR_Daily
GLC-REAL-1857,observed_landslide,2010-05-11,25.3433,92.2897,12.85,28.61,NASA_POWER_PRECTOTCORR_Daily
GLC-REAL-2743,observed_landslide,2010-11-22,27.57987,91.85672,0.0,1.5,NASA_POWER_PRECTOTCORR_Daily
GLC-REAL-4860,observed_landslide,2013-05-11,26.1016,91.6906,38.98,109.25,NASA_POWER_PRECTOTCORR_Daily
GLC-REAL-4845,observed_landslide,2013-05-07,24.2315,92.6755,55.11,132.57,NASA_POWER_PRECTOTCORR_Daily
GLC-REAL-1770,observed_landslide,2010-04-20,26.1965,91.763,33.21,123.36,NASA_POWER_PRECTOTCORR_Daily
GLC-REAL-7728,observed_landslide,2015-08-22,26.1028,91.8806,4.42,70.45,NASA_POWER_PRECTOTCORR_Daily
GLC-REAL-5274,observed_landslide,2013-08-04,26.0838,94.564,5.78,14.93,NASA_POWER_PRECTOTCORR_Daily
GLC-REAL-7836,observed_landslide,2015-08-27,24.042,92.6724,5.48,9.52,NASA_POWER_PRECTOTCORR_Daily
GLC-REAL-3776,observed_landslide,2011-07-15,27.125,93.7145,22.61,108.87,NASA_POWER_PRECTOTCORR_Daily
GLC-REAL-7388,observed_landslide,2015-08-01,24.416,94.0984,3.7,100.7,NASA_POWER_PRECTOTCORR_Daily
GLC-REAL-5421,observed_landslide,2013-08-30,26.4205,94.9731,7.63,44.85,NASA_POWER_PRECTOTCORR_Daily
GLC-REAL-2343,observed_landslide,2010-08-27,25.4786,94.1327,14.5,22.07,NASA_POWER_PRECTOTCORR_Daily
GLC-REAL-3683,observed_landslide,2011-07-01,25.8782,94.1739,19.89,41.75,NASA_POWER_PRECTOTCORR_Daily
GLC-REAL-7591,observed_landslide,2015-03-19,25.0318,92.4584,0.01,0.01,NASA_POWER_PRECTOTCORR_Daily
GLC-REAL-9232,observed_landslide,2016-07-28,23.5397,93.3783,7.01,19.12,NASA_POWER_PRECTOTCORR_Daily
GLC-REAL-4434,observed_landslide,2012-06-25,26.1049,91.7369,100.21,151.86,NASA_POWER_PRECTOTCORR_Daily
GLC-REAL-7214,observed_landslide,2015-07-15,27.36,93.0385,40.53,70.31,NASA_POWER_PRECTOTCORR_Daily
GLC-REAL-5582,observed_landslide,2013-10-06,26.1309,91.8383,62.76,151.09,NASA_POWER_PRECTOTCORR_Daily
GLC-REAL-2405,observed_landslide,2010-09-09,28.3036,95.4112,38.76,89.09,NASA_POWER_PRECTOTCORR_Daily
GLC-REAL-3556,observed_landslide,2011-05-31,25.1555,93.8474,15.72,45.38,NASA_POWER_PRECTOTCORR_Daily
GLC-REAL-2569,observed_landslide,2010-10-08,25.2745,94.0212,53.95,91.32,NASA_POWER_PRECTOTCORR_Daily
GLC-REAL-2423,observed_landslide,2010-09-13,23.73504,92.71061,9.93,17.18,NASA_POWER_PRECTOTCORR_Daily
GLC-REAL-3532,observed_landslide,2011-05-24,25.0888,92.8551,15.2,50.01,NASA_POWER_PRECTOTCORR_Daily
GLC-REAL-7956,observed_landslide,2015-09-05,26.048,91.8695,3.69,63.5,NASA_POWER_PRECTOTCORR_Daily
GLC-REAL-2425,observed_landslide,2010-09-13,23.3439,93.0748,5.92,10.64,NASA_POWER_PRECTOTCORR_Daily
GLC-REAL-6970,observed_landslide,2015-06-16,25.5084,90.2191,27.16,62.64,NASA_POWER_PRECTOTCORR_Daily
GLC-REAL-5312,observed_landslide,2013-08-11,26.7103,94.693,6.1,12.29,NASA_POWER_PRECTOTCORR_Daily
GLC-REAL-2568,observed_landslide,2010-10-08,24.7679,93.4108,86.18,138.2,NASA_POWER_PRECTOTCORR_Daily
GLC-REAL-7409,observed_landslide,2015-08-02,25.72,94.6219,0.7,71.33,NASA_POWER_PRECTOTCORR_Daily
GLC-REAL-9219,observed_landslide,2016-07-26,26.0101,94.5282,1.68,31.23,NASA_POWER_PRECTOTCORR_Daily
GLC-REAL-2579,observed_landslide,2010-10-09,25.682,94.1076,23.12,99.99,NASA_POWER_PRECTOTCORR_Daily
GLC-REAL-8223,observed_landslide,2015-09-14,23.7348,92.7187,13.58,44.56,NASA_POWER_PRECTOTCORR_Daily
GLC-REAL-7336,observed_landslide,2015-08-19,25.2193,90.5549,26.68,58.96,NASA_POWER_PRECTOTCORR_Daily
GLC-REAL-9252,observed_landslide,2016-07-28,27.5748,91.8644,14.04,27.35,NASA_POWER_PRECTOTCORR_Daily
GLC-REAL-5300,observed_landslide,2013-08-09,25.318,94.0441,1.71,17.09,NASA_POWER_PRECTOTCORR_Daily
GLC-REAL-7665,observed_landslide,2015-08-11,24.7016,93.5291,1.62,29.54,NASA_POWER_PRECTOTCORR_Daily
GLC-REAL-1994,observed_landslide,2010-06-16,25.0633,92.8025,14.74,62.96,NASA_POWER_PRECTOTCORR_Daily
GLC-REAL-3760,observed_landslide,2011-07-11,25.6703,94.1095,0.1,1.79,NASA_POWER_PRECTOTCORR_Daily
GLC-REAL-692,observed_landslide,2008-08-07,25.705,94.04,0.82,12.78,NASA_POWER_PRECTOTCORR_Daily
GLC-REAL-3633,observed_landslide,2011-06-20,26.3186,94.5121,3.79,13.89,NASA_POWER_PRECTOTCORR_Daily
GLC-REAL-7374,observed_landslide,2015-08-01,25.1122,94.3591,4.9,104.34,NASA_POWER_PRECTOTCORR_Daily
GLC-REAL-2098,observed_landslide,2010-07-19,26.7215,95.0283,13.18,50.87,NASA_POWER_PRECTOTCORR_Daily
GLC-REAL-2205,observed_landslide,2010-08-06,23.7365,92.7146,0.38,16.06,NASA_POWER_PRECTOTCORR_Daily
GLC-REAL-4610,observed_landslide,2012-11-11,23.7705,92.5217,0.0,0.09,NASA_POWER_PRECTOTCORR_Daily
GLC-REAL-5275,observed_landslide,2013-08-04,26.1498,94.6055,5.78,14.93,NASA_POWER_PRECTOTCORR_Daily
GLC-REAL-2247,observed_landslide,2010-08-14,26.148,94.8422,11.86,53.09,NASA_POWER_PRECTOTCORR_Daily
GLC-REAL-3927,observed_landslide,2011-08-16,25.5144,90.2167,136.4,164.09,NASA_POWER_PRECTOTCORR_Daily
GLC-REAL-259,observed_landslide,2007-09-11,25.52,91.27,7.02,51.55,NASA_POWER_PRECTOTCORR_Daily
GLC-REAL-6112,observed_landslide,2014-06-28,26.1964,91.7652,10.84,31.92,NASA_POWER_PRECTOTCORR_Daily
GLC-REAL-7390,observed_landslide,2015-08-01,24.4265,94.1913,3.7,100.7,NASA_POWER_PRECTOTCORR_Daily
GLC-REAL-2420,observed_landslide,2010-09-13,23.72989,92.71496,9.93,17.18,NASA_POWER_PRECTOTCORR_Daily
GLC-REAL-264,observed_landslide,2007-09-13,26.1833,91.8,2.25,9.52,NASA_POWER_PRECTOTCORR_Daily
GLC-REAL-6214,observed_landslide,2014-10-05,25.9702,91.8587,0.0,0.0,NASA_POWER_PRECTOTCORR_Daily
GLC-REAL-252,observed_landslide,2007-09-09,25.4993,94.1192,7.1,33.68,NASA_POWER_PRECTOTCORR_Daily
GLC-REAL-142,observed_landslide,2007-07-27,25.5212,90.232,34.65,104.6,NASA_POWER_PRECTOTCORR_Daily
GLC-REAL-7384,observed_landslide,2015-08-01,23.9278,94.0906,2.09,71.58,NASA_POWER_PRECTOTCORR_Daily
GLC-REAL-211,observed_landslide,2007-08-26,24.9667,93.55,5.9,7.74,NASA_POWER_PRECTOTCORR_Daily
GLC-REAL-4384,observed_landslide,2012-06-03,25.1775,93.0123,27.34,76.45,NASA_POWER_PRECTOTCORR_Daily
GLC-REAL-4383,observed_landslide,2012-06-03,25.3056,93.1265,26.59,84.45,NASA_POWER_PRECTOTCORR_Daily
GLC-REAL-7375,observed_landslide,2015-08-01,25.1941,94.4481,4.9,104.34,NASA_POWER_PRECTOTCORR_Daily
GLC-REAL-2163,observed_landslide,2010-07-29,25.4196,94.1054,17.06,32.41,NASA_POWER_PRECTOTCORR_Daily
GLC-REAL-3932,observed_landslide,2011-08-18,25.83,94.13,4.67,37.16,NASA_POWER_PRECTOTCORR_Daily
GLC-REAL-4861,observed_landslide,2013-05-12,24.9926,93.4946,10.44,45.62,NASA_POWER_PRECTOTCORR_Daily
GLC-REAL-7972,observed_landslide,2015-08-28,23.4495,92.8112,10.53,17.0,NASA_POWER_PRECTOTCORR_Daily
GLC-REAL-3831,observed_landslide,2011-07-22,24.7992,93.948,6.93,43.74,NASA_POWER_PRECTOTCORR_Daily
GLC-REAL-5584,observed_landslide,2013-10-06,26.1665,91.7049,62.76,151.09,NASA_POWER_PRECTOTCORR_Daily
GLC-REAL-1986,observed_landslide,2010-06-15,26.3335,94.5512,40.07,75.47,NASA_POWER_PRECTOTCORR_Daily
GLC-REAL-7387,observed_landslide,2015-08-01,24.954,94.2156,4.9,104.34,NASA_POWER_PRECTOTCORR_Daily
GLC-REAL-2573,observed_landslide,2010-10-09,25.1796,93.0083,31.14,154.03,NASA_POWER_PRECTOTCORR_Daily
GLC-REAL-319,observed_landslide,2007-10-19,25.4379,94.1162,4.3,5.51,NASA_POWER_PRECTOTCORR_Daily
GLC-REAL-313,observed_landslide,2007-10-16,25.7055,94.0132,15.77,31.91,NASA_POWER_PRECTOTCORR_Daily
GLC-REAL-9010,observed_landslide,2016-07-16,27.3034,93.804,39.81,124.73,NASA_POWER_PRECTOTCORR_Daily
GLC-REAL-2539,observed_landslide,2010-10-03,28.3092,95.4149,2.35,13.64,NASA_POWER_PRECTOTCORR_Daily
GLC-REAL-6331,observed_landslide,2014-09-08,25.9466,94.6279,3.11,20.52,NASA_POWER_PRECTOTCORR_Daily
GLC-REAL-1987,observed_landslide,2010-06-15,25.2269,93.1658,23.82,45.04,NASA_POWER_PRECTOTCORR_Daily
GLC-REAL-2043,observed_landslide,2010-07-06,26.7225,95.0281,13.18,37.16,NASA_POWER_PRECTOTCORR_Daily
GLC-REAL-7910,observed_landslide,2015-08-01,24.3481,94.1146,3.7,100.7,NASA_POWER_PRECTOTCORR_Daily
GLC-REAL-6775,observed_landslide,2015-02-14,26.1468,91.6469,0.26,0.26,NASA_POWER_PRECTOTCORR_Daily
GLC-REAL-1776,observed_landslide,2010-04-21,25.3612,92.2845,22.82,90.58,NASA_POWER_PRECTOTCORR_Daily
GLC-REAL-6786,observed_landslide,2015-02-19,24.6108,92.562,9.38,10.96,NASA_POWER_PRECTOTCORR_Daily
GLC-REAL-6291,observed_landslide,2014-09-21,25.7354,90.3852,58.74,149.12,NASA_POWER_PRECTOTCORR_Daily
GLC-REAL-6213,observed_landslide,2014-09-24,25.8143,90.5763,9.55,193.47,NASA_POWER_PRECTOTCORR_Daily
GLC-REAL-2415,observed_landslide,2010-09-12,25.63962,94.11112,4.38,6.8,NASA_POWER_PRECTOTCORR_Daily
GLC-REAL-9336,observed_landslide,2016-05-18,24.5308,92.5121,75.63,179.71,NASA_POWER_PRECTOTCORR_Daily
GLC-REAL-7837,observed_landslide,2015-08-27,23.7269,92.7265,3.73,7.18,NASA_POWER_PRECTOTCORR_Daily
GLC-REAL-7267,observed_landslide,2015-07-22,25.3908,94.0926,16.94,48.02,NASA_POWER_PRECTOTCORR_Daily
GLC-REAL-4848,observed_landslide,2013-05-08,24.0896,91.4663,45.59,126.29,NASA_POWER_PRECTOTCORR_Daily
GLC-REAL-9122,observed_landslide,2016-07-20,26.1966,91.802,32.15,108.99,NASA_POWER_PRECTOTCORR_Daily
GLC-REAL-2574,observed_landslide,2010-10-09,25.4749,93.1477,26.53,110.95,NASA_POWER_PRECTOTCORR_Daily
GLC-REAL-6282,observed_landslide,2014-09-22,26.1097,91.7747,126.76,191.59,NASA_POWER_PRECTOTCORR_Daily
GLC-REAL-2263,observed_landslide,2010-08-17,26.2753,94.6654,17.35,49.71,NASA_POWER_PRECTOTCORR_Daily
GLC-REAL-6289,observed_landslide,2014-09-22,26.1001,91.6849,126.76,191.59,NASA_POWER_PRECTOTCORR_Daily
GLC-REAL-9087,observed_landslide,2016-07-19,28.235,94.9612,14.48,89.14,NASA_POWER_PRECTOTCORR_Daily
GLC-REAL-130,observed_landslide,2007-07-19,26.1699,91.7986,24.86,59.05,NASA_POWER_PRECTOTCORR_Daily
BG-NER-0001,background,2015-07-25,24.94417,93.63948,2.4,32.6,NASA_POWER_PRECTOTCORR_Daily
BG-NER-0002,background,2011-07-24,25.6338,91.9295,8.64,37.05,NASA_POWER_PRECTOTCORR_Daily
BG-NER-0003,background,2015-03-19,27.14587,95.23086,0.9,2.94,NASA_POWER_PRECTOTCORR_Daily
BG-NER-0004,background,2012-06-02,26.65003,91.58982,28.1,54.46,NASA_POWER_PRECTOTCORR_Daily
BG-NER-0005,background,2015-07-22,27.78106,95.3191,53.47,84.88,NASA_POWER_PRECTOTCORR_Daily
BG-NER-0006,background,2007-08-26,27.00984,92.89092,15.86,26.76,NASA_POWER_PRECTOTCORR_Daily
BG-NER-0007,background,2015-09-01,27.27322,92.49028,6.11,49.45,NASA_POWER_PRECTOTCORR_Daily
BG-NER-0008,background,2016-07-07,25.30044,91.158,14.57,74.35,NASA_POWER_PRECTOTCORR_Daily
BG-NER-0009,background,2015-09-23,26.19294,92.38547,42.18,65.18,NASA_POWER_PRECTOTCORR_Daily
BG-NER-0010,background,2010-06-03,24.34623,92.48621,54.42,121.7,NASA_POWER_PRECTOTCORR_Daily
BG-NER-0011,background,2008-08-14,25.61465,90.97239,12.06,53.9,NASA_POWER_PRECTOTCORR_Daily
BG-NER-0012,background,2016-05-18,25.86713,91.59995,18.72,140.36,NASA_POWER_PRECTOTCORR_Daily
BG-NER-0013,background,2014-09-22,27.17086,93.44026,26.07,82.88,NASA_POWER_PRECTOTCORR_Daily
BG-NER-0014,background,2010-04-20,27.70855,93.18026,30.11,94.15,NASA_POWER_PRECTOTCORR_Daily
BG-NER-0015,background,2009-08-20,25.85795,95.2027,23.19,46.69,NASA_POWER_PRECTOTCORR_Daily
BG-NER-0016,background,2011-09-06,26.80558,91.68292,2.56,13.81,NASA_POWER_PRECTOTCORR_Daily
BG-NER-0017,background,2008-10-29,25.24159,94.00505,0.08,6.01,NASA_POWER_PRECTOTCORR_Daily
BG-NER-0018,background,2016-05-18,26.0752,93.28017,32.85,106.31,NASA_POWER_PRECTOTCORR_Daily
BG-NER-0019,background,2014-09-22,24.98006,94.18744,14.18,35.82,NASA_POWER_PRECTOTCORR_Daily
BG-NER-0020,background,2010-07-25,26.53741,92.03287,5.44,37.07,NASA_POWER_PRECTOTCORR_Daily
BG-NER-0021,background,2013-05-12,25.8127,92.76898,27.56,79.38,NASA_POWER_PRECTOTCORR_Daily
BG-NER-0022,background,2011-07-24,26.7323,93.26307,2.3,44.38,NASA_POWER_PRECTOTCORR_Daily
BG-NER-0023,background,2010-04-01,25.79857,89.81081,0.76,10.16,NASA_POWER_PRECTOTCORR_Daily
BG-NER-0024,background,2010-06-16,26.09984,90.36068,24.23,51.77,NASA_POWER_PRECTOTCORR_Daily
BG-NER-0025,background,2010-04-20,27.55693,95.73842,28.81,91.59,NASA_POWER_PRECTOTCORR_Daily
BG-NER-0026,background,2012-06-03,25.58963,94.18039,12.63,54.4,NASA_POWER_PRECTOTCORR_Daily
BG-NER-0027,background,2013-05-11,25.43126,93.2023,25.9,64.56,NASA_POWER_PRECTOTCORR_Daily
BG-NER-0028,background,2014-09-22,27.08716,95.55079,26.68,61.32,NASA_POWER_PRECTOTCORR_Daily
BG-NER-0029,background,2014-09-22,27.49822,93.52561,26.27,83.32,NASA_POWER_PRECTOTCORR_Daily
BG-NER-0030,background,2011-05-22,25.37175,91.48968,7.81,34.48,NASA_POWER_PRECTOTCORR_Daily
BG-NER-0031,background,2009-08-20,26.71857,92.72418,23.1,56.28,NASA_POWER_PRECTOTCORR_Daily
BG-NER-0032,background,2009-08-20,24.34629,93.42589,11.15,35.83,NASA_POWER_PRECTOTCORR_Daily
BG-NER-0033,background,2011-07-24,26.06934,93.40829,1.38,25.8,NASA_POWER_PRECTOTCORR_Daily
BG-NER-0034,background,2015-09-01,27.50565,95.31038,17.06,177.47,NASA_POWER_PRECTOTCORR_Daily
BG-NER-0035,background,2011-06-29,27.13582,93.63416,13.5,36.7,NASA_POWER_PRECTOTCORR_Daily
BG-NER-0036,background,2010-06-03,26.26582,95.30358,8.63,28.91,NASA_POWER_PRECTOTCORR_Daily
BG-NER-0037,background,2012-06-25,25.13975,93.3959,15.95,41.98,NASA_POWER_PRECTOTCORR_Daily
BG-NER-0038,background,2014-06-28,24.78514,93.49305,2.54,10.12,NASA_POWER_PRECTOTCORR_Daily
BG-NER-0039,background,2016-07-07,25.7502,94.39622,11.9,35.16,NASA_POWER_PRECTOTCORR_Daily
BG-NER-0040,background,2013-09-01,26.48453,94.94247,17.25,33.65,NASA_POWER_PRECTOTCORR_Daily
BG-NER-0041,background,2013-08-17,26.56205,91.72803,1.35,10.23,NASA_POWER_PRECTOTCORR_Daily
BG-NER-0042,background,2012-06-22,25.51735,93.81156,29.26,50.01,NASA_POWER_PRECTOTCORR_Daily
BG-NER-0043,background,2016-07-07,24.76204,91.47995,12.09,97.65,NASA_POWER_PRECTOTCORR_Daily
BG-NER-0044,background,2013-08-17,24.60207,93.12862,9.47,26.48,NASA_POWER_PRECTOTCORR_Daily
BG-NER-0045,background,2014-09-22,25.13411,92.8965,19.51,51.76,NASA_POWER_PRECTOTCORR_Daily
BG-NER-0046,background,2010-06-03,27.47227,91.93037,28.38,62.41,NASA_POWER_PRECTOTCORR_Daily
BG-NER-0047,background,2011-06-29,25.44724,91.682,48.01,181.57,NASA_POWER_PRECTOTCORR_Daily
BG-NER-0048,background,2011-09-23,26.68746,94.71793,22.36,28.76,NASA_POWER_PRECTOTCORR_Daily
BG-NER-0049,background,2016-05-18,26.00282,93.14978,32.85,106.31,NASA_POWER_PRECTOTCORR_Daily
BG-NER-0050,background,2010-10-09,26.81609,94.27021,12.96,36.08,NASA_POWER_PRECTOTCORR_Daily
BG-NER-0051,background,2016-07-20,26.6406,94.10437,3.74,8.56,NASA_POWER_PRECTOTCORR_Daily
BG-NER-0052,background,2012-06-03,25.53763,93.93277,14.11,64.85,NASA_POWER_PRECTOTCORR_Daily
BG-NER-0053,background,2010-08-27,26.47584,92.25617,9.44,15.76,NASA_POWER_PRECTOTCORR_Daily
BG-NER-0054,background,2008-06-15,25.07948,90.48183,2.11,33.84,NASA_POWER_PRECTOTCORR_Daily
BG-NER-0055,background,2011-05-24,25.62365,90.40588,7.29,27.23,NASA_POWER_PRECTOTCORR_Daily
BG-NER-0056,background,2008-10-29,26.4092,91.23247,0.03,26.54,NASA_POWER_PRECTOTCORR_Daily
BG-NER-0057,background,2014-05-09,26.70473,90.56594,4.55,42.69,NASA_POWER_PRECTOTCORR_Daily
BG-NER-0058,background,2010-10-08,25.82261,90.90196,64.38,86.46,NASA_POWER_PRECTOTCORR_Daily
BG-NER-0059,background,2015-09-23,27.0297,93.1257,21.85,44.55,NASA_POWER_PRECTOTCORR_Daily
BG-NER-0060,background,2008-10-29,25.16625,94.4882,0.21,5.34,NASA_POWER_PRECTOTCORR_Daily
BG-NER-0061,background,2010-07-25,25.61503,90.05854,5.0,38.2,NASA_POWER_PRECTOTCORR_Daily
BG-NER-0062,background,2014-09-22,25.97693,91.04713,155.05,222.55,NASA_POWER_PRECTOTCORR_Daily
BG-NER-0063,background,2013-05-11,25.50649,93.20539,25.9,64.56,NASA_POWER_PRECTOTCORR_Daily
BG-NER-0064,background,2010-10-09,27.22116,91.57808,7.41,50.57,NASA_POWER_PRECTOTCORR_Daily
BG-NER-0065,background,2016-05-18,26.8842,94.11276,24.21,77.82,NASA_POWER_PRECTOTCORR_Daily
BG-NER-0066,background,2012-06-03,26.56191,94.23556,19.91,75.56,NASA_POWER_PRECTOTCORR_Daily
BG-NER-0067,background,2016-07-14,24.58667,93.77777,7.16,40.9,NASA_POWER_PRECTOTCORR_Daily
BG-NER-0068,background,2011-09-06,24.88129,93.09683,22.29,30.58,NASA_POWER_PRECTOTCORR_Daily
BG-NER-0069,background,2012-06-13,25.96278,93.26248,25.52,39.13,NASA_POWER_PRECTOTCORR_Daily
BG-NER-0070,background,2007-08-26,26.09521,95.2309,7.56,11.26,NASA_POWER_PRECTOTCORR_Daily
BG-NER-0071,background,2007-07-19,24.94049,91.53275,52.05,124.23,NASA_POWER_PRECTOTCORR_Daily
BG-NER-0072,background,2015-07-25,25.04312,94.26665,1.79,24.85,NASA_POWER_PRECTOTCORR_Daily
BG-NER-0073,background,2008-05-20,27.07753,94.42145,7.22,50.05,NASA_POWER_PRECTOTCORR_Daily
BG-NER-0074,background,2011-06-29,26.28495,91.3761,28.58,248.52,NASA_POWER_PRECTOTCORR_Daily
BG-NER-0075,background,2008-06-15,25.79863,89.92567,2.09,71.97,NASA_POWER_PRECTOTCORR_Daily
BG-NER-0076,background,2015-07-22,26.41669,90.8651,11.44,39.1,NASA_POWER_PRECTOTCORR_Daily
BG-NER-0077,background,2011-09-23,25.83923,92.75762,12.79,27.04,NASA_POWER_PRECTOTCORR_Daily
BG-NER-0078,background,2007-08-26,26.21681,92.32596,18.77,24.03,NASA_POWER_PRECTOTCORR_Daily
BG-NER-0079,background,2008-06-15,25.41885,93.25,2.69,20.19,NASA_POWER_PRECTOTCORR_Daily
BG-NER-0080,background,2014-09-22,26.29075,95.12207,16.89,57.72,NASA_POWER_PRECTOTCORR_Daily
BG-NER-0081,background,2012-06-22,27.41316,93.21684,11.63,57.97,NASA_POWER_PRECTOTCORR_Daily
BG-NER-0082,background,2008-08-14,25.6277,91.57159,12.81,53.25,NASA_POWER_PRECTOTCORR_Daily
BG-NER-0083,background,2010-07-06,26.42189,93.9949,15.24,46.93,NASA_POWER_PRECTOTCORR_Daily
BG-NER-0084,background,2010-10-09,26.59833,95.09775,17.89,47.01,NASA_POWER_PRECTOTCORR_Daily
BG-NER-0085,background,2010-07-06,26.98858,94.22134,22.53,54.28,NASA_POWER_PRECTOTCORR_Daily
BG-NER-0086,background,2015-06-24,25.24486,94.23985,14.92,23.8,NASA_POWER_PRECTOTCORR_Daily
BG-NER-0087,background,2007-08-28,25.33744,93.52365,3.08,14.24,NASA_POWER_PRECTOTCORR_Daily
BG-NER-0088,background,2007-08-28,26.98559,93.60823,3.81,25.18,NASA_POWER_PRECTOTCORR_Daily
BG-NER-0089,background,2016-07-10,25.39824,95.04026,6.96,12.83,NASA_POWER_PRECTOTCORR_Daily
BG-NER-0090,background,2008-08-19,26.53182,93.97399,34.27,69.64,NASA_POWER_PRECTOTCORR_Daily
BG-NER-0091,background,2010-10-10,26.8809,95.15459,2.67,33.12,NASA_POWER_PRECTOTCORR_Daily
BG-NER-0092,background,2011-06-21,26.97631,94.26101,8.42,16.99,NASA_POWER_PRECTOTCORR_Daily
BG-NER-0093,background,2013-06-07,25.99153,94.79232,9.11,20.54,NASA_POWER_PRECTOTCORR_Daily
BG-NER-0094,background,2013-08-16,25.56095,94.27838,15.69,53.75,NASA_POWER_PRECTOTCORR_Daily
BG-NER-0095,background,2010-10-09,25.22963,94.96375,7.0,96.3,NASA_POWER_PRECTOTCORR_Daily
BG-NER-0096,background,2010-07-06,25.28314,95.08174,5.42,21.74,NASA_POWER_PRECTOTCORR_Daily
BG-NER-0097,background,2010-07-20,26.99899,94.70088,14.6,56.11,NASA_POWER_PRECTOTCORR_Daily
BG-NER-0098,background,2010-10-09,26.26455,93.31944,10.68,51.3,NASA_POWER_PRECTOTCORR_Daily
BG-NER-0099,background,2007-10-19,25.39521,93.9289,4.73,6.43,NASA_POWER_PRECTOTCORR_Daily
BG-NER-0100,background,2010-10-09,26.56071,93.62439,13.56,51.78,NASA_POWER_PRECTOTCORR_Daily
BG-NER-0101,background,2011-07-11,26.79846,94.97137,0.83,3.44,NASA_POWER_PRECTOTCORR_Daily
BG-NER-0102,background,2010-10-08,26.97042,94.29198,21.66,28.23,NASA_POWER_PRECTOTCORR_Daily
BG-NER-0103,background,2015-08-19,26.59404,94.09264,18.97,40.55,NASA_POWER_PRECTOTCORR_Daily
BG-NER-0104,background,2015-08-19,26.83948,94.11834,22.32,48.7,NASA_POWER_PRECTOTCORR_Daily
BG-NER-0105,background,2010-10-09,26.54365,94.24434,16.7,50.86,NASA_POWER_PRECTOTCORR_Daily
BG-NER-0106,background,2010-07-20,25.42838,94.26923,6.63,25.25,NASA_POWER_PRECTOTCORR_Daily
BG-NER-0107,background,2016-07-28,26.47382,94.71072,27.14,46.03,NASA_POWER_PRECTOTCORR_Daily
BG-NER-0108,background,2010-07-06,25.21658,94.31338,2.39,10.06,NASA_POWER_PRECTOTCORR_Daily
BG-NER-0109,background,2010-10-08,25.54122,93.90823,53.95,91.32,NASA_POWER_PRECTOTCORR_Daily
BG-NER-0110,background,2015-08-20,25.9053,94.1721,15.47,35.14,NASA_POWER_PRECTOTCORR_Daily
BG-NER-0111,background,2010-08-14,25.29083,93.64773,6.2,18.82,NASA_POWER_PRECTOTCORR_Daily
BG-NER-0112,background,2010-07-19,26.12139,94.98172,13.38,40.0,NASA_POWER_PRECTOTCORR_Daily
BG-NER-0113,background,2010-10-09,26.74314,93.66702,13.56,51.78,NASA_POWER_PRECTOTCORR_Daily
BG-NER-0114,background,2010-10-10,26.1464,93.48528,1.04,59.87,NASA_POWER_PRECTOTCORR_Daily
BG-NER-0115,background,2010-10-08,25.35364,94.89882,50.58,93.73,NASA_POWER_PRECTOTCORR_Daily
BG-NER-0116,background,2011-06-20,25.88992,94.64251,4.13,17.23,NASA_POWER_PRECTOTCORR_Daily
BG-NER-0117,background,2010-08-14,26.13228,94.72054,11.86,53.09,NASA_POWER_PRECTOTCORR_Daily
BG-NER-0118,background,2013-07-15,26.05327,94.99662,8.07,31.88,NASA_POWER_PRECTOTCORR_Daily
BG-NER-0119,background,2011-07-11,26.66996,93.88893,0.45,4.48,NASA_POWER_PRECTOTCORR_Daily
BG-NER-0120,background,2007-09-09,25.91769,94.59652,10.14,43.03,NASA_POWER_PRECTOTCORR_Daily
BG-NER-0121,background,2013-08-04,26.48072,94.0632,5.53,15.66,NASA_POWER_PRECTOTCORR_Daily
BG-NER-0122,background,2011-06-20,26.03763,95.12531,3.85,18.97,NASA_POWER_PRECTOTCORR_Daily
BG-NER-0123,background,2013-06-07,26.83504,93.57939,11.73,35.92,NASA_POWER_PRECTOTCORR_Daily
BG-NER-0124,background,2013-08-16,26.53401,94.30464,23.37,41.2,NASA_POWER_PRECTOTCORR_Daily
BG-NER-0125,background,2010-08-13,26.1526,93.68272,13.3,17.53,NASA_POWER_PRECTOTCORR_Daily
BG-NER-0126,background,2013-08-04,26.60964,93.58425,3.46,20.48,NASA_POWER_PRECTOTCORR_Daily
BG-NER-0127,background,2013-08-16,26.51075,93.44643,13.19,31.83,NASA_POWER_PRECTOTCORR_Daily
BG-NER-0128,background,2010-10-09,25.24322,94.55471,19.97,126.29,NASA_POWER_PRECTOTCORR_Daily
BG-NER-0129,background,2010-07-06,25.72725,94.18863,4.5,20.02,NASA_POWER_PRECTOTCORR_Daily
BG-NER-0130,background,2013-08-15,26.12839,94.54953,3.85,54.8,NASA_POWER_PRECTOTCORR_Daily
BG-NER-0131,background,2010-07-19,25.50044,94.77639,12.22,30.75,NASA_POWER_PRECTOTCORR_Daily
BG-NER-0132,background,2013-08-09,26.8959,94.02332,2.99,51.52,NASA_POWER_PRECTOTCORR_Daily
BG-NER-0133,background,2013-06-07,26.77164,93.478,11.73,35.92,NASA_POWER_PRECTOTCORR_Daily
BG-NER-0134,background,2010-08-17,25.58197,94.01031,8.85,24.67,NASA_POWER_PRECTOTCORR_Daily
BG-NER-0135,background,2010-07-06,25.36831,94.88677,5.42,21.74,NASA_POWER_PRECTOTCORR_Daily
BG-NER-0136,background,2015-08-19,26.93232,93.57477,20.54,56.13,NASA_POWER_PRECTOTCORR_Daily
BG-NER-0137,background,2008-08-07,26.80528,93.98314,3.14,59.6,NASA_POWER_PRECTOTCORR_Daily
BG-NER-0138,background,2007-08-28,26.38282,93.35736,2.28,20.92,NASA_POWER_PRECTOTCORR_Daily
BG-NER-0139,background,2015-06-24,26.14585,94.19985,13.93,42.27,NASA_POWER_PRECTOTCORR_Daily
BG-NER-0140,background,2010-10-08,25.98153,93.87935,39.08,59.96,NASA_POWER_PRECTOTCORR_Daily
BG-NER-0141,background,2011-07-29,25.64757,95.06756,4.96,15.73,NASA_POWER_PRECTOTCORR_Daily
BG-NER-0142,background,2016-06-14,25.47748,94.73855,1.13,13.99,NASA_POWER_PRECTOTCORR_Daily
BG-NER-0143,background,2011-08-18,25.86522,94.43782,4.67,37.16,NASA_POWER_PRECTOTCORR_Daily
BG-NER-0144,background,2013-08-04,26.34938,94.59568,5.53,15.66,NASA_POWER_PRECTOTCORR_Daily
BG-NER-0145,background,2010-07-06,25.71036,94.87901,5.42,21.74,NASA_POWER_PRECTOTCORR_Daily
BG-NER-0146,background,2008-08-19,26.28948,93.71421,34.27,69.64,NASA_POWER_PRECTOTCORR_Daily
BG-NER-0147,background,2010-06-15,25.65713,94.05122,17.93,36.6,NASA_POWER_PRECTOTCORR_Daily
BG-NER-0148,background,2013-07-12,25.29852,94.5591,18.68,107.07,NASA_POWER_PRECTOTCORR_Daily
BG-NER-0149,background,2013-08-16,25.76966,94.66846,19.12,49.77,NASA_POWER_PRECTOTCORR_Daily
BG-NER-0150,background,2016-04-19,26.53224,93.70694,13.19,41.79,NASA_POWER_PRECTOTCORR_Daily
BG-NER-0151,background,2013-08-04,26.76519,95.02241,7.48,8.99,NASA_POWER_PRECTOTCORR_Daily
BG-NER-0152,background,2013-08-04,25.90972,93.34873,3.59,18.01,NASA_POWER_PRECTOTCORR_Daily
BG-NER-0153,background,2014-09-08,26.57,94.36935,4.4,26.49,NASA_POWER_PRECTOTCORR_Daily
BG-NER-0154,background,2011-06-28,26.22733,93.3117,7.45,59.29,NASA_POWER_PRECTOTCORR_Daily
BG-NER-0155,background,2013-08-15,26.01248,94.46519,3.85,54.8,NASA_POWER_PRECTOTCORR_Daily
BG-NER-0156,background,2011-07-11,25.72309,93.74089,0.03,3.61,NASA_POWER_PRECTOTCORR_Daily
BG-NER-0157,background,2010-10-09,25.79597,93.41247,17.0,72.26,NASA_POWER_PRECTOTCORR_Daily
BG-NER-0158,background,2007-10-19,26.78514,94.44406,4.98,8.47,NASA_POWER_PRECTOTCORR_Daily
BG-NER-0159,background,2013-07-17,25.33426,93.45889,3.58,30.46,NASA_POWER_PRECTOTCORR_Daily
BG-NER-0160,background,2007-10-19,25.425,93.57677,4.73,6.43,NASA_POWER_PRECTOTCORR_Daily
BG-NER-0161,background,2010-07-31,25.29239,93.54276,7.83,48.14,NASA_POWER_PRECTOTCORR_Daily
BG-NER-0162,background,2015-08-01,24.57904,94.26012,3.7,100.7,NASA_POWER_PRECTOTCORR_Daily
BG-NER-0163,background,2015-08-01,24.69743,94.46197,3.7,100.7,NASA_POWER_PRECTOTCORR_Daily
BG-NER-0164,background,2007-08-31,24.35187,93.35024,1.07,5.81,NASA_POWER_PRECTOTCORR_Daily
BG-NER-0165,background,2015-07-22,25.23453,93.39511,18.11,52.6,NASA_POWER_PRECTOTCORR_Daily
BG-NER-0166,background,2015-08-01,24.94267,94.73385,0.38,83.35,NASA_POWER_PRECTOTCORR_Daily
BG-NER-0167,background,2015-08-01,23.97028,93.37354,10.71,88.0,NASA_POWER_PRECTOTCORR_Daily
BG-NER-0168,background,2010-06-07,24.42871,93.23145,7.9,41.36,NASA_POWER_PRECTOTCORR_Daily
BG-NER-0169,background,2007-09-10,25.5012,94.31666,3.97,25.52,NASA_POWER_PRECTOTCORR_Daily
BG-NER-0170,background,2015-07-24,23.9809,94.51634,5.76,23.84,NASA_POWER_PRECTOTCORR_Daily
BG-NER-0171,background,2015-08-01,24.88293,94.67324,4.9,104.34,NASA_POWER_PRECTOTCORR_Daily
BG-NER-0172,background,2015-07-31,24.23867,93.24041,53.72,79.27,NASA_POWER_PRECTOTCORR_Daily
BG-NER-0173,background,2015-08-01,24.59403,94.23123,3.7,100.7,NASA_POWER_PRECTOTCORR_Daily
BG-NER-0174,background,2010-07-29,24.55117,93.72689,19.2,36.31,NASA_POWER_PRECTOTCORR_Daily
BG-NER-0175,background,2010-06-07,25.07492,93.35093,10.55,46.14,NASA_POWER_PRECTOTCORR_Daily
BG-NER-0176,background,2015-08-01,24.41767,94.48825,3.7,100.7,NASA_POWER_PRECTOTCORR_Daily
BG-NER-0177,background,2015-08-01,25.37248,94.59278,6.56,85.46,NASA_POWER_PRECTOTCORR_Daily
BG-NER-0178,background,2010-08-19,25.39574,93.41491,16.89,42.39,NASA_POWER_PRECTOTCORR_Daily
BG-NER-0179,background,2015-07-22,24.55894,93.31983,19.73,51.03,NASA_POWER_PRECTOTCORR_Daily
BG-NER-0180,background,2007-08-31,23.94287,94.72232,0.01,0.15,NASA_POWER_PRECTOTCORR_Daily
BG-NER-0181,background,2015-08-01,23.82469,93.89387,5.31,82.66,NASA_POWER_PRECTOTCORR_Daily
BG-NER-0182,background,2015-08-11,24.05178,94.07478,0.36,15.15,NASA_POWER_PRECTOTCORR_Daily
BG-NER-0183,background,2011-05-31,25.12733,94.48502,12.06,41.03,NASA_POWER_PRECTOTCORR_Daily
BG-NER-0184,background,2015-08-01,24.90743,93.62994,11.75,108.36,NASA_POWER_PRECTOTCORR_Daily
BG-NER-0185,background,2010-10-08,24.00411,93.29487,89.56,152.67,NASA_POWER_PRECTOTCORR_Daily
BG-NER-0186,background,2015-08-01,24.30635,94.60926,3.7,100.7,NASA_POWER_PRECTOTCORR_Daily
BG-NER-0187,background,2008-06-09,24.38156,93.10306,5.16,15.03,NASA_POWER_PRECTOTCORR_Daily
BG-NER-0188,background,2016-07-25,24.53084,93.18662,20.72,42.97,NASA_POWER_PRECTOTCORR_Daily
BG-NER-0189,background,2015-07-24,24.61655,94.4363,7.61,32.78,NASA_POWER_PRECTOTCORR_Daily
BG-NER-0190,background,2015-08-01,24.73809,94.79779,0.32,75.58,NASA_POWER_PRECTOTCORR_Daily
BG-NER-0191,background,2009-08-30,24.20911,93.97905,4.38,5.33,NASA_POWER_PRECTOTCORR_Daily
BG-NER-0192,background,2015-07-22,24.74188,94.06455,10.84,38.36,NASA_POWER_PRECTOTCORR_Daily
BG-NER-0193,background,2015-08-11,24.83874,93.20748,5.63,34.46,NASA_POWER_PRECTOTCORR_Daily
BG-NER-0194,background,2015-07-22,25.53294,94.66784,16.94,48.02,NASA_POWER_PRECTOTCORR_Daily
BG-NER-0195,background,2011-07-22,24.91467,93.63452,6.93,43.74,NASA_POWER_PRECTOTCORR_Daily
BG-NER-0196,background,2010-06-07,25.59477,94.76064,12.58,53.31,NASA_POWER_PRECTOTCORR_Daily
BG-NER-0197,background,2011-05-31,24.33761,94.68424,10.23,41.6,NASA_POWER_PRECTOTCORR_Daily
BG-NER-0198,background,2015-07-22,25.45649,93.30147,11.47,38.87,NASA_POWER_PRECTOTCORR_Daily
BG-NER-0199,background,2011-07-25,25.65487,94.35633,7.66,14.08,NASA_POWER_PRECTOTCORR_Daily
BG-NER-0200,background,2015-08-01,24.82623,93.20076,13.93,93.0,NASA_POWER_PRECTOTCORR_Daily
BG-NER-0201,background,2015-08-01,25.17672,94.07133,4.9,104.34,NASA_POWER_PRECTOTCORR_Daily
BG-NER-0202,background,2012-06-10,25.40974,94.38551,6.48,7.95,NASA_POWER_PRECTOTCORR_Daily
BG-NER-0203,background,2015-07-22,23.97426,94.37185,7.17,24.88,NASA_POWER_PRECTOTCORR_Daily
BG-NER-0204,background,2007-09-08,24.15868,93.62492,11.74,40.22,NASA_POWER_PRECTOTCORR_Daily
BG-NER-0205,background,2013-09-24,24.76747,94.54592,0.3,0.56,NASA_POWER_PRECTOTCORR_Daily
BG-NER-0206,background,2015-08-01,23.99399,93.79588,5.31,82.66,NASA_POWER_PRECTOTCORR_Daily
BG-NER-0207,background,2016-07-07,25.42481,94.07507,13.18,34.27,NASA_POWER_PRECTOTCORR_Daily
BG-NER-0208,background,2015-07-24,25.49875,93.64035,14.67,40.24,NASA_POWER_PRECTOTCORR_Daily
BG-NER-0209,background,2015-08-11,24.24648,94.34794,0.36,15.15,NASA_POWER_PRECTOTCORR_Daily
BG-NER-0210,background,2015-08-01,24.72027,94.75786,0.32,75.58,NASA_POWER_PRECTOTCORR_Daily
BG-NER-0211,background,2007-09-11,25.08183,94.20933,4.55,12.38,NASA_POWER_PRECTOTCORR_Daily
BG-NER-0212,background,2011-07-22,25.16096,94.71859,8.44,34.04,NASA_POWER_PRECTOTCORR_Daily
BG-NER-0213,background,2015-08-01,25.00328,94.05735,11.75,108.36,NASA_POWER_PRECTOTCORR_Daily
BG-NER-0214,background,2011-06-28,24.23851,93.9567,10.37,53.03,NASA_POWER_PRECTOTCORR_Daily
BG-NER-0215,background,2007-09-08,23.91221,93.30292,29.45,76.16,NASA_POWER_PRECTOTCORR_Daily
BG-NER-0216,background,2011-07-06,25.09012,93.05102,3.51,29.47,NASA_POWER_PRECTOTCORR_Daily
BG-NER-0217,background,2012-06-25,26.91001,94.58912,27.26,73.88,NASA_POWER_PRECTOTCORR_Daily
BG-NER-0218,background,2016-05-01,27.71904,92.14351,4.08,10.12,NASA_POWER_PRECTOTCORR_Daily
BG-NER-0219,background,2011-07-19,28.23872,92.79468,25.49,54.37,NASA_POWER_PRECTOTCORR_Daily
BG-NER-0220,background,2012-09-19,27.4538,94.46415,37.17,87.27,NASA_POWER_PRECTOTCORR_Daily
BG-NER-0221,background,2016-07-19,28.46299,92.54715,1.98,4.6,NASA_POWER_PRECTOTCORR_Daily
BG-NER-0222,background,2014-10-01,26.87614,95.37367,0.01,0.01,NASA_POWER_PRECTOTCORR_Daily
BG-NER-0223,background,2011-07-19,27.32667,96.13483,1.85,67.6,NASA_POWER_PRECTOTCORR_Daily
BG-NER-0224,background,2010-04-21,27.60996,95.28618,53.71,142.63,NASA_POWER_PRECTOTCORR_Daily
BG-NER-0225,background,2016-06-12,27.56346,93.53299,23.76,42.42,NASA_POWER_PRECTOTCORR_Daily
BG-NER-0226,background,2010-11-22,27.5673,96.03268,0.0,31.97,NASA_POWER_PRECTOTCORR_Daily
BG-NER-0227,background,2012-04-08,27.05335,94.49228,5.38,25.55,NASA_POWER_PRECTOTCORR_Daily
BG-NER-0228,background,2012-06-25,28.32355,91.96628,5.06,14.35,NASA_POWER_PRECTOTCORR_Daily
BG-NER-0229,background,2010-11-22,28.13087,94.91745,0.0,34.71,NASA_POWER_PRECTOTCORR_Daily
BG-NER-0230,background,2015-07-15,27.75683,93.76886,30.78,65.69,NASA_POWER_PRECTOTCORR_Daily
BG-NER-0231,background,2016-04-22,28.11302,92.92092,7.94,48.55,NASA_POWER_PRECTOTCORR_Daily
BG-NER-0232,background,2010-04-21,28.02493,95.56187,65.48,147.4,NASA_POWER_PRECTOTCORR_Daily
BG-NER-0233,background,2008-06-14,28.17449,93.73844,43.16,80.78,NASA_POWER_PRECTOTCORR_Daily
BG-NER-0234,background,2016-08-05,27.95592,92.94275,4.2,12.67,NASA_POWER_PRECTOTCORR_Daily
BG-NER-0235,background,2010-04-02,28.05452,96.32095,28.21,61.95,NASA_POWER_PRECTOTCORR_Daily
BG-NER-0236,background,2012-09-19,27.11955,94.41929,22.93,68.0,NASA_POWER_PRECTOTCORR_Daily
BG-NER-0237,background,2010-04-21,28.26784,94.54146,19.99,69.26,NASA_POWER_PRECTOTCORR_Daily
BG-NER-0238,background,2010-10-03,28.35297,95.0536,2.11,14.61,NASA_POWER_PRECTOTCORR_Daily
BG-NER-0239,background,2013-09-02,27.9431,92.39027,9.96,15.17,NASA_POWER_PRECTOTCORR_Daily
BG-NER-0240,background,2013-02-18,28.13928,93.50228,1.16,6.69,NASA_POWER_PRECTOTCORR_Daily
BG-NER-0241,background,2015-08-18,27.03331,91.81562,24.51,50.01,NASA_POWER_PRECTOTCORR_Daily
BG-NER-0242,background,2012-04-08,27.69651,96.12068,3.58,13.15,NASA_POWER_PRECTOTCORR_Daily
BG-NER-0243,background,2011-07-16,27.34389,95.44768,4.1,71.36,NASA_POWER_PRECTOTCORR_Daily
BG-NER-0244,background,2011-03-22,28.1632,96.13767,7.48,55.41,NASA_POWER_PRECTOTCORR_Daily
BG-NER-0245,background,2015-08-18,27.55487,93.77388,18.25,44.97,NASA_POWER_PRECTOTCORR_Daily
BG-NER-0246,background,2016-07-28,27.03286,96.10314,11.91,24.89,NASA_POWER_PRECTOTCORR_Daily
BG-NER-0247,background,2014-10-01,28.34325,96.28773,0.0,0.14,NASA_POWER_PRECTOTCORR_Daily
BG-NER-0248,background,2010-09-09,27.5989,94.90884,54.15,111.35,NASA_POWER_PRECTOTCORR_Daily
BG-NER-0249,background,2012-06-25,27.61269,93.00873,26.01,70.46,NASA_POWER_PRECTOTCORR_Daily
BG-NER-0250,background,2016-07-19,26.64745,92.75764,6.19,28.01,NASA_POWER_PRECTOTCORR_Daily
BG-NER-0251,background,2011-08-15,28.36443,96.26154,13.54,67.61,NASA_POWER_PRECTOTCORR_Daily
BG-NER-0252,background,2011-08-05,28.49959,95.56322,9.87,56.57,NASA_POWER_PRECTOTCORR_Daily
BG-NER-0253,background,2016-08-05,28.07603,94.35923,6.59,8.52,NASA_POWER_PRECTOTCORR_Daily
BG-NER-0254,background,2015-08-16,26.61756,93.3279,3.7,9.69,NASA_POWER_PRECTOTCORR_Daily
BG-NER-0255,background,2016-07-19,27.31209,91.90744,5.29,19.01,NASA_POWER_PRECTOTCORR_Daily
BG-NER-0256,background,2014-05-08,27.1004,93.97177,46.39,91.12,NASA_POWER_PRECTOTCORR_Daily
BG-NER-0257,background,2012-06-13,25.87412,91.64886,15.3,46.42,NASA_POWER_PRECTOTCORR_Daily
BG-NER-0258,background,2015-08-19,25.8966,92.3744,22.77,65.12,NASA_POWER_PRECTOTCORR_Daily
BG-NER-0259,background,2007-08-26,25.53984,91.70007,40.07,55.66,NASA_POWER_PRECTOTCORR_Daily
BG-NER-0260,background,2010-04-21,25.17981,91.70494,26.69,87.7,NASA_POWER_PRECTOTCORR_Daily
BG-NER-0261,background,2016-07-19,25.84994,92.3521,14.83,58.27,NASA_POWER_PRECTOTCORR_Daily
BG-NER-0262,background,2011-08-16,25.63681,92.02824,57.03,96.76,NASA_POWER_PRECTOTCORR_Daily
BG-NER-0263,background,2007-07-27,25.80934,91.07342,29.63,77.95,NASA_POWER_PRECTOTCORR_Daily
BG-NER-0264,background,2010-06-09,26.04972,91.30955,21.72,69.05,NASA_POWER_PRECTOTCORR_Daily
BG-NER-0265,background,2007-07-27,25.39851,90.70149,36.68,115.48,NASA_POWER_PRECTOTCORR_Daily
BG-NER-0266,background,2007-08-26,25.67788,91.44972,38.77,56.82,NASA_POWER_PRECTOTCORR_Daily
BG-NER-0267,background,2007-07-27,26.08076,90.04399,34.52,98.55,NASA_POWER_PRECTOTCORR_Daily
BG-NER-0268,background,2010-04-21,25.13179,91.4152,23.15,78.06,NASA_POWER_PRECTOTCORR_Daily
BG-NER-0269,background,2007-09-11,25.88547,91.85801,0.96,25.05,NASA_POWER_PRECTOTCORR_Daily
BG-NER-0270,background,2015-06-16,25.19749,92.41935,16.14,39.61,NASA_POWER_PRECTOTCORR_Daily
BG-NER-0271,background,2015-08-19,25.74983,92.63691,35.06,81.02,NASA_POWER_PRECTOTCORR_Daily
BG-NER-0272,background,2014-09-24,25.85464,92.25443,3.02,125.85,NASA_POWER_PRECTOTCORR_Daily
BG-NER-0273,background,2015-09-06,26.06103,92.0141,0.87,29.57,NASA_POWER_PRECTOTCORR_Daily
BG-NER-0274,background,2015-09-23,25.62696,91.46393,48.44,117.79,NASA_POWER_PRECTOTCORR_Daily
BG-NER-0275,background,2015-09-05,25.73995,91.7491,6.89,72.47,NASA_POWER_PRECTOTCORR_Daily
BG-NER-0276,background,2010-06-09,25.24926,91.16693,16.74,60.3,NASA_POWER_PRECTOTCORR_Daily
BG-NER-0277,background,2007-07-26,26.09067,90.74435,30.27,69.55,NASA_POWER_PRECTOTCORR_Daily
BG-NER-0278,background,2007-09-11,25.47136,92.02662,5.68,53.99,NASA_POWER_PRECTOTCORR_Daily
BG-NER-0279,background,2010-05-11,25.18874,91.74701,16.4,43.46,NASA_POWER_PRECTOTCORR_Daily
BG-NER-0280,background,2015-08-19,25.92908,90.33198,33.11,72.01,NASA_POWER_PRECTOTCORR_Daily
BG-NER-0281,background,2014-09-21,25.62174,92.41742,51.71,105.96,NASA_POWER_PRECTOTCORR_Daily
BG-NER-0282,background,2015-06-16,25.33099,90.20636,27.16,62.64,NASA_POWER_PRECTOTCORR_Daily
BG-NER-0283,background,2014-09-23,25.18488,92.1959,70.05,155.42,NASA_POWER_PRECTOTCORR_Daily
BG-NER-0284,background,2014-10-05,25.98064,92.11229,0.0,0.0,NASA_POWER_PRECTOTCORR_Daily
BG-NER-0285,background,2015-06-13,25.99403,92.59729,10.59,51.62,NASA_POWER_PRECTOTCORR_Daily
BG-NER-0286,background,2010-09-13,23.54387,93.34878,5.92,10.64,NASA_POWER_PRECTOTCORR_Daily
BG-NER-0287,background,2009-10-05,23.23692,92.56482,16.97,61.92,NASA_POWER_PRECTOTCORR_Daily
BG-NER-0288,background,2015-08-28,22.03176,92.94168,22.42,34.89,NASA_POWER_PRECTOTCORR_Daily
BG-NER-0289,background,2015-08-26,23.47425,92.83508,2.27,5.33,NASA_POWER_PRECTOTCORR_Daily
BG-NER-0290,background,2010-09-13,23.36467,93.11244,5.92,10.64,NASA_POWER_PRECTOTCORR_Daily
BG-NER-0291,background,2015-09-14,23.35916,93.14303,12.28,31.44,NASA_POWER_PRECTOTCORR_Daily
BG-NER-0292,background,2015-08-27,23.56249,93.07867,5.0,8.31,NASA_POWER_PRECTOTCORR_Daily
BG-NER-0293,background,2010-08-06,24.10814,92.90849,0.52,11.39,NASA_POWER_PRECTOTCORR_Daily
BG-NER-0294,background,2010-09-13,23.96309,93.20731,7.48,12.94,NASA_POWER_PRECTOTCORR_Daily
BG-NER-0295,background,2015-08-26,24.44767,92.32331,3.84,11.41,NASA_POWER_PRECTOTCORR_Daily
BG-NER-0296,background,2015-09-14,22.05923,92.84591,0.83,30.65,NASA_POWER_PRECTOTCORR_Daily
BG-NER-0297,background,2010-09-13,23.14138,92.54175,8.74,18.95,NASA_POWER_PRECTOTCORR_Daily
BG-NER-0298,background,2015-08-27,23.83137,92.72469,5.48,9.52,NASA_POWER_PRECTOTCORR_Daily
BG-NER-0299,background,2012-11-11,23.96665,92.5715,0.0,0.09,NASA_POWER_PRECTOTCORR_Daily
BG-NER-0300,background,2010-09-13,23.91861,93.0647,7.48,12.94,NASA_POWER_PRECTOTCORR_Daily
BG-NER-0301,background,2007-09-29,23.94052,92.72827,4.42,4.61,NASA_POWER_PRECTOTCORR_Daily
BG-NER-0302,background,2010-09-13,23.02975,93.11475,5.03,10.88,NASA_POWER_PRECTOTCORR_Daily
BG-NER-0303,background,2010-09-13,24.10046,93.29246,7.48,12.94,NASA_POWER_PRECTOTCORR_Daily
BG-NER-0304,background,2015-08-27,22.71442,93.22186,6.43,9.96,NASA_POWER_PRECTOTCORR_Daily
BG-NER-0305,background,2010-09-16,24.49611,92.60757,10.26,34.08,NASA_POWER_PRECTOTCORR_Daily
BG-NER-0306,background,2007-07-30,22.27045,93.15545,0.31,3.17,NASA_POWER_PRECTOTCORR_Daily
BG-NER-0307,background,2012-11-11,23.99007,92.58573,0.0,0.09,NASA_POWER_PRECTOTCORR_Daily
BG-NER-0308,background,2015-08-28,22.5148,93.10142,16.48,25.43,NASA_POWER_PRECTOTCORR_Daily
BG-NER-0309,background,2010-09-16,22.37967,93.13296,1.7,14.01,NASA_POWER_PRECTOTCORR_Daily
BG-NER-0310,background,2010-09-13,23.43443,92.68387,9.93,17.18,NASA_POWER_PRECTOTCORR_Daily
BG-NER-0311,background,2016-07-28,23.61366,93.27547,7.01,19.12,NASA_POWER_PRECTOTCORR_Daily
BG-NER-0312,background,2010-09-16,24.37278,92.79706,10.26,34.08,NASA_POWER_PRECTOTCORR_Daily
BG-NER-0313,background,2010-06-03,23.59983,91.36588,35.69,73.43,NASA_POWER_PRECTOTCORR_Daily
BG-NER-0314,background,2014-08-14,23.09163,92.20519,59.89,142.28,NASA_POWER_PRECTOTCORR_Daily
BG-NER-0315,background,2010-06-03,23.01097,91.94279,41.78,77.6,NASA_POWER_PRECTOTCORR_Daily
