event_id,original_event_id,source,country,state_or_province,latitude,longitude,event_date,sample_type,is_landslide,trigger,fatalities,original_source_fields
GLC-REAL-2164,2164,NASA_GLC,India,Manipur,25.30986,94.48215,2010-07-29,observed_landslide,1,Unknown,0,"{'location_description': 'Chingai-Kuingai(Quingai) route (16 kms), Chingai subdivision, Ukhrul district, Manipur', 'source_name': 'E-Pao', 'source_link': 'http://www.e-pao.net/GP.asp?src=28..210810.aug10'}"
GLC-REAL-5122,5122,NASA_GLC,India,Nagaland,25.7658,93.9413,2013-07-17,observed_landslide,1,Unknown,0,"{'location_description': 'National Highway 29 Between Patkai Bridge And Kukidolong, Nagaland', 'source_name': 'The Hindu', 'source_link': 'http://www.thehindu.com/news/national/other-states/fresh-mudslides-affect-traffic-in-nagalandmanipur/article4928261.ece'}"
GLC-REAL-5123,5123,NASA_GLC,India,Nagaland,25.7131,94.0885,2013-07-17,observed_landslide,1,Unknown,0,"{'location_description': 'National Highway 2 Near Meriema Village, 10 Km Away From Kohima', 'source_name': 'The Hindu', 'source_link': 'http://www.thehindu.com/news/national/other-states/fresh-mudslides-affect-traffic-in-nagalandmanipur/article4928261.ece'}"
GLC-REAL-7370,7370,NASA_GLC,India,Manipur,24.1419,94.1078,2015-08-01,observed_landslide,1,Unknown,0,"{'location_description': 'between Moltuk to New Songjang village', 'source_name': 'E-PAO', 'source_link': 'http://e-pao.net/GP.asp?src=21..020815.aug15'}"
GLC-REAL-5084,5084,NASA_GLC,India,Nagaland,25.616,94.1167,2013-07-12,observed_landslide,1,Unknown,0,"{'location_description': 'National Highway 2 Near Phesama Village Close To Kisama Naha Heritage Site, Kohima District, Nagaland', 'source_name': 'www.assamtribune.com', 'source_link': 'http://www.assamtribune.com/scripts/detailsnew.asp?id=jul1613/oth06'}"
GLC-REAL-2566,2566,NASA_GLC,India,Nagaland,25.4769,94.1351,2010-10-08,observed_landslide,1,Unknown,0,"{'location_description': 'Sahong, Tabu and Pani village under Tadubi police station of Senapati district, NH-39', 'source_name': 'e-pao.net', 'source_link': 'http://e-pao.net/GP.asp?src=23..111010.oct10'}"
GLC-REAL-1109,1109,NASA_GLC,India,Assam,25.5215,93.1645,2009-08-20,observed_landslide,1,Unknown,0,"{'location_description': 'Lumding-Badarpur section in North Cachar Hills district', 'source_name': 'prokerala', 'source_link': 'http://www.prokerala.com/news/articles/a75292.html'}"
GLC-REAL-1961,1961,NASA_GLC,India,Meghalaya,25.8833,91.2,2010-06-09,observed_landslide,1,Unknown,0,"{'location_description': 'Ishok Chingphu(?), Bishnupur, Assam', 'source_name': 'e-pao.net', 'source_link': 'http://e-pao.net/GP.asp?src=Snipp3..100610.jun10'}"
GLC-REAL-2578,2578,NASA_GLC,India,Nagaland,25.3179,94.0462,2010-10-09,observed_landslide,1,Unknown,0,"{'location_description': 'NH-39 in Karong area, Manipur', 'source_name': 'e-pao', 'source_link': 'http://www.e-pao.net/GP.asp?src=5..101010.oct10'}"
GLC-REAL-322,322,NASA_GLC,India,Assam,24.75,93.4333,2007-10-21,observed_landslide,1,Unknown,0,"{'location_description': 'National Highway 53 at Nungba in Tamenglong district of Manipur', 'source_name': 'Hmar.net', 'source_link': 'http://hmar.net/?p=1870'}"
GLC-REAL-5552,5552,NASA_GLC,India,Manipur,25.0985,94.3619,2013-09-24,observed_landslide,1,Unknown,0,"{'location_description': 'Ukhrul, Manipur', 'source_name': 'www.morungexpress.com', 'source_link': 'http://www.morungexpress.com/regional/104056.html'}"
GLC-REAL-2025,2025,NASA_GLC,India,Meghalaya,25.5728,91.885,2010-06-28,observed_landslide,1,Unknown,0,"{'location_description': 'Police CID complex(?), Shillong, Meghalaya', 'source_name': 'hindustantimes', 'source_link': 'http://www.hindustantimes.com/Girl-dies-in-landslide-flash-flood-wrecks-havoc-in-Meghalaya/Article1-564450.aspx'}"
GLC-REAL-9405,9405,NASA_GLC,India,Nagaland,26.7223,95.0243,2016-04-19,observed_landslide,1,Unknown,0,"{'location_description': 'Techahan Ward, Mon, Nagaland, India', 'source_name': 'Assam Tribune', 'source_link': 'http://www.assamtribune.com/scripts/detailsnew.asp?id=may0216/oth058'}"
GLC-REAL-5343,5343,NASA_GLC,India,Assam,24.7625,93.4341,2013-08-17,observed_landslide,1,Unknown,0,"{'location_description': 'The Imphal-Jiribam Section Of Nh-37 In Tamenglong District', 'source_name': 'www.nagalandpost.com', 'source_link': 'http://www.nagalandpost.com/ChannelNews/Regional/RegionalNews.aspx?news=TkVXUzEwMDA0MzUxNQ%3D%3D-zy3k3F6024s%3D'}"
GLC-REAL-6971,6971,NASA_GLC,India,Arunachal Pradesh,27.0987,93.816,2015-06-09,observed_landslide,1,Unknown,0,"{'location_description': 'Itanagar, Arunachal Pradesh', 'source_name': 'First Post', 'source_link': 'http://www.firstpost.com/india/two-dead-2-injured-landslide-arunachal-pradesh-school-remain-shut-heavy-rainfall-alert-2287954.html'}"
GLC-REAL-1611,1611,NASA_GLC,India,Assam,25.1553,93.028,2010-04-01,observed_landslide,1,Unknown,0,"{'location_description': 'Paglanala village, Dholai Block, near Dwarbandh locality of the district, Cachar district (could only find district) 45 km from Silchar, Assam', 'source_name': 'en.apa', 'source_link': 'http://en.apa.az/news.php?id=119178'}"
GLC-REAL-147,147,NASA_GLC,India,Mizoram,22.533,92.899,2007-07-30,observed_landslide,1,Unknown,0,"{'location_description': 'Lawngtlai', 'source_name': 'Red Cross - Field reports', 'source_link': 'https://www-secure.ifrc.org/dmis/prepare/view_report.asp?ReportID=2987'}"
GLC-REAL-4382,4382,NASA_GLC,India,Assam,25.1175,92.8573,2012-06-03,observed_landslide,1,Unknown,0,"{'location_description': '\xa0between Harangajao and Mailongdisa, Assa,', 'source_name': 'articles.timesofindia', 'source_link': 'http://articles.timesofindia.indiatimes.com/2012-06-04/guwahati/32030359_1_barail-hill-harangajao-landslides'}"
GLC-REAL-2424,2424,NASA_GLC,India,Mizoram,23.591,92.9296,2010-09-13,observed_landslide,1,Unknown,0,"{'location_description': 'near Tuivawl(?), Aizawl-Champhai rd, Aizawl district, Mizoram', 'source_name': 'Mizoram Express', 'source_link': 'http://mizoramexpress.com/index.php/2010/09/mizoram-landslides-kill-one-woman/'}"
GLC-REAL-5431,5431,NASA_GLC,India,Assam,24.9829,93.5063,2013-09-01,observed_landslide,1,Unknown,0,"{'location_description': 'Tamenglong, Manipur', 'source_name': 'e-pao.net', 'source_link': 'http://e-pao.net/GP.asp?src=24..050913.sep13'}"
GLC-REAL-3672,3672,NASA_GLC,India,Assam,25.5125,93.3613,2011-06-29,observed_landslide,1,Unknown,0,"{'location_description': 'Portions of NH 39, Connectin Manipur with Assam via Nagaland', 'source_name': 'articles.timesofindia', 'source_link': 'http://articles.timesofindia.indiatimes.com/2011-06-30/guwahati/29720982_1_heavy-rains-highway'}"
GLC-REAL-2253,2253,NASA_GLC,India,Manipur,25.31006,94.48265,2010-08-15,observed_landslide,1,Unknown,0,"{'location_description': 'Chingai-Kuingai(Quingai) route (16 kms), Chingai subdivision, Ukhrul district, Manipur', 'source_name': 'e-pao', 'source_link': 'http://www.e-pao.net/GP.asp?src=28..210810.aug10'}"
GLC-REAL-1108,1108,NASA_GLC,India,Assam,24.9925,93.5,2009-08-20,observed_landslide,1,Unknown,0,"{'location_description': 'Tamei, Tamenglong district on Imphal-Tamenglong (IT) road', 'source_name': 'kanglaonline', 'source_link': 'http://www.kanglaonline.com/index.php?template=headline&newsid=48686&typeid=2'}"
GLC-REAL-9168,9168,NASA_GLC,India,Arunachal Pradesh,27.6438,93.871,2016-06-12,observed_landslide,1,Unknown,0,"{'location_description': 'NH 13 10 kilometers from Old Ziro, Arunachal Pradesh, India', 'source_name': 'Arunachal Times', 'source_link': 'http://www.arunachaltimes.in/landslide-blocks-ziro-tamen-road/'}"
GLC-REAL-3560,3560,NASA_GLC,India,Manipur,24.8286,93.5935,2011-05-31,observed_landslide,1,Unknown,0,"{'location_description': 'Gaoilung(Gadailong) village(?), Ward 4(?), Tamenglong, Manipur', 'source_name': 'kanglaonline.com', 'source_link': 'http://kanglaonline.com/2011/06/two-children-claimed-by-landslide-at-tamenglong/'}"
GLC-REAL-587,587,NASA_GLC,India,Assam,27.2298,94.0989,2008-06-15,observed_landslide,1,Unknown,0,"{'location_description': 'Lakhimpur district, Bihpuria, Assam', 'source_name': 'Telegraph India', 'source_link': 'http://www.telegraphindia.com/1080616/jsp/northeast/story_9416169.jsp'}"
GLC-REAL-8012,8012,NASA_GLC,India,Meghalaya,25.9703,91.8584,2015-09-06,observed_landslide,1,Unknown,0,"{'location_description': 'Umling, Meghalaya 793102, India', 'source_name': 'The Assam Tribune', 'source_link': 'http://www.assamtribune.com/scripts/detailsnew.asp?id=sep0815/oth058'}"
GLC-REAL-7335,7335,NASA_GLC,India,Meghalaya,25.5145,90.2023,2015-08-18,observed_landslide,1,Unknown,0,"{'location_description': 'Tura Civil Hospital', 'source_name': 'Shillong Times', 'source_link': 'http://www.theshillongtimes.com/2015/08/20/child-washed-away-in-tura/'}"
GLC-REAL-141,141,NASA_GLC,India,Meghalaya,25.38,91.88,2007-07-26,observed_landslide,1,Unknown,0,"{'location_description': 'Singtam', 'source_name': 'thestatesman.net', 'source_link': 'http://www.thestatesman.net/page.news.php?clid=10&theme=&usrsess=1&id=164069'}"
GLC-REAL-3983,3983,NASA_GLC,India,Assam,26.1548,91.7351,2011-09-23,observed_landslide,1,Unknown,0,"{'location_description': 'Maighuli, Guwahati, Meghalaya', 'source_name': 'nbtvlive'}"
GLC-REAL-148,148,NASA_GLC,India,Mizoram,22.479,92.967,2007-07-30,observed_landslide,1,Unknown,0,"{'location_description': 'Saiha', 'source_name': 'Red Cross - Field reports', 'source_link': 'https://www-secure.ifrc.org/dmis/prepare/view_report.asp?ReportID=2987'}"
GLC-REAL-1775,1775,NASA_GLC,India,Arunachal Pradesh,27.8965,96.1779,2010-04-21,observed_landslide,1,Unknown,0,"{'location_description': 'Arunachal Pradesh ', 'source_name': 'gsi.gov', 'source_link': 'http://www.portal.gsi.gov.in/portal/page?_pageid=127,875814&_dad=portal&_schema=PORTAL'}"
GLC-REAL-3663,3663,NASA_GLC,India,Nagaland,25.6682,94.1099,2011-06-28,observed_landslide,1,Unknown,0,"{'location_description': 'Ruzapfu valley, Kikruma Village, Phek District, Nagaland', 'source_name': 'morungexpress', 'source_link': 'http://www.morungexpress.com/local/67492.html'}"
GLC-REAL-7385,7385,NASA_GLC,India,Manipur,24.004,93.9815,2015-08-01,observed_landslide,1,Unknown,0,"{'location_description': 'Holenjang, Chandel district', 'source_name': 'India Today', 'source_link': 'http://indiatoday.intoday.in/story/landslide-in-manipur-near-myanmar-border-kills-21/1/455645.html'}"
GLC-REAL-2575,2575,NASA_GLC,India,Assam,25.5242,92.9914,2010-10-09,observed_landslide,1,Unknown,0,"{'location_description': 'road between Haflong and Lanka, Assam', 'source_name': 'dnaindia', 'source_link': 'http://www.dnaindia.com/india/report_one-dead-road-and-rail-communication-disrupted-due-to-rains-in-assam_1450237'}"
GLC-REAL-3840,3840,NASA_GLC,India,Manipur,24.6869,93.9157,2011-07-25,observed_landslide,1,Unknown,0,"{'location_description': 'Manipur', 'source_name': 'assamtribune', 'source_link': 'http://www.assamtribune.com/scripts/detailsnew.asp?id=jul3011/oth05'}"
GLC-REAL-6015,6015,NASA_GLC,India,Arunachal Pradesh,27.9032,96.174,2014-05-08,observed_landslide,1,Unknown,0,"{'location_description': 'Lohit District of Arunachal Pradesh', 'source_name': 'Business Standard', 'source_link': 'http://www.business-standard.com/article/pti-stories/communication-to-tezu-snapped-due-to-landslide-114051000401_1.html'}"
GLC-REAL-3741,3741,NASA_GLC,India,Nagaland,25.4191,94.1079,2011-07-07,observed_landslide,1,Unknown,0,"{'location_description': 'Maram (80 km north of Imphal)', 'source_name': 'e-pao', 'source_link': 'http://www.e-pao.net/GP.asp?src=8..080711.jul11'}"
GLC-REAL-2106,2106,NASA_GLC,India,Nagaland,26.8716,94.9921,2010-07-20,observed_landslide,1,Unknown,0,"{'location_description': 'road to Oting near Longlam village, 13 km from Tizit subdivision, Mon district, Nagaland', 'source_name': 'nagalandpost', 'source_link': 'http://www.nagalandpost.com/ShowStory.aspx?npoststoryiden=UzEwMjg5OTY%3D-LvoR7D2GhjI%3D'}"
GLC-REAL-9051,9051,NASA_GLC,India,Meghalaya,26.09748,91.87443,2016-07-19,observed_landslide,1,Unknown,0,"{'location_description': '12th Mile area at Jorabat, Meghalaya, India', 'source_name': 'NELIVE (North East Live)', 'source_link': 'http://www.nelive.in/assam/news/woman-injured-landslide'}"
GLC-REAL-870,870,NASA_GLC,India,Arunachal Pradesh,27.4,92.35,2008-10-29,observed_landslide,1,Unknown,0,"{'location_description': 'West Kameng, Arunachal Pradesh', 'source_name': 'sindhtoday', 'source_link': 'http://www.sindhtoday.net/south-asia/32058.htm'}"
GLC-REAL-3830,3830,NASA_GLC,India,Manipur,24.3527,94.3429,2011-07-22,observed_landslide,1,Unknown,0,"{'location_description': 'Manipur', 'source_name': 'e-pao.net', 'source_link': 'http://e-pao.net/GP.asp?src=6..270711.jul11'}"
GLC-REAL-4906,4906,NASA_GLC,India,Nagaland,26.0977,94.7499,2013-06-07,observed_landslide,1,Unknown,0,"{'location_description': 'Helipong-Chessore Road, Nagaland', 'source_name': 'www.nagalandpost.com', 'source_link': 'http://www.nagalandpost.com/channelnews/state/StateNews.aspx?news=TkVXUzEwMDA0NjAwNw%3D%3D-%2FtfIAOw1uMk%3D'}"
GLC-REAL-3269,3269,NASA_GLC,India,Arunachal Pradesh,28.0791,96.5242,2011-03-22,observed_landslide,1,Unknown,0,"{'location_description': 'road from other districts to Hawai(Tawai?) which is  on Lojit river, near Hayuliang,  Anjaw district, Arunachal Pradesh', 'source_name': 'articles.timesofindia', 'source_link': 'http://articles.timesofindia.indiatimes.com/2011-03-23/guwahati/29178165_1_road-links-rainfall-source'}"
GLC-REAL-6990,6990,NASA_GLC,India,Nagaland,26.0319,94.5466,2015-06-24,observed_landslide,1,Unknown,0,"{'location_description': 'New Land (""""New Colony"""")', 'source_name': 'Nagaland Post', 'source_link': 'http://www.nagalandpost.com/channelnews/state/StateNews.aspx?news=TkVXUzEwMDA4MjI0OA%3D%3D'}"
GLC-REAL-6222,6222,NASA_GLC,India,Arunachal Pradesh,27.1249,93.7706,2014-10-01,observed_landslide,1,Unknown,0,"{'location_description': 'Karsingsa block point', 'source_name': 'The Assam Tribune', 'source_link': 'http://www.assamtribune.com/scripts/detailsnew.asp?id=oct0214/oth052'}"
GLC-REAL-9169,9169,NASA_GLC,India,Nagaland,26.1677,94.2442,2016-06-12,observed_landslide,1,Unknown,0,"{'location_description': 'on road between Mon and Tobu near Telangsao Hydro project , Nagaland, India', 'source_name': 'Nagaland Post', 'source_link': 'http://www.nagalandpost.com/channelnews/state/StateNews.aspx?news=TkVXUzEwMDA5ODM0Mg%3D%3D'}"
GLC-REAL-4435,4435,NASA_GLC,India,Arunachal Pradesh,27.174,95.8011,2012-06-25,observed_landslide,1,Unknown,0,"{'location_description': 'Tirap , Arunachal Pradesh', 'source_name': 'articles.timesofindia', 'source_link': 'http://articles.timesofindia.indiatimes.com/2012-07-04/guwahati/32536229_1_massive-landslides-landslide-hit-road-blockade'}"
GLC-REAL-4313,4313,NASA_GLC,India,Arunachal Pradesh,28.4659,95.86,2012-04-08,observed_landslide,1,Unknown,0,"{'location_description': 'Endulin Nallah, Mayodia, 17-camp, 83-camp', 'source_name': 'timesofindia.indiatimes', 'source_link': 'http://timesofindia.indiatimes.com/Landslides-snap-road-links-in-Dibang-Valley/articleshow/12601499.cms'}"
GLC-REAL-2344,2344,NASA_GLC,India,Assam,24.7505,93.4221,2010-08-27,observed_landslide,1,Unknown,0,"{'location_description': 'NH-53 at Nungba police station, Kambirong(?), Manipur', 'source_name': 'e-pao', 'source_link': 'http://www.e-pao.net/GP.asp?src=27..280810.aug10'}"
GLC-REAL-7263,7263,NASA_GLC,India,Manipur,25.4477,94.0489,2015-07-22,observed_landslide,1,Unknown,0,"{'location_description': '15 kms from Maram, National Highway-102/A (Maram Peren road)', 'source_name': 'The Sangai Express', 'source_link': 'http://www.thesangaiexpress.com/page/items/54212/massive-landslide-along-maram-peren-road-downpour-creates-havoc-in-different-parts'}"
GLC-REAL-5271,5271,NASA_GLC,India,Nagaland,26.284,94.5808,2013-08-04,observed_landslide,1,Unknown,0,"{'location_description': 'Nanga, Nagaland', 'source_name': 'www.nagalandpost.com', 'source_link': 'http://www.nagalandpost.com/ChannelNews/State/StateNews.aspx?news=TkVXUzEwMDA0MjY4Nw%3D%3D-bSp8jh3okxw%3D'}"
GLC-REAL-4424,4424,NASA_GLC,India,Assam,26.149,91.7351,2012-06-20,observed_landslide,1,Unknown,0,"{'location_description': 'Lalunggaon, Guwahati,  Assam', 'source_name': 'twocircles.net', 'source_link': 'http://twocircles.net/2012jun22/landslide_kills_three_assam.html'}"
GLC-REAL-3525,3525,NASA_GLC,India,Assam,25.0672,93.4093,2011-05-22,observed_landslide,1,Unknown,0,"{'location_description': 'Kaiphundai(?)-Tousem(in Assam) road, Tamenglong district, Manipur', 'source_name': 'e-pao', 'source_link': 'http://www.e-pao.net/GP.asp?src=15..240511.may11'}"
GLC-REAL-7369,7369,NASA_GLC,India,Manipur,24.1988,94.1016,2015-08-01,observed_landslide,1,Unknown,0,"{'location_description': 'between Chalong and Paraolon', 'source_name': 'E-PAO', 'source_link': 'http://e-pao.net/GP.asp?src=21..020815.aug15'}"
GLC-REAL-4892,4892,NASA_GLC,India,Arunachal Pradesh,27.8776,94.25,2013-06-01,observed_landslide,1,Unknown,0,"{'location_description': 'Upper Subansiri', 'source_name': 'articles.timesofindia.indiatimes.com', 'source_link': 'http://articles.timesofindia.indiatimes.com/2013-07-28/guwahati/40848148_1_daporijo-upper-subansiri-landslides'}"
GLC-REAL-4377,4377,NASA_GLC,India,Assam,26.1475,91.7356,2012-06-02,observed_landslide,1,Unknown,0,"{'location_description': 'Guwahati, Assam', 'source_name': 'ibnlive.in', 'source_link': 'http://ibnlive.in.com/generalnewsfeed/news/barrak-valley-cut-off-due-to-heavy-landslides/1007155.html'}"
GLC-REAL-5430,5430,NASA_GLC,India,Manipur,24.9037,93.487,2013-09-01,observed_landslide,1,Unknown,0,"{'location_description': 'Tamenglong- Khongsang Road, Manipur', 'source_name': 'e-pao.net', 'source_link': 'http://e-pao.net/GP.asp?src=24..050913.sep13'}"
GLC-REAL-7264,7264,NASA_GLC,India,Manipur,25.4538,93.9827,2015-07-22,observed_landslide,1,Unknown,0,"{'location_description': '22 kms to 30 kms between Sangkungmai and Willong', 'source_name': 'The Sangai Express', 'source_link': 'http://www.thesangaiexpress.com/page/items/54212/massive-landslide-along-maram-peren-road-downpour-creates-havoc-in-different-parts'}"
GLC-REAL-5006,5006,NASA_GLC,India,Nagaland,26.1147,94.3864,2013-07-01,observed_landslide,1,Unknown,0,"{'location_description': 'Thillong Village, Doyang Along State Highway 1, Wokha To Merapani Road', 'source_name': 'www.nagalandpost.com', 'source_link': 'http://www.nagalandpost.com/ChannelNews/State/StateNews.aspx?news=TkVXUzEwMDA0MDQ4MQ%3D%3D-gEvw8J4DIOI%3D'}"
GLC-REAL-9335,9335,NASA_GLC,India,Assam,24.5202,92.7239,2016-05-18,observed_landslide,1,Unknown,0,"{'location_description': 'Bilaipur, Hailakandi district, Assam, India', 'source_name': 'Indian Express', 'source_link': 'http://indianexpress.com/article/india/india-news-india/at-least-10-killed-in-landslides-in-assam-rescue-operations-underway-2806810/'}"
GLC-REAL-7279,7279,NASA_GLC,India,Manipur,24.9818,93.5142,2015-07-24,observed_landslide,1,Unknown,0,"{'location_description': 'Tamenglong Ward No-IV', 'source_name': 'E-PAO', 'source_link': 'http://e-pao.net/GP.asp?src=Snipp16..250715.jul15'}"
GLC-REAL-6288,6288,NASA_GLC,India,Assam,26.1985,91.7998,2014-09-22,observed_landslide,1,Unknown,0,"{'location_description': 'Noonmati', 'source_name': 'Assam Tribune', 'source_link': 'http://www.assamtribune.com/scripts/detailsnew.asp?id=sep2414/at051'}"
GLC-REAL-5087,5087,NASA_GLC,India,Nagaland,25.6269,94.1139,2013-07-12,observed_landslide,1,Unknown,0,"{'location_description': 'National Highway 29 Near Phesama Village, Nagaland', 'source_name': 'www.thehindubusinessline.com', 'source_link': 'http://www.thehindubusinessline.com/news/states/landslides-disrupt-vehicular-movement-on-nh29/article4912110.ece'}"
GLC-REAL-258,258,NASA_GLC,India,Manipur,24.4279,94.0564,2007-09-11,observed_landslide,1,Unknown,0,"{'location_description': 'NH-39 at Imphal-Moreh section, Lokchao largest event', 'source_name': 'kanglaonline.com', 'source_link': 'http://www.kanglaonline.com/index.php?template=headline&newsid=39255&typeid=1'}"
GLC-REAL-5338,5338,NASA_GLC,India,Assam,26.8727,94.9275,2013-08-16,observed_landslide,1,Unknown,0,"{'location_description': 'Longlem, Nagaland', 'source_name': 'www.nagalandpost.com', 'source_link': 'http://www.nagalandpost.com/channelnews/state/StateNews.aspx?news=TkVXUzEwMDA0NDE4MQ%3D%3D-6hneqQH1frg%3D'}"
GLC-REAL-2411,2411,NASA_GLC,India,Arunachal Pradesh,27.0011,93.7273,2010-09-10,observed_landslide,1,Unknown,0,"{'location_description': 'districts Lakhimpur, Dhemaji, Golaghat, and Sonitpur, Assam province', 'source_name': 'timesofindia.indiatimes', 'source_link': 'http://timesofindia.indiatimes.com/india/13-killed-as-rains-wrack-havoc-in-north-and-eastern-India-/articleshow/6532367.cms'}"
GLC-REAL-6143,6143,NASA_GLC,India,Mizoram,23.7327,92.7463,2014-07-14,observed_landslide,1,Unknown,0,"{'location_description': 'Zembabawk, Aizawl', 'source_name': 'Business Standard', 'source_link': 'http://www.business-standard.com/article/pti-stories/rescue-operations-for-woman-swept-away-by-landslide-continue-114071500831_1.html'}"
GLC-REAL-9124,9124,NASA_GLC,India,Meghalaya,25.203,90.5573,2016-07-19,observed_landslide,1,Unknown,0,"{'location_description': 'Rongthragittim Songittal village, near Sibbari, South Garo Hills District, Meghalaya, India', 'source_name': 'Business Standard', 'source_link': 'http://www.business-standard.com/article/news-ani/over-hundred-homes-displaced-due-to-landslide-in-meghalaya-116072100406_1.html'}"
GLC-REAL-2282,2282,NASA_GLC,India,Nagaland,26.1984,94.8158,2010-08-19,observed_landslide,1,Unknown,0,"{'location_description': 'Tuensang-Kohima rd, 3 km outside Tuensang, Nagaland', 'source_name': 'indiablooms', 'source_link': 'http://www.indiablooms.com/EnvironmentDetailsPage/environmentDetails190810a.php'}"
GLC-REAL-9338,9338,NASA_GLC,India,Assam,24.4638,92.4943,2016-05-18,observed_landslide,1,Unknown,0,"{'location_description': 'Sonachirra, Karimganj district, Assam, India', 'source_name': 'Indian Express', 'source_link': 'http://indianexpress.com/article/india/india-news-india/at-least-10-killed-in-landslides-in-assam-rescue-operations-underway-2806810/'}"
GLC-REAL-2421,2421,NASA_GLC,India,Mizoram,23.75407,92.74129,2010-09-13,observed_landslide,1,Unknown,0,"{'location_description': 'road to Muanna Godown, Zuangtui, Mizoram', 'source_name': 'Mizoram Express', 'source_link': 'http://mizoramexpress.com/index.php/2010/09/mizoram-landslides-kill-one-woman/'}"
GLC-REAL-2249,2249,NASA_GLC,India,Nagaland,26.0814,94.803,2010-08-14,observed_landslide,1,Unknown,0,"{'location_description': 'Kiphire-Tuensang rd, Nagaland', 'source_name': 'morungexpress', 'source_link': 'http://www.morungexpress.com/frontpage/53726.html'}"
GLC-REAL-8901,8901,NASA_GLC,India,Nagaland,25.7902,94.1318,2016-07-10,observed_landslide,1,Unknown,0,"{'location_description': 'National Highway 2, near Kohima, Nagaland, India', 'source_name': 'Business Standard', 'source_link': 'http://www.business-standard.com/article/news-ians/landslide-blocks-nh2-disrupting-traffic-to-and-from-manipur-116071000262_1.html'}"
GLC-REAL-2283,2283,NASA_GLC,India,Manipur,24.8961,93.4957,2010-08-19,observed_landslide,1,Unknown,0,"{'location_description': '2 km from Khongsang village(?), road between Tamenglong and Imphal or Nungba, Manipur', 'source_name': 'e-pao.net', 'source_link': 'http://e-pao.net/GP.asp?src=21..210810.aug10'}"
GLC-REAL-6016,6016,NASA_GLC,India,Assam,24.8669,92.3576,2014-05-09,observed_landslide,1,Unknown,0,"{'location_description': 'Satgarakul Village, Karimganj, Assam State', 'source_name': 'Sciency Thoughts', 'source_link': 'http://sciencythoughts.blogspot.com/2014/05/seven-members-of-one-family-killed-by.html'}"
GLC-REAL-215,215,NASA_GLC,India,Nagaland,25.7428,93.9136,2007-08-28,observed_landslide,1,Unknown,0,"{'location_description': 'Phesema area at National Highway 39', 'source_name': 'Newkerala', 'source_link': 'http://www.newkerala.com/july.php?action=fullnews&id=56364'}"
GLC-REAL-7780,7780,NASA_GLC,India,Mizoram,23.3572,92.7878,2015-08-26,observed_landslide,1,Unknown,0,"{'location_description': 'Sailam village', 'source_name': 'Indian Express', 'source_link': 'http://indianexpress.com/article/india/india-others/several-houses-swept-away-in-mudslide-in-the-mizoram-town-of-phullen/'}"
GLC-REAL-2281,2281,NASA_GLC,India,Nagaland,25.6156,94.11603,2010-08-19,observed_landslide,1,Unknown,0,"{'location_description': 'Kisima, Nagaland', 'source_name': 'E-PAO', 'source_link': 'http://www.indiablooms.com/EnvironmentDetailsPage/environmentDetails190810a.php'}"
GLC-REAL-1996,1996,NASA_GLC,India,Nagaland,26.4333,94.8833,2010-06-17,observed_landslide,1,Unknown,0,"{'location_description': 'Shayoung Ward(?), Longleng, Nagaland', 'source_name': 'morungexpress', 'source_link': 'http://www.morungexpress.com/local/50546.html'}"
GLC-REAL-6283,6283,NASA_GLC,India,Assam,26.1314,91.7548,2014-09-22,observed_landslide,1,Unknown,0,"{'location_description': 'Dakhingaon', 'source_name': 'Assam Tribune', 'source_link': 'http://www.assamtribune.com/scripts/detailsnew.asp?id=sep2414/at051'}"
GLC-REAL-8930,8930,NASA_GLC,India,Nagaland,26.1699,94.4922,2016-07-11,observed_landslide,1,Unknown,0,"{'location_description': 'North Point Colony, Akuluto, Nagaland, India', 'source_name': 'Nagaland Post', 'source_link': 'https://issuu.com/nagalandpost90/docs/july_13__2016'}"
GLC-REAL-869,869,NASA_GLC,India,Assam,27.2333,94.1167,2008-10-29,observed_landslide,1,Unknown,0,"{'location_description': 'North Lakhimpur ', 'source_name': 'rttnews', 'source_link': 'http://www.rttnews.com/ArticleView.aspx?Id=758386&SMap=1'}"
GLC-REAL-285,285,NASA_GLC,India,Mizoram,24.1293,92.6921,2007-09-29,observed_landslide,1,Unknown,0,"{'location_description': 'National Highway, 45 Aizwal (Mizoram)', 'source_name': 'Newkerala', 'source_link': 'http://www.newkerala.com/oct.php?action=fullnews&id=7498'}"
GLC-REAL-3662,3662,NASA_GLC,India,Manipur,25.03562,94.01442,2011-06-28,observed_landslide,1,Unknown,0,"{'location_description': 'Ikou-Gangpijang road, near: Ikou, Saikul, and Gangpijang; Imphal India', 'source_name': 'E-PAO', 'source_link': 'http://e-pao.net/GP.asp?src=7..290611.jun11'}"
GLC-REAL-5427,5427,NASA_GLC,India,Nagaland,25.3833,94.1884,2013-08-15,observed_landslide,1,Unknown,0,"{'location_description': 'Koide Government High School, Senapati, Manipur', 'source_name': 'e-pao.net', 'source_link': 'http://e-pao.net/GP.asp?src=Snipp8..230813.aug13'}"
GLC-REAL-8339,8339,NASA_GLC,India,Assam,26.1666,91.7042,2015-09-23,observed_landslide,1,Unknown,0,"{'location_description': 'Kamakhya Temple', 'source_name': 'Assam Times', 'source_link': 'http://www.assamtimes.org/node/15150'}"
GLC-REAL-4905,4905,NASA_GLC,India,Nagaland,26.0977,94.7031,2013-06-07,observed_landslide,1,Unknown,0,"{'location_description': 'Kuthur – Huker Road Via Y Anner, Chessore, Nagaland', 'source_name': 'www.nagalandpost.com', 'source_link': 'http://www.nagalandpost.com/channelnews/state/StateNews.aspx?news=TkVXUzEwMDA0NjAwNw%3D%3D-%2FtfIAOw1uMk%3D'}"
GLC-REAL-9186,9186,NASA_GLC,India,Manipur,25.48,94.1383,2016-07-25,observed_landslide,1,Unknown,0,"{'location_description': 'Imphal-Dimapur road  in Tadubi, Senapati district, Manipur, India', 'source_name': 'E-Pao', 'source_link': 'http://www.e-pao.net/GP.asp?src=Snipp1..260716.jul16'}"
GLC-REAL-5107,5107,NASA_GLC,India,Nagaland,25.6269,94.1139,2013-07-15,observed_landslide,1,Unknown,0,"{'location_description': 'National Highway 29 Near Phesama Village, Nagaland', 'source_name': 'articles.timesofindia.indiatimes.com', 'source_link': 'http://articles.timesofindia.indiatimes.com/2013-07-15/guwahati/40589516_1_southern-angami-youth-organization-jessami-tadubi'}"
GLC-REAL-7253,7253,NASA_GLC,India,Assam,24.7979,92.9974,2015-07-22,observed_landslide,1,Unknown,0,"{'location_description': 'Lakhipur', 'source_name': 'Assam Times', 'source_link': 'http://www.assamtimes.org/node/14309'}"
GLC-REAL-6286,6286,NASA_GLC,India,Assam,26.1044,91.7082,2014-09-22,observed_landslide,1,Unknown,0,"{'location_description': 'Garchuk', 'source_name': 'Assam Tribune', 'source_link': 'http://www.assamtribune.com/scripts/detailsnew.asp?id=sep2414/at051'}"
GLC-REAL-594,594,NASA_GLC,India,Manipur,24.9336,93.8275,2008-06-19,observed_landslide,1,Unknown,0,"{'location_description': 'Namkaoluang village, Tamenglong-Sangrung (Khongsang) road, NH-53, Manipur', 'source_name': 'kanglaonline', 'source_link': 'http://www.kanglaonline.com/index.php?template=headline&newsid=42473&typeid=2'}"
GLC-REAL-5337,5337,NASA_GLC,India,Nagaland,26.4205,94.9731,2013-08-16,observed_landslide,1,Unknown,0,"{'location_description': 'Yakshu, Nagaland', 'source_name': 'www.morungexpress.com', 'source_link': 'http://www.morungexpress.com/local/103875.html'}"
GLC-REAL-3881,3881,NASA_GLC,India,Arunachal Pradesh,27.1034,93.6885,2011-08-05,observed_landslide,1,Unknown,0,"{'location_description': 'Itanagar', 'source_name': 'articles.timesofindia', 'source_link': 'http://articles.timesofindia.indiatimes.com/2011-08-06/guwahati/29861700_1_water-supply-drinking-water-landslides'}"
GLC-REAL-3925,3925,NASA_GLC,India,Arunachal Pradesh,27.4888,93.0153,2011-08-15,observed_landslide,1,Unknown,0,"{'location_description': 'East Kameng, Arunachal Pradesh', 'source_name': 'indianexpress', 'source_link': 'http://www.indianexpress.com/news/landslides-cut-off-arunachal-districts-iaf-to-the-rescue/833599/'}"
GLC-REAL-7383,7383,NASA_GLC,India,Manipur,23.899,94.1434,2015-08-01,observed_landslide,1,Unknown,0,"{'location_description': 'Tuitung village, Khengjoi', 'source_name': 'Hindustan Times', 'source_link': 'http://www.hindustantimes.com/india/20-dead-several-houses-swept-away-in-manipur-landslide/story-KoP6OouFBWhqxSdcnLrXJN.html'}"
GLC-REAL-8900,8900,NASA_GLC,India,Manipur,25.0118,94.3136,2016-07-07,observed_landslide,1,Unknown,0,"{'location_description': 'Imphal-Ukhrul sector of National Highway 102, Manipur, India', 'source_name': 'Eastern Mirror', 'source_link': 'http://www.easternmirrornagaland.com/landslide-hampers-nh-102-traffic-restored/'}"
GLC-REAL-4757,4757,NASA_GLC,India,Arunachal Pradesh,28.1193,95.1645,2013-02-18,observed_landslide,1,Unknown,0,"{'location_description': 'East Siang, Arunachal Pradesh', 'source_name': 'articles.timesofindia.indiatimes.com', 'source_link': 'http://articles.timesofindia.indiatimes.com/2013-02-20/guwahati/37199432_1_fire-mishap-east-siang-massive-landslide'}"
GLC-REAL-7666,7666,NASA_GLC,India,Manipur,25.1019,93.3729,2015-08-11,observed_landslide,1,Unknown,0,"{'location_description': 'Tousem', 'source_name': 'E-PAO', 'source_link': 'http://e-pao.net/GP.asp?src=26..120815.aug15'}"
GLC-REAL-2045,2045,NASA_GLC,India,Nagaland,26.2363,94.8133,2010-07-06,observed_landslide,1,Unknown,0,"{'location_description': 'Tuensang, Nagaland', 'source_name': 'morungexpress', 'source_link': 'http://www.morungexpress.com/local/51540.html'}"
GLC-REAL-7701,7701,NASA_GLC,India,Nagaland,25.6278,94.1051,2015-08-19,observed_landslide,1,Unknown,0,"{'location_description': 'Phesama', 'source_name': 'Nagaland Post', 'source_link': 'http://nagalandpost.com/ChannelNews/State/StateNews.aspx?news=TkVXUzEwMDA4NTE4Nw%3D%3D'}"
GLC-REAL-2422,2422,NASA_GLC,India,Mizoram,23.74183,92.71419,2010-09-13,observed_landslide,1,Unknown,0,"{'location_description': 'Hunthar Veng, Mizoram', 'source_name': 'Mizoram Express', 'source_link': 'http://mizoramexpress.com/index.php/2010/09/mizoram-landslides-kill-one-woman/'}"
GLC-REAL-6513,6513,NASA_GLC,India,Tripura,23.0137,91.7174,2014-08-14,observed_landslide,1,Unknown,0,"{'location_description': 'Sabroom', 'source_name': 'New Indian Express', 'source_link': 'http://www.newindianexpress.com/nation/Landslide-Kills-Three-in-Tripura/2014/08/15/article2381042.ece'}"
GLC-REAL-2248,2248,NASA_GLC,India,Nagaland,26.222,94.9152,2010-08-14,observed_landslide,1,Unknown,0,"{'location_description': 'Noklak-Tuensang road, Nagaland', 'source_name': 'morungexpress', 'source_link': 'http://www.morungexpress.com/frontpage/53726.html'}"
GLC-REAL-5268,5268,NASA_GLC,India,Nagaland,26.0137,94.5163,2013-08-04,observed_landslide,1,Unknown,0,"{'location_description': 'Zunheboto, Nagaland', 'source_name': 'www.morungexpress.com', 'source_link': 'http://www.morungexpress.com/local/101605.html'}"
GLC-REAL-6106,6106,NASA_GLC,India,Assam,26.1407,91.7645,2014-06-26,observed_landslide,1,Unknown,0,"{'location_description': 'Narakasur', 'source_name': 'Two Circles', 'source_link': 'http://twocircles.net/2014jun27/8_killed_assam_landslides_electrocution.html#.U70ydPldU1L'}"
GLC-REAL-3965,3965,NASA_GLC,India,Assam,24.808,93.117,2011-09-06,observed_landslide,1,Unknown,0,"{'location_description': 'NH 37 at Awang Khul\xa0', 'source_name': 'e-pao.net', 'source_link': 'http://e-pao.net/GP.asp?src=Snipp8..080911.sep11'}"
GLC-REAL-6969,6969,NASA_GLC,India,Meghalaya,25.5114,90.215,2015-06-16,observed_landslide,1,Unknown,0,"{'location_description': 'Nakham Bazaar, Tura, Meghalaya', 'source_name': 'The Shillong Times', 'source_link': 'http://www.theshillongtimes.com/2015/06/17/entire-family-among-5-dead-in-tura-landslides/'}"
GLC-REAL-2044,2044,NASA_GLC,India,Nagaland,25.8877,94.7861,2010-07-06,observed_landslide,1,Unknown,0,"{'location_description': 'Kiphire,  Nagaland', 'source_name': 'morungexpress', 'source_link': 'http://www.morungexpress.com/local/51540.html'}"
GLC-REAL-2587,2587,NASA_GLC,India,Nagaland,25.6623,94.1072,2010-10-10,observed_landslide,1,Unknown,0,"{'location_description': 'Lower Chandmari area, PWD department, Kohima, Manipur', 'source_name': 'morungexpress', 'source_link': 'http://www.morungexpress.com/local/56264.html'}"
GLC-REAL-8684,8684,NASA_GLC,India,Assam,25.9611,91.3681,2016-07-07,observed_landslide,1,Unknown,0,"{'location_description': 'Kamrup district, Assam, India', 'source_name': 'Hindustan Times', 'source_link': 'http://www.hindustantimes.com/india-news/two-killed-due-to-landslide-in-assam/story-iWPiQmWinCDc8gZotcTmFM.html'}"
GLC-REAL-1596,1596,NASA_GLC,India,Manipur,24.7339,93.9161,2010-03-27,observed_landslide,1,Unknown,0,"{'location_description': 'LangthAbal Khoupum, Imphal, Manipur', 'source_name': 'news.oneindia', 'source_link': 'http://news.oneindia.in/2010/03/29/rainsstorm-cause-havoc-inmanipur.html'}"
GLC-REAL-1771,1771,NASA_GLC,India,Assam,26.1978,91.7665,2010-04-20,observed_landslide,1,Unknown,0,"{'location_description': 'Raj Bhavan Guwahati, Assam', 'source_name': 'assamtribune', 'source_link': 'http://www.assamtribune.com/scripts/detailsnew.asp?id=apr2110/at06'}"
GLC-REAL-7364,7364,NASA_GLC,India,Manipur,24.819,94.3551,2015-07-31,observed_landslide,1,Unknown,0,"{'location_description': 'Phungyar road', 'source_name': 'E-PAO', 'source_link': 'http://e-pao.net/GP.asp?src=22..010815.aug15'}"
GLC-REAL-6968,6968,NASA_GLC,India,Meghalaya,25.463,92.2121,2015-06-13,observed_landslide,1,Unknown,0,"{'location_description': 'Ratacherra village along the NH-44 connecting to Barak Valley in Assam and Tripura, Meghalaya, Mizoramon', 'source_name': 'newKarala', 'source_link': 'http://www.newkerala.com/news/2015/fullnews-73439.html'}"
GLC-REAL-7373,7373,NASA_GLC,India,Manipur,24.9111,94.4759,2015-08-01,observed_landslide,1,Unknown,0,"{'location_description': 'between Maku village and Kamjong sub division', 'source_name': 'E-PAO', 'source_link': 'http://e-pao.net/GP.asp?src=22..020815.aug15'}"
GLC-REAL-4570,4570,NASA_GLC,India,Arunachal Pradesh,27.8458,95.2253,2012-09-19,observed_landslide,1,Unknown,0,"{'location_description': '\xa0Arunachal Pradesh\xa0', 'source_name': 'articles.timesofindia', 'source_link': 'http://articles.timesofindia.indiatimes.com/2012-09-19/guwahati/33951873_1_landslides-road-communication-water-tank'}"
GLC-REAL-1935,1935,NASA_GLC,India,Tripura,23.8986,91.7599,2010-06-03,observed_landslide,1,Unknown,0,"{'location_description': 'atharamura hills, Highway 44, Tripura', 'source_name': 'Telegraph India', 'source_link': 'http://www.telegraphindia.com/1100605/jsp/northeast/story_12529386.jsp'}"
GLC-REAL-2577,2577,NASA_GLC,India,Nagaland,25.5265,93.8673,2010-10-09,observed_landslide,1,Unknown,0,"{'location_description': 'NH-39 near Khongnem(?) village, between Imphal and Dimapur, Manipur', 'source_name': 'e-pao', 'source_link': 'http://www.e-pao.net/GP.asp?src=5..101010.oct10'}"
GLC-REAL-7276,7276,NASA_GLC,India,Assam,26.1062,91.8717,2015-07-25,observed_landslide,1,Unknown,0,"{'source_name': 'ASSAM Talks', 'source_link': 'http://www.assamtalks.com/2-killed-in-jorabat-landslide.html'}"
GLC-REAL-2576,2576,NASA_GLC,India,Nagaland,25.4788,94.1399,2010-10-09,observed_landslide,1,Unknown,0,"{'location_description': 'NH-39 at Tobio village(?), 7 km form Tadubi, Manipur', 'source_name': 'e-pao', 'source_link': 'http://www.e-pao.net/GP.asp?src=5..101010.oct10'}"
GLC-REAL-6293,6293,NASA_GLC,India,Meghalaya,25.5006,90.0896,2014-10-20,observed_landslide,1,Unknown,0,"{'location_description': 'South West Garo Hills', 'source_name': 'TIMES OF INDIA', 'source_link': 'http://timesofindia.indiatimes.com/city/guwahati/Landslide-deluge-kill-7-in-Meghalayas-Garo-Hills/articleshow/43174646.cms'}"
GLC-REAL-4858,4858,NASA_GLC,India,Assam,26.1662,91.7138,2013-05-11,observed_landslide,1,Unknown,0,"{'location_description': 'Nursery, North Guwahati, Guwahati, Assam,', 'source_name': 'articles.timesofindia.indiatimes.com', 'source_link': 'http://articles.timesofindia.indiatimes.com/2013-05-12/guwahati/39203561_1_artificial-floods-guwahati-municipal-corporation-gs-road'}"
GLC-REAL-5269,5269,NASA_GLC,India,Nagaland,25.8376,94.5234,2013-08-04,observed_landslide,1,Unknown,0,"{'location_description': 'Tizu, Nagaland', 'source_name': 'www.nagalandpost.com', 'source_link': 'http://www.nagalandpost.com/ChannelNews/State/StateNews.aspx?news=TkVXUzEwMDA0MjY4Nw%3D%3D-bSp8jh3okxw%3D'}"
GLC-REAL-5270,5270,NASA_GLC,India,Nagaland,26.0481,94.4619,2013-08-04,observed_landslide,1,Unknown,0,"{'location_description': 'Phizo, Nagaland', 'source_name': 'www.nagalandpost.com', 'source_link': 'http://www.nagalandpost.com/ChannelNews/State/StateNews.aspx?news=TkVXUzEwMDA0MjY4Nw%3D%3D-bSp8jh3okxw%3D'}"
GLC-REAL-6284,6284,NASA_GLC,India,Assam,26.1324,91.8342,2014-09-22,observed_landslide,1,Unknown,0,"{'location_description': 'Batahghuli', 'source_name': 'Assam Tribune', 'source_link': 'http://www.assamtribune.com/scripts/detailsnew.asp?id=sep2414/at051'}"
GLC-REAL-9251,9251,NASA_GLC,India,Nagaland,25.8702,94.7844,2016-07-28,observed_landslide,1,Unknown,0,"{'location_description': 'Government Middle School (GMS) Kiphire station “B”, Kiphire, Nagaland, India', 'source_name': 'Nagaland Post', 'source_link': 'http://nagalandpost.com/ChannelNews/State/StateNews.aspx?news=TkVXUzEwMDEwMDI0Mw%3D%3D'}"
GLC-REAL-7699,7699,NASA_GLC,India,Nagaland,26.0214,94.5224,2015-08-19,observed_landslide,1,Unknown,0,"{'location_description': 'Zunheboto district', 'source_name': 'Web India 123', 'source_link': 'http://news.webindia123.com/news/Articles/India/20150819/2663754.html'}"
GLC-REAL-7664,7664,NASA_GLC,India,Manipur,24.7459,93.4251,2015-08-11,observed_landslide,1,Unknown,0,"{'location_description': 'Nungba', 'source_name': 'E-PAO', 'source_link': 'http://e-pao.net/GP.asp?src=26..120815.aug15'}"
GLC-REAL-7589,7589,NASA_GLC,India,Meghalaya,25.2568,92.3825,2015-08-19,observed_landslide,1,Unknown,0,"{'location_description': 'National Highway 44', 'source_name': 'International Business Times', 'source_link': 'http://www.ibtimes.co.in/meghalaya-massive-landslide-east-jaintia-hills-flash-floods-shillong-hit-normal-life-643439'}"
GLC-REAL-7887,7887,NASA_GLC,India,Arunachal Pradesh,27.8835,96.9262,2015-08-16,observed_landslide,1,Unknown,0,"{'location_description': 'Hawai', 'source_name': 'The Times of India', 'source_link': 'http://timesofindia.indiatimes.com/city/guwahati/Landslide-cuts-off-Anjaw-district-food-prices-rise/articleshow/48715682.cms'}"
GLC-REAL-9404,9404,NASA_GLC,India,Arunachal Pradesh,28.0822,96.5316,2016-05-01,observed_landslide,1,Unknown,0,"{'location_description': 'Hayuliang, Anjaw district,Arunachal Pradesh, India', 'source_name': 'Business Standard', 'source_link': 'http://www.business-standard.com/article/pti-stories/landslides-in-arunachal-district-no-loss-of-life-116050200846_1.html'}"
GLC-REAL-6287,6287,NASA_GLC,India,Assam,26.1295,91.7056,2014-09-22,observed_landslide,1,Unknown,0,"{'location_description': 'Dhirenpara', 'source_name': 'Assam Tribune', 'source_link': 'http://www.assamtribune.com/scripts/detailsnew.asp?id=sep2414/at051'}"
GLC-REAL-2304,2304,NASA_GLC,India,Nagaland,25.5718,94.1211,2010-08-21,observed_landslide,1,Unknown,0,"{'location_description': 'NH 39 at Kigwema(?), between Mao Gate and Kohima, Nagaland', 'source_name': 'e-pao', 'source_link': 'http://www.e-pao.net/GP.asp?src=21..210810.aug10'}"
GLC-REAL-5273,5273,NASA_GLC,India,Nagaland,26.1807,94.5497,2013-08-04,observed_landslide,1,Unknown,0,"{'location_description': 'Zhekuto, Nagaland', 'source_name': 'www.nagalandpost.com', 'source_link': 'http://www.nagalandpost.com/ChannelNews/State/StateNews.aspx?news=TkVXUzEwMDA0MjY4Nw%3D%3D-bSp8jh3okxw%3D'}"
GLC-REAL-8995,8995,NASA_GLC,India,Assam,26.1963,91.8074,2016-07-14,observed_landslide,1,Unknown,0,"{'location_description': 'Noonmati Nijarapar area of the city, Guwahati, Assam, India', 'source_name': 'Indian Express', 'source_link': 'http://indianexpress.com/article/india/india-news-india/separate-landslides-kill-two-in-assam-2913748/'}"
GLC-REAL-2567,2567,NASA_GLC,India,Manipur,25.6633,94.4703,2010-10-08,observed_landslide,1,Unknown,0,"{'location_description': 'Phek, Manipur', 'source_name': 'morungexpress', 'source_link': 'http://www.morungexpress.com/local/56264.html'}"
GLC-REAL-6285,6285,NASA_GLC,India,Assam,26.159,91.8178,2014-09-22,observed_landslide,1,Unknown,0,"{'location_description': 'VIP Road', 'source_name': 'Assam Tribune', 'source_link': 'http://www.assamtribune.com/scripts/detailsnew.asp?id=sep2414/at051'}"
GLC-REAL-868,868,NASA_GLC,India,Assam,26.3333,91.25,2008-10-29,observed_landslide,1,Unknown,0,"{'location_description': 'Kamrup, and Sonitpur, Assam', 'source_name': 'in.reuters', 'source_link': 'http://in.reuters.com/article/topNews/idINIndia-36198420081029'}"
GLC-REAL-5005,5005,NASA_GLC,India,Nagaland,26.72,95.029,2013-07-01,observed_landslide,1,Unknown,0,"{'location_description': 'Walo Ward, Mon Town, Wokha District, Nagaland', 'source_name': 'www.nagalandpost.com', 'source_link': 'http://www.nagalandpost.com/ChannelNews/State/StateNews.aspx?news=TkVXUzEwMDA0MDQ4MQ%3D%3D-gEvw8J4DIOI%3D'}"
GLC-REAL-3860,3860,NASA_GLC,India,Nagaland,25.4192,94.108,2011-07-29,observed_landslide,1,Unknown,0,"{'location_description': 'Maram, Manipur', 'source_name': 'kanglaonline.com', 'source_link': 'http://kanglaonline.com/2011/07/works-minister-visits-landslide-hit-maram-stretch-of-nh2/'}"
GLC-REAL-1127,1127,NASA_GLC,India,Assam,25.1718,93.123,2009-08-27,observed_landslide,1,Unknown,0,"{'location_description': 'between Mahur and Phaiding railway stations on Barail hills (Mahur and Barail hills located)', 'source_name': 'prokerala', 'source_link': 'http://www.prokerala.com/news/articles/a75292.html'}"
GLC-REAL-5603,5603,NASA_GLC,India,Manipur,25.426,94.6024,2013-10-13,observed_landslide,1,Unknown,0,"{'location_description': 'Tusom, Manipur', 'source_name': 'www.indiatvnews.com', 'source_link': 'http://www.indiatvnews.com/news/india/people-in-manipur-evacuate-due-to-landslides-volcanic-eruption-fear-baseless-29544.html'}"
GLC-REAL-2042,2042,NASA_GLC,India,Nagaland,26.0093,94.5238,2010-07-06,observed_landslide,1,Unknown,0,"{'location_description': 'Zunheboto, Nagaland', 'source_name': 'morungexpress', 'source_link': 'http://www.morungexpress.com/local/51540.html'}"
GLC-REAL-5442,5442,NASA_GLC,India,Arunachal Pradesh,27.1614,93.7525,2013-09-02,observed_landslide,1,Unknown,0,"{'location_description': 'Arunachal Pradesh', 'source_name': 'ibnlive.in.com', 'source_link': 'http://ibnlive.in.com/news/massive-landslide-in-arunachal-due-to-rainfall-2-districts-remain-cut-off/420409-3-229.html'}"
GLC-REAL-7933,7933,NASA_GLC,India,Assam,26.1868,91.6739,2015-09-01,observed_landslide,1,Unknown,0,"{'location_description': 'Maligaon', 'source_name': 'Assam Times', 'source_link': 'http://www.assamtimes.org/node/14780'}"
GLC-REAL-3637,3637,NASA_GLC,India,Nagaland,25.51615,94.23412,2011-06-21,observed_landslide,1,Unknown,0,"{'location_description': 'Lasumi village in Phek district, Kohima', 'source_name': 'Morung Express', 'source_link': 'https://web.archive.org/web/20110627132314/http://www.morungexpress.com/regional/67365.html'}"
GLC-REAL-3837,3837,NASA_GLC,India,Assam,26.5836,93.0038,2011-07-24,observed_landslide,1,Unknown,0,"{'location_description': 'NH 37', 'source_name': 'e-pao.net', 'source_link': 'http://e-pao.net/GP.asp?src=17..250711.jul11'}"
GLC-REAL-220,220,NASA_GLC,India,Manipur,25.1333,93.9667,2007-08-31,observed_landslide,1,Unknown,0,"{'location_description': 'Velnal village, Tamei sub-division and Toribari village (3 kilometer toward Tamei from Kangpokpi)', 'source_name': 'kanglaonline.com', 'source_link': 'http://www.kanglaonline.com/index.php?template=headline&newsid=39138&typeid=2'}"
GLC-REAL-212,212,NASA_GLC,India,Meghalaya,25.5576,91.8506,2007-08-26,observed_landslide,1,Unknown,0,"{'location_description': 'National Highway No 44 at Sonarpur in Meghalaya', 'source_name': 'Newspost India.com', 'source_link': 'http://newspostindia.com/report-12963'}"
GLC-REAL-7372,7372,NASA_GLC,India,Manipur,25.0634,94.3415,2015-07-31,observed_landslide,1,Unknown,0,"{'location_description': 'Naga Gate along the Ukhrul-Imphal route', 'source_name': 'E-PAO', 'source_link': 'http://e-pao.net/GP.asp?src=22..020815.aug15'}"
GLC-REAL-2570,2570,NASA_GLC,India,Manipur,24.837,93.9128,2010-10-08,observed_landslide,1,Unknown,0,"{'location_description': 'Tharon(?) and Langol Tarung villages, Thangmeiband constituency, Imphal, Manipur', 'source_name': 'e-pao.net', 'source_link': 'http://e-pao.net/GP.asp?src=6..111010.oct10'}"
GLC-REAL-3806,3806,NASA_GLC,India,Arunachal Pradesh,27.1032,93.6884,2011-07-19,observed_landslide,1,Unknown,0,"{'location_description': 'Itanagar (one near Pachali power house, one near Heema Hospital, and one nearRomik Colony at P Sector)', 'source_name': 'ibnlive.in', 'source_link': 'http://ibnlive.in.com/generalnewsfeed/news/three-killed-in-landslides/758753.html'}"
GLC-REAL-2026,2026,NASA_GLC,India,Meghalaya,25.4916,91.2698,2010-06-28,observed_landslide,1,Unknown,0,"{'location_description': 'Borsorsa(?), West Khasi Hills, Meghalaya', 'source_name': 'neinews', 'source_link': 'http://www.neinews.com/girl-dies-5-injured-in-city-l2-missing-trucks-trapped-in-borsora.html'}"
GLC-REAL-714,714,NASA_GLC,India,Assam,27.163,94.0,2008-08-14,observed_landslide,1,Unknown,0,"{'location_description': 'Kimin-Ziro road in Papum Pare district, road between Doimukh and Sagalee, Doimukh-Hoj road; Arunachal Pradesh', 'source_name': 'morungexpress', 'source_link': 'http://www.morungexpress.com/regional/1615.html'}"
GLC-REAL-6110,6110,NASA_GLC,India,Assam,26.1619,91.7697,2014-06-27,observed_landslide,1,Unknown,0,"{'location_description': 'Bhangagarh, Assam', 'source_name': 'Assam Times', 'source_link': 'http://www.assamtimes.org/node/11181'}"
GLC-REAL-247,247,NASA_GLC,India,Manipur,25.0604,93.9877,2007-09-08,observed_landslide,1,Unknown,0,"{'location_description': 'Lower Shajouba village near Tadubi along NH 39, Manipur ', 'source_name': 'kanglaonline.com', 'source_link': 'http://www.kanglaonline.com/index.php?template=headline&newsid=39218&typeid=2'}"
GLC-REAL-4407,4407,NASA_GLC,India,Assam,25.0951,92.3567,2012-06-13,observed_landslide,1,Unknown,0,"{'location_description': 'NH44, Malidhor area,  Baleswar', 'source_name': 'zeenews.india', 'source_link': 'http://zeenews.india.com/news/assam/road-between-silchar-guwahati-disrupted_781633.html'}"
GLC-REAL-3789,3789,NASA_GLC,India,Arunachal Pradesh,27.2743,92.9064,2011-07-16,observed_landslide,1,Unknown,0,"{'location_description': 'Mebua (8 km from Seppa)', 'source_name': 'english.samaylive', 'source_link': 'http://english.samaylive.com/regional-news/others-news/676490549/flash-floods-in-arunachal-pradesh.html'}"
GLC-REAL-6292,6292,NASA_GLC,India,Assam,25.7238,89.9032,2014-09-23,observed_landslide,1,Unknown,0,"{'location_description': 'Hatsingimari', 'source_name': 'Deccan Herald', 'source_link': 'http://www.deccanherald.com/content/432481/landslide-guwahati-shillong-highway.html'}"
GLC-REAL-545,545,NASA_GLC,India,Assam,24.9849,92.8411,2008-05-20,observed_landslide,1,Unknown,0,"{'location_description': 'A Cachar District village, near village of Srinager, Assam', 'source_name': 'Telegraph India', 'source_link': 'http://www.telegraphindia.com/1080521/jsp/northeast/story_9297276.jsp'}"
GLC-REAL-7265,7265,NASA_GLC,India,Manipur,25.5007,93.9854,2015-07-22,observed_landslide,1,Unknown,0,"{'location_description': 'Willong-Yangkhullen stretch', 'source_name': 'The Sangai Express', 'source_link': 'http://www.thesangaiexpress.com/page/items/54212/massive-landslide-along-maram-peren-road-downpour-creates-havoc-in-different-parts'}"
GLC-REAL-2436,2436,NASA_GLC,India,Mizoram,24.3069,93.125,2010-09-16,observed_landslide,1,Unknown,0,"{'location_description': 'Taithu village, Churanchandpur district, Mizoram, Manipur', 'source_name': 'mizoramexpress.com', 'source_link': 'http://mizoramexpress.com/index.php/2010/09/landslide-hits-taithu-village-22-people-escape-death/'}"
GLC-REAL-7727,7727,NASA_GLC,India,Nagaland,25.6263,94.1057,2015-08-20,observed_landslide,1,Unknown,0,"{'location_description': 'between Phesama and Kuima in Nagaland', 'source_name': 'E-PAO', 'source_link': 'http://e-pao.net/GP.asp?src=11..220815.aug15'}"
GLC-REAL-7334,7334,NASA_GLC,India,Arunachal Pradesh,28.1737,94.7596,2015-08-18,observed_landslide,1,Unknown,0,"{'location_description': 'Arunachal Pradesh', 'source_name': 'webindia123', 'source_link': 'http://news.webindia123.com/news/Articles/India/20150820/2664183.html'}"
GLC-REAL-6200,6200,NASA_GLC,India,Arunachal Pradesh,27.0869,93.6086,2014-08-17,observed_landslide,1,Unknown,0,"{'location_description': 'Arunachal Pradesh/Itanagar', 'source_name': 'One India News', 'source_link': 'http://news.oneindia.in/india/flood-landslides-in-arunachal-pradesh-1504142.html'}"
GLC-REAL-7778,7778,NASA_GLC,India,Mizoram,23.8447,93.0514,2015-08-26,observed_landslide,1,Unknown,0,"{'location_description': 'Phullen’s main road', 'source_name': 'Indian Express', 'source_link': 'http://indianexpress.com/article/india/india-others/several-houses-swept-away-in-mudslide-in-the-mizoram-town-of-phullen/'}"
GLC-REAL-6290,6290,NASA_GLC,India,Meghalaya,25.5772,91.8666,2014-09-23,observed_landslide,1,Unknown,0,"{'location_description': 'Mawbah under Mawprem area', 'source_name': 'Zee News', 'source_link': 'http://zeenews.india.com/news/north-east/eight-die-of-landslide-in-east-khasi-hills_1474744.html'}"
GLC-REAL-4408,4408,NASA_GLC,India,Meghalaya,25.5498,92.0757,2012-06-13,observed_landslide,1,Unknown,0,"{'location_description': 'NH44, Kuliang', 'source_name': 'zeenews.india', 'source_link': 'http://zeenews.india.com/news/assam/road-between-silchar-guwahati-disrupted_781633.html'}"
GLC-REAL-4403,4403,NASA_GLC,India,Manipur,24.8142,93.5444,2012-06-10,observed_landslide,1,Unknown,0,"{'location_description': 'Imphal-Jiribam section of NH-37 , Manipur', 'source_name': 'thehindu', 'source_link': 'http://www.thehindu.com/news/national/article3537166.ece'}"
GLC-REAL-2140,2140,NASA_GLC,India,Assam,25.0477,92.801,2010-07-25,observed_landslide,1,Unknown,0,"{'location_description': 'road between Halfong and Redzol(?) or Silchar, Assam', 'source_name': 'Telegraph India', 'source_link': 'http://www.telegraphindia.com/1100727/jsp/northeast/story_12728199.jsp'}"
GLC-REAL-2243,2243,NASA_GLC,India,Nagaland,25.70224,94.0462,2010-08-13,observed_landslide,1,Unknown,0,"{'location_description': 'NH-39 near Kohima Municipality Council(KMC) dumping ground, between Zubza(Sechu) and Kohima, Nagaland', 'source_name': 'E-PAO', 'source_link': 'http://www.e-pao.net/GP.asp?src=21..210810.aug10'}"
GLC-REAL-9142,9142,NASA_GLC,India,Nagaland,26.3185,94.5247,2016-06-14,observed_landslide,1,Unknown,0,"{'location_description': 'lower Majakong Ward, Mokokchung, Nagaland, India', 'source_name': 'Nagaland Post', 'source_link': 'http://www.nagalandpost.com/channelnews/state/StateNews.aspx?news=TkVXUzEwMDA5ODM4NA%3D%3D'}"
GLC-REAL-6107,6107,NASA_GLC,India,Assam,26.1844,91.7896,2014-06-26,observed_landslide,1,Unknown,0,"{'location_description': 'Bamunimaidam', 'source_name': 'Two Circles', 'source_link': 'http://twocircles.net/2014jun27/8_killed_assam_landslides_electrocution.html#.U70ydPldU1L'}"
GLC-REAL-255,255,NASA_GLC,India,Manipur,24.2451,94.0691,2007-09-10,observed_landslide,1,Unknown,0,"{'location_description': 'Wamkhu village along the Tengnoupal-Joupi road in Chandel district', 'source_name': 'e-Pao.net', 'source_link': 'http://www.e-pao.net/GP.asp?src=Snipp7..120907.sep07'}"
GLC-REAL-7660,7660,NASA_GLC,India,Nagaland,25.6237,94.1136,2015-08-12,observed_landslide,1,Unknown,0,"{'location_description': 'Phesama village', 'source_name': 'Nagaland Post', 'source_link': 'http://www.nagalandpost.com/channelnews/State/StateNews.aspx?news=TkVXUzEwMDA4NDc2Mg%3D%3D'}"
GLC-REAL-7389,7389,NASA_GLC,India,Manipur,24.4072,94.0644,2015-08-01,observed_landslide,1,Unknown,0,"{'location_description': 'between Bongyang and Lokchao along the Imphal-Moreh highway', 'source_name': 'E-PAO', 'source_link': 'http://e-pao.net/GP.asp?src=1..020815.aug15'}"
GLC-REAL-2437,2437,NASA_GLC,India,Mizoram,23.7527,92.694,2010-09-16,observed_landslide,1,Unknown,0,"{'location_description': 'Aizawl-Lengpui rd 3km from Aizawl, Mizoram, Manipur', 'source_name': 'mizoramexpress.com', 'source_link': 'http://mizoramexpress.com/index.php/2010/09/landslide-hits-aizawl-1-house-destroyed/'}"
GLC-REAL-731,731,NASA_GLC,India,Nagaland,26.138,94.25,2008-08-19,observed_landslide,1,Unknown,0,"{'location_description': 'Akuk village, Wokha District, Nagaland', 'source_name': 'morungexpress', 'source_link': 'http://www.morungexpress.com/frontpage/1984.html'}"
GLC-REAL-7371,7371,NASA_GLC,India,Manipur,23.9939,94.0573,2015-08-01,observed_landslide,1,Unknown,0,"{'location_description': 'near S Lamphei Lamkhai and Sehlon village', 'source_name': 'E-PAO', 'source_link': 'http://e-pao.net/GP.asp?src=21..020815.aug15'}"
GLC-REAL-7923,7923,NASA_GLC,India,Assam,26.49349,91.72138,2015-09-01,observed_landslide,1,Unknown,0,"{'location_description': 'Amingaon', 'source_name': 'The New Indian Express', 'source_link': 'http://www.newindianexpress.com/nation/Woman-Child-Killed-in-Assam-Landslide/2015/09/01/article3005012.ece'}"
GLC-REAL-760,760,NASA_GLC,India,Nagaland,25.67,94.1066,2008-08-29,observed_landslide,1,Unknown,0,"{'location_description': 'Kohima, Nagaland', 'source_name': 'kanglaonline', 'source_link': 'http://www.kanglaonline.com/index.php?template=headline&newsid=43189&typeid=1'}"
GLC-REAL-2182,2182,NASA_GLC,India,Manipur,24.9356,93.8443,2010-07-31,observed_landslide,1,Unknown,0,"{'location_description': 'Dimapur-Imphal highway (NH 39) near Manipur', 'source_name': 'youtube', 'source_link': 'http://www.youtube.com/watch?v=jHTtW2WaJGw'}"
GLC-REAL-1954,1954,NASA_GLC,India,Manipur,24.7543,93.5039,2010-06-07,observed_landslide,1,Unknown,0,"{'location_description': 'Irang(?) and Barak(?) and Makru(?) on highway 53 between Imphal and Jiribam, Manipur', 'source_name': 'e-pao.net', 'source_link': 'http://e-pao.net/GP.asp?src=3..100610.jun10'}"
GLC-REAL-6963,6963,NASA_GLC,India,Mizoram,23.7131,92.7362,2015-06-19,observed_landslide,1,Unknown,0,"{'location_description': 'Muanna locality, Mizoram', 'source_name': 'The Statesmen', 'source_link': 'http://www.thestatesman.com/news/northeast/27-graves-damaged-in-mizoram-landslide/70263.html'}"
GLC-REAL-5336,5336,NASA_GLC,India,Nagaland,26.3897,94.9439,2013-08-16,observed_landslide,1,Unknown,0,"{'location_description': 'Tobu, Nagaland', 'source_name': 'www.morungexpress.com', 'source_link': 'http://www.morungexpress.com/local/103875.html'}"
GLC-REAL-7590,7590,NASA_GLC,India,Meghalaya,25.1416,92.3807,2015-08-19,observed_landslide,1,Unknown,0,"{'location_description': 'Tongseng', 'source_name': 'International Business Times', 'source_link': 'http://www.ibtimes.co.in/meghalaya-massive-landslide-east-jaintia-hills-flash-floods-shillong-hit-normal-life-643439'}"
GLC-REAL-1222,1222,NASA_GLC,India,Mizoram,23.73479,92.72124,2009-10-05,observed_landslide,1,Unknown,0,"{'location_description': 'Chhinga Veng, Aizawl', 'source_name': 'ptinews', 'source_link': 'http://www.ptinews.com/news/316483_Three-killed--ten-injured-in-Mizoram-landslide'}"
GLC-REAL-8222,8222,NASA_GLC,India,Assam,26.1961,91.7825,2016-06-22,observed_landslide,1,Unknown,0,"{'location_description': 'Piyali Phukan Nagar, Guwahati, India', 'source_name': 'NYOOOZ', 'source_link': 'http://www.nyoooz.com/guwahati/515423/woman-killed-in-wall-collapse-after-landslide-in-guwahati'}"
GLC-REAL-7706,7706,NASA_GLC,India,Meghalaya,25.0728,92.3636,2015-08-19,observed_landslide,1,Unknown,0,"{'location_description': 'National Highway at Kuliang', 'source_name': 'Assam Times', 'source_link': 'http://www.assamtimes.org/node/14622'}"
GLC-REAL-8224,8224,NASA_GLC,India,Mizoram,23.7313,92.7187,2015-09-14,observed_landslide,1,Unknown,0,"{'location_description': 'Aizawl, Mizoram, India', 'source_name': 'The Northeast Today', 'source_link': 'http://thenortheasttoday.com/landslides-damage-houses-graves-in-aizawl/'}"
GLC-REAL-4241,4241,NASA_GLC,India,Manipur,25.1604,93.6795,2012-03-04,observed_landslide,1,Unknown,0,"{'location_description': 'Tamei constituency in Tamenlong district', 'source_name': 'articles.timesofindia', 'source_link': 'http://articles.timesofindia.indiatimes.com/2012-03-04/guwahati/31120923_1_booths-repoll-polling-stations'}"
GLC-REAL-1930,1930,NASA_GLC,India,Arunachal Pradesh,28.4298,95.8776,2010-05-31,observed_landslide,1,Unknown,0,"{'location_description': 'Anini-Roing road,  Dibang Valley,  Arunachal Pradesh ', 'source_name': 'indianexpress', 'source_link': 'http://www.indianexpress.com/news/N-E-border-dist-cut-off-by-landslides--runs-out-of-supplies/627610'}"
GLC-REAL-9334,9334,NASA_GLC,India,Assam,24.5204,92.7264,2016-05-18,observed_landslide,1,Unknown,0,"{'location_description': 'Bilaipur, Hailakandi district, Assam, India', 'source_name': 'Indian Express', 'source_link': 'http://indianexpress.com/article/india/india-news-india/at-least-10-killed-in-landslides-in-assam-rescue-operations-underway-2806810/'}"
GLC-REAL-8237,8237,NASA_GLC,India,Arunachal Pradesh,27.0136,92.6351,2016-07-01,observed_landslide,1,Unknown,0,"{'location_description': 'Old Inspection Bungalow, Bhalukpong town, West Kameng, Arunachal Pradesh, India', 'source_name': 'The Hindu', 'source_link': 'http://www.thehindu.com/news/national/many-killed-in-arunachal-landslip/article8798739.ece'}"
GLC-REAL-585,585,NASA_GLC,India,Arunachal Pradesh,27.0998,93.6287,2008-06-14,observed_landslide,1,Unknown,0,"{'location_description': 'Itanagar-Naharlagun, Arunachal Pradesh', 'source_name': 'ukpress.google', 'source_link': 'http://ukpress.google.com/article/ALeqM5iM8gWKcS4OLf66hwzNMnaybAaZYA'}"
GLC-REAL-4859,4859,NASA_GLC,India,Assam,26.1771,91.7599,2013-05-11,observed_landslide,1,Unknown,0,"{'location_description': 'Sarania Hills, North Guwahati, Guwahati, Assam,', 'source_name': 'articles.timesofindia.indiatimes.com', 'source_link': 'http://articles.timesofindia.indiatimes.com/2013-05-12/guwahati/39203561_1_artificial-floods-guwahati-municipal-corporation-gs-road'}"
GLC-REAL-4436,4436,NASA_GLC,India,Arunachal Pradesh,26.9986,95.4993,2012-06-25,observed_landslide,1,Unknown,0,"{'location_description': 'Khonsa, Arunachal Pradesh', 'source_name': 'articles.timesofindia', 'source_link': 'http://articles.timesofindia.indiatimes.com/2012-07-04/guwahati/32536229_1_massive-landslides-landslide-hit-road-blockade'}"
GLC-REAL-3916,3916,NASA_GLC,India,Assam,25.7713,93.8067,2011-08-13,observed_landslide,1,Unknown,0,"{'location_description': 'Chumukedima, Dimapur', 'source_name': 'morungexpress', 'source_link': 'http://www.morungexpress.com/frontpage/69382.html'}"
GLC-REAL-5250,5250,NASA_GLC,India,Arunachal Pradesh,27.8837,93.0515,2013-08-01,observed_landslide,1,Unknown,0,"{'location_description': 'Polo River At Polosang, Arunachal Pradesh', 'source_name': 'www.thehindubusinessline.com', 'source_link': 'http://www.thehindubusinessline.com/news/states/landslide-blocks-polo-river-in-arunachal-pradesh/article4996075.ece'}"
GLC-REAL-3738,3738,NASA_GLC,India,Manipur,24.8063,93.9482,2011-07-06,observed_landslide,1,Unknown,0,"{'location_description': 'National Highway 53, Sinam Khul (near Kotlen; ~25 km from Imphal)', 'source_name': 'e-pao.net', 'source_link': 'http://e-pao.net/GP.asp?src=16..070711.jul11'}"
GLC-REAL-2426,2426,NASA_GLC,India,Mizoram,22.7176,92.8416,2010-09-13,observed_landslide,1,Unknown,0,"{'location_description': 'Hual(Hu) village(?), Lunglei-Lawngtlai rd, Mizoram', 'source_name': 'Mizoram Express', 'source_link': 'http://mizoramexpress.com/index.php/2010/09/mizoram-landslides-kill-one-woman/'}"
GLC-REAL-1084,1084,NASA_GLC,India,Arunachal Pradesh,27.7,92.8,2009-08-12,observed_landslide,1,Unknown,0,"{'location_description': 'Upper Subansiri District, Arunanchal Pradesh', 'source_name': 'timesofindia.indiatimes', 'source_link': 'http://timesofindia.indiatimes.com/news/city/guwahati/Landslides-snap-road-links-in-Arunachal-district/articleshow/4916000.cms'}"
GLC-REAL-7266,7266,NASA_GLC,India,Manipur,25.5098,93.8794,2015-07-22,observed_landslide,1,Unknown,0,"{'location_description': 'Yangkhullen-Tamphung road till Nagaland border', 'source_name': 'The Sangai Express', 'source_link': 'http://www.thesangaiexpress.com/page/items/54212/massive-landslide-along-maram-peren-road-downpour-creates-havoc-in-different-parts'}"
GLC-REAL-1129,1129,NASA_GLC,India,Manipur,24.8628,94.4182,2009-08-30,observed_landslide,1,Unknown,0,"{'location_description': 'Road stretch from Gammom to Chamu village, under Kamjong block, Ukhrul district, Manipur', 'source_name': 'e-pao.net', 'source_link': 'http://e-pao.net/GP.asp?src=9..070909.sep09'}"
GLC-REAL-2166,2166,NASA_GLC,India,Assam,24.9786,93.5027,2010-07-29,observed_landslide,1,Unknown,0,"{'location_description': 'Highway 53 at Tupul, Tamenglong district', 'source_name': 'gsi.gov', 'source_link': 'http://www.portal.gsi.gov.in/portal/page?_pageid=127,875814&_dad=portal&_schema=PORTAL'}"
GLC-REAL-213,213,NASA_GLC,India,Assam,25.2946,92.8339,2007-08-26,observed_landslide,1,Unknown,0,"{'location_description': 'Shillong Road at Kuliang in the Jaintia Hills', 'source_name': 'Telegraph India', 'source_link': 'http://www.telegraphindia.com/1070830/asp/northeast/story_8253906.asp'}"
GLC-REAL-4426,4426,NASA_GLC,India,Assam,26.1226,91.7162,2012-06-22,observed_landslide,1,Unknown,0,"{'location_description': 'Lalunggaon near Gorchuk area', 'source_name': 'thesop.org', 'source_link': 'http://thesop.org/story/20120701/woman-killed-in-guwahati-by-landslide.html'}"
GLC-REAL-8366,8366,NASA_GLC,India,Meghalaya,25.583,91.893,2015-09-23,observed_landslide,1,Unknown,0,"{'location_description': 'Shillong, Meghalaya, India', 'source_name': 'The Northeast Today', 'source_link': 'http://www.northeasttoday.in/two-women-buried-alive-in-shillong-landslide/'}"
GLC-REAL-1934,1934,NASA_GLC,India,Assam,24.6005,92.3814,2010-06-03,observed_landslide,1,Unknown,0,"{'location_description': 'Rongpur village under Bhairabhnagar panchayat in Karimganj district', 'source_name': 'Telegraph India', 'source_link': 'http://www.telegraphindia.com/1100605/jsp/northeast/story_12529386.jsp'}"
GLC-REAL-7655,7655,NASA_GLC,India,Arunachal Pradesh,27.5799,91.8569,2016-04-22,observed_landslide,1,Unknown,0,"{'location_description': 'Tawang, Arunachal Pradesh', 'source_name': 'Zee News', 'source_link': 'http://zeenews.india.com/news/north-east/landslide-in-tawang-area-of-arunachal-pradesh-watch-video_1878690.html'}"
GLC-REAL-9464,9464,NASA_GLC,India,Arunachal Pradesh,27.5754,91.9754,2016-08-05,observed_landslide,1,Unknown,0,"{'location_description': 'Babrang village under Jang circle in Tawang district', 'source_name': 'Business Standard', 'source_link': 'http://www.business-standard.com/article/pti-stories/three-injured-houses-collapse-in-landslide-in-arunachal-116080700399_1.html'}"
GLC-REAL-3912,3912,NASA_GLC,India,Arunachal Pradesh,27.44,92.2833,2011-08-12,observed_landslide,1,Unknown,0,"{'location_description': 'East Kameng district in Arunachal Pradesh bordering China', 'source_name': 'inewsone', 'source_link': 'http://www.inewsone.com/2011/08/12/iaf-airdrops-food-to-marooned-in-arunachal/68478'}"
GLC-REAL-5272,5272,NASA_GLC,India,Nagaland,26.2083,94.5438,2013-08-04,observed_landslide,1,Unknown,0,"{'location_description': 'Longsa, Nagaland', 'source_name': 'www.nagalandpost.com', 'source_link': 'http://www.nagalandpost.com/ChannelNews/State/StateNews.aspx?news=TkVXUzEwMDA0MjY4Nw%3D%3D-bSp8jh3okxw%3D'}"
GLC-REAL-580,580,NASA_GLC,India,Manipur,24.6596,93.9784,2008-06-09,observed_landslide,1,Unknown,0,"{'location_description': 'near Kuloor church, in Manipur along National Highway', 'source_name': 'daijiworld', 'source_link': 'http://www.daijiworld.com/news/news_disp.asp?n_id=47500&n_tit=Mangalore:+Monsoon+Continues+to+Strike;+Landslide,+Houses+Collapse'}"
GLC-REAL-5575,5575,NASA_GLC,India,Nagaland,25.8266,94.1497,2013-10-05,observed_landslide,1,Unknown,0,"{'location_description': 'Chiechama, Nagaland', 'source_name': 'www.business-standard.com', 'source_link': 'http://www.business-standard.com/article/current-affairs/mudslides-block-nh-2-in-nagaland-113100700032_1.html'}"
GLC-REAL-8996,8996,NASA_GLC,India,Assam,26.1768,91.7702,2016-07-14,observed_landslide,1,Unknown,0,"{'location_description': 'Pub Sarania hill, South Sarania, Guwahati, Assam, India', 'source_name': 'Indian Express', 'source_link': 'http://indianexpress.com/article/india/india-news-india/separate-landslides-kill-two-in-assam-2913748/'}"
GLC-REAL-1613,1613,NASA_GLC,India,Arunachal Pradesh,27.8997,93.3497,2010-04-02,observed_landslide,1,Unknown,0,"{'location_description': 'Koloriang, Kuring Kumey district, Arunachal Pradesh', 'source_name': 'english.peopledaily', 'source_link': 'http://english.peopledaily.com.cn/90001/90777/90852/6938742.html'}"
GLC-REAL-4857,4857,NASA_GLC,India,Mizoram,23.7281,92.7175,2013-05-11,observed_landslide,1,Unknown,0,"{'location_description': 'Laipuitland , Aizawl, Mizoram', 'source_name': 'articles.timesofindia.indiatimes.com', 'source_link': 'http://articles.timesofindia.indiatimes.com/2013-05-12/guwahati/39203177_1_young-mizo-association-aizawl-rescue-work'}"
GLC-REAL-6945,6945,NASA_GLC,India,Manipur,25.16,93.686,2015-06-19,observed_landslide,1,Unknown,0,"{'location_description': 'amei to Kangpokpi via Imphal road, 0.5 km from Tamei, Tamenglang District', 'source_name': 'E-Pao', 'source_link': 'http://e-pao.net/GP.asp?src=34..200615.jun15'}"
GLC-REAL-1857,1857,NASA_GLC,India,Meghalaya,25.3433,92.2897,2010-05-11,observed_landslide,1,Unknown,0,"{'location_description': 'National highway 44 at Sunapur and Tongseng in Jaintia Hills district, eastern Meghalaya', 'source_name': 'prokerala', 'source_link': 'http://www.prokerala.com/news/articles/a135422.html'}"
GLC-REAL-2743,2743,NASA_GLC,India,Arunachal Pradesh,27.57987,91.85672,2010-11-22,observed_landslide,1,Unknown,0,"{'location_description': 'Tawang Monastery, Arunachal Pradesh', 'source_name': 'Daily News and Analysis', 'source_link': 'http://www.dnaindia.com/india/report_tawang-monastery-faces-danger-due-to-landslides_1472890'}"
GLC-REAL-4860,4860,NASA_GLC,India,Assam,26.1016,91.6906,2013-05-11,observed_landslide,1,Unknown,0,"{'location_description': 'Boragaon, North Guwahati, Guwahati, Assam,', 'source_name': 'articles.timesofindia.indiatimes.com', 'source_link': 'http://articles.timesofindia.indiatimes.com/2013-05-12/guwahati/39203561_1_artificial-floods-guwahati-municipal-corporation-gs-road'}"
GLC-REAL-4845,4845,NASA_GLC,India,Mizoram,24.2315,92.6755,2013-05-07,observed_landslide,1,Unknown,0,"{'location_description': 'Kolasib, Saiha, Mizoram,', 'source_name': 'www.thehindu.com', 'source_link': 'http://www.thehindu.com/news/national/other-states/landslides-after-heavy-premonsoon-rain-in-mizoram/article4695784.ece'}"
GLC-REAL-1770,1770,NASA_GLC,India,Assam,26.1965,91.763,2010-04-20,observed_landslide,1,Unknown,0,"{'location_description': 'Kharghuli, Guwahati, Assam', 'source_name': 'assamtribune', 'source_link': 'http://www.assamtribune.com/scripts/detailsnew.asp?id=apr2110/at06'}"
GLC-REAL-7728,7728,NASA_GLC,India,Assam,26.1028,91.8806,2015-08-22,observed_landslide,1,Unknown,0,"{'location_description': 'Natonal Highway in Jorabat area', 'source_name': 'Assam Times', 'source_link': 'http://www.assamtimes.org/node/14643'}"
GLC-REAL-5274,5274,NASA_GLC,India,Nagaland,26.0838,94.564,2013-08-04,observed_landslide,1,Unknown,0,"{'location_description': 'Suruhuto Town, Nagaland', 'source_name': 'www.nagalandpost.com', 'source_link': 'http://www.nagalandpost.com/ChannelNews/State/StateNews.aspx?news=TkVXUzEwMDA0MjY4Nw%3D%3D-bSp8jh3okxw%3D'}"
GLC-REAL-7836,7836,NASA_GLC,India,Mizoram,24.042,92.6724,2015-08-27,observed_landslide,1,Unknown,0,"{'location_description': 'National Highway 54, at Kawnpui town', 'source_name': 'Indian Express', 'source_link': 'http://indianexpress.com/article/india/india-others/mizoram-aizawl-houses-swept-away-graves-damaged-by-rain-and-landslide/'}"
GLC-REAL-3776,3776,NASA_GLC,India,Arunachal Pradesh,27.125,93.7145,2011-07-15,observed_landslide,1,Unknown,0,"{'location_description': 'Itanagar/Naharlagur/Nirjuli', 'source_name': 'ibnlive.in', 'source_link': 'http://ibnlive.in.com/generalnewsfeed/news/flash-floods-landslides-in-arunachal-pradesh/757817.html'}"
GLC-REAL-7388,7388,NASA_GLC,India,Manipur,24.416,94.0984,2015-08-01,observed_landslide,1,Unknown,0,"{'location_description': 'Senam', 'source_name': 'E-PAO', 'source_link': 'http://e-pao.net/GP.asp?src=1..020815.aug15'}"
GLC-REAL-5421,5421,NASA_GLC,India,Nagaland,26.4205,94.9731,2013-08-30,observed_landslide,1,Unknown,0,"{'location_description': 'Yakshu, Nagaland', 'source_name': 'www.nagalandpost.com', 'source_link': 'http://www.nagalandpost.com/ChannelNews/State/StateNews.aspx?news=TkVXUzEwMDA0NDY0Nw%3D%3D-jp8K0A7ZhsM%3D'}"
GLC-REAL-2343,2343,NASA_GLC,India,Nagaland,25.4786,94.1327,2010-08-27,observed_landslide,1,Unknown,0,"{'location_description': 'NH-39 at Ekai village(?), 2 km for Tadubi, Manipur', 'source_name': 'e-pao', 'source_link': 'http://www.e-pao.net/GP.asp?src=27..280810.aug10'}"
GLC-REAL-3683,3683,NASA_GLC,India,Nagaland,25.8782,94.1739,2011-07-01,observed_landslide,1,Unknown,0,"{'location_description': 'NH-61 between Botsa and Chiechama', 'source_name': 'morungexpress', 'source_link': 'http://www.morungexpress.com/local/69559.html'}"
GLC-REAL-7591,7591,NASA_GLC,India,Assam,25.0318,92.4584,2015-03-19,observed_landslide,1,Unknown,0,"{'location_description': 'Ratacherra', 'source_name': 'International Business Times', 'source_link': 'http://www.ibtimes.co.in/meghalaya-massive-landslide-east-jaintia-hills-flash-floods-shillong-hit-normal-life-643439'}"
GLC-REAL-9232,9232,NASA_GLC,India,Mizoram,23.5397,93.3783,2016-07-28,observed_landslide,1,Unknown,0,"{'location_description': 'Ngur, near Mizoram-Myanmar border, India', 'source_name': 'Business Standard', 'source_link': 'http://www.business-standard.com/article/pti-stories/two-killed-in-mizoram-landslide-116072900324_1.html'}"
GLC-REAL-4434,4434,NASA_GLC,India,Assam,26.1049,91.7369,2012-06-25,observed_landslide,1,Unknown,0,"{'location_description': 'Sonaighuli area near Kahilipara, Guwahati City, Assam', 'source_name': 'thesop.org', 'source_link': 'http://thesop.org/story/20120701/woman-killed-in-guwahati-by-landslide.html'}"
GLC-REAL-7214,7214,NASA_GLC,India,Arunachal Pradesh,27.36,93.0385,2015-07-15,observed_landslide,1,Unknown,0,"{'location_description': 'Type-IV Colony of Seppa in East Kameng', 'source_name': 'NDTV', 'source_link': 'http://www.ndtv.com/andhra-pradesh-news/3-killed-in-landslide-in-arunachal-pradesh-781829'}"
GLC-REAL-5582,5582,NASA_GLC,India,Assam,26.1309,91.8383,2013-10-06,observed_landslide,1,Unknown,0,"{'location_description': 'Batahguli, Guwahati, Assam', 'source_name': 'articles.timesofindia.indiatimes.com', 'source_link': 'http://articles.timesofindia.indiatimes.com/2013-10-07/guwahati/42793381_1_anil-nagar-heavy-rain-nabin-nagar'}"
GLC-REAL-2405,2405,NASA_GLC,India,Arunachal Pradesh,28.3036,95.4112,2010-09-09,observed_landslide,1,Unknown,0,"{'location_description': 'Mossing(Mosing) village(?), Upper Siang district, Arunachal Pradesh', 'source_name': 'timesofindia.indiatimes', 'source_link': 'http://timesofindia.indiatimes.com/india/13-killed-as-rains-wrack-havoc-in-north-and-eastern-India-/articleshow/6532367.cms'}"
GLC-REAL-3556,3556,NASA_GLC,India,Manipur,25.1555,93.8474,2011-05-31,observed_landslide,1,Unknown,0,"{'location_description': 'Roads between Tamei(Tamma?), Kangpokpi and Chalwa, Manipur', 'source_name': 'e-pao.net', 'source_link': 'http://e-pao.net/GP.asp?src=7..020611.jun11'}"
GLC-REAL-2569,2569,NASA_GLC,India,Nagaland,25.2745,94.0212,2010-10-08,observed_landslide,1,Unknown,0,"{'location_description': 'Bungte Chiru village(?), Senapati district, Manipur', 'source_name': 'e-pao.net', 'source_link': 'http://e-pao.net/GP.asp?src=6..111010.oct10'}"
GLC-REAL-2423,2423,NASA_GLC,India,Mizoram,23.73504,92.71061,2010-09-13,observed_landslide,1,Unknown,0,"{'location_description': 'road to Kanan Veng from Hunthar Veng, Mizoram', 'source_name': 'Mizoram Express', 'source_link': 'http://mizoramexpress.com/index.php/2010/09/mizoram-landslides-kill-one-woman/'}"
GLC-REAL-3532,3532,NASA_GLC,India,Assam,25.0888,92.8551,2011-05-24,observed_landslide,1,Unknown,0,"{'location_description': 'Silchar-Haflong rd., at Reko(Rekha )(?), near Harangajao, Barail Hills, Assam', 'source_name': 'articles.timesofindia', 'source_link': 'http://articles.timesofindia.indiatimes.com/2011-05-27/guwahati/29591193_1_dima-hasao-landslide-traffic-movement'}"
GLC-REAL-7956,7956,NASA_GLC,India,Meghalaya,26.048,91.8695,2015-09-05,observed_landslide,1,Unknown,0,"{'location_description': 'Byrnihat', 'source_name': 'The Assam Tribune', 'source_link': 'http://www.assamtribune.com/scripts/detailsnew.asp?id=sep0615/city053'}"
GLC-REAL-2425,2425,NASA_GLC,India,Mizoram,23.3439,93.0748,2010-09-13,observed_landslide,1,Unknown,0,"{'location_description': 'near Tuichang(?) on Tuichang river, Aizawl-Champhai rd, Mizoram', 'source_name': 'Mizoram Express', 'source_link': 'http://mizoramexpress.com/index.php/2010/09/mizoram-landslides-kill-one-woman/'}"
GLC-REAL-6970,6970,NASA_GLC,India,Meghalaya,25.5084,90.2191,2015-06-16,observed_landslide,1,Unknown,0,"{'location_description': 'Akonggre', 'source_name': 'The Shillong Times', 'source_link': 'http://www.theshillongtimes.com/2015/06/17/entire-family-among-5-dead-in-tura-landslides/'}"
GLC-REAL-5312,5312,NASA_GLC,India,Assam,26.7103,94.693,2013-08-11,observed_landslide,1,Unknown,0,"{'location_description': 'Kangtsung Village', 'source_name': 'www.nagalandpost.com', 'source_link': 'http://www.nagalandpost.com/channelnews/State/StateNews.aspx?news=TkVXUzEwMDA0MzQ3OQ%3D%3D-qmeQz2DKZMo%3D'}"
GLC-REAL-2568,2568,NASA_GLC,India,Assam,24.7679,93.4108,2010-10-08,observed_landslide,1,Unknown,0,"{'location_description': 'Nungba, Tamenglong, Manipur', 'source_name': 'assamtribune', 'source_link': 'http://www.assamtribune.com/scripts/detailsnew.asp?id=oct1110/oth05'}"
GLC-REAL-7409,7409,NASA_GLC,India,Nagaland,25.72,94.6219,2015-08-02,observed_landslide,1,Unknown,0,"{'location_description': 'Meluri Sub-Division in Phek District of Nagaland', 'source_name': 'IBN Live', 'source_link': 'http://www.ibnlive.com/news/india/incessant-rains-trigger-landslide-and-mud-slips-in-nagaland-1029674.html'}"
GLC-REAL-9219,9219,NASA_GLC,India,Nagaland,26.0101,94.5282,2016-07-26,observed_landslide,1,Unknown,0,"{'location_description': 'Zunheboto, Nagaland, India', 'source_name': 'Nagaland Post', 'source_link': 'http://www.nagalandpost.com/ChannelNews/State/StateNews.aspx?news=TkVXUzEwMDEwMDE5MQ%3D%3D'}"
GLC-REAL-2579,2579,NASA_GLC,India,Nagaland,25.682,94.1076,2010-10-09,observed_landslide,1,Unknown,0,"{'location_description': 'Lower Pezielietsie(Tinpati), Kohima, Manipur', 'source_name': 'indianexpress', 'source_link': 'http://www.indianexpress.com/news/Landslides-cut-off-N-E/695456'}"
GLC-REAL-8223,8223,NASA_GLC,India,Mizoram,23.7348,92.7187,2015-09-14,observed_landslide,1,Unknown,0,"{'location_description': 'Aizawl, Mizoram, India', 'source_name': 'The Northeast Today', 'source_link': 'http://thenortheasttoday.com/landslides-damage-houses-graves-in-aizawl/'}"
GLC-REAL-7336,7336,NASA_GLC,India,Meghalaya,25.2193,90.5549,2015-08-19,observed_landslide,1,Unknown,0,"{'location_description': 'NH-62 at Sibbari', 'source_name': 'Shillong Times', 'source_link': 'http://www.theshillongtimes.com/2015/08/20/child-washed-away-in-tura/'}"
GLC-REAL-9252,9252,NASA_GLC,India,Arunachal Pradesh,27.5748,91.8644,2016-07-28,observed_landslide,1,Unknown,0,"{'location_description': 'Dolma Lhakang complex, Lumla, Tawang,  Arunachal Pradesh, India', 'source_name': 'Arunchal Times', 'source_link': 'http://www.arunachaltimes.in/monsoon-fury-continues-to-pound-tawang/'}"
GLC-REAL-5300,5300,NASA_GLC,India,Nagaland,25.318,94.0441,2013-08-09,observed_landslide,1,Unknown,0,"{'location_description': 'Senapati, Manipur', 'source_name': 'e-pao.net', 'source_link': 'http://e-pao.net/GP.asp?src=Snipp8..230813.aug13'}"
GLC-REAL-7665,7665,NASA_GLC,India,Manipur,24.7016,93.5291,2015-08-11,observed_landslide,1,Unknown,0,"{'location_description': 'Khoupum', 'source_name': 'E-PAO', 'source_link': 'http://e-pao.net/GP.asp?src=26..120815.aug15'}"
GLC-REAL-1994,1994,NASA_GLC,India,Assam,25.0633,92.8025,2010-06-16,observed_landslide,1,Unknown,0,"{'location_description': 'rails between Jatinga and Longrangjao(?), Assam', 'source_name': 'ptinews', 'source_link': 'http://www.ptinews.com/news/721800_Landslides--blockade-hit-trains-services-in-NC-Hills'}"
GLC-REAL-3760,3760,NASA_GLC,India,Nagaland,25.6703,94.1095,2011-07-11,observed_landslide,1,Unknown,0,"{'location_description': 'NH-61, 1 km before reaching Botsa', 'source_name': 'morungexpress', 'source_link': 'http://www.morungexpress.com/local/68036.html'}"
GLC-REAL-692,692,NASA_GLC,India,Nagaland,25.705,94.04,2008-08-07,observed_landslide,1,Unknown,0,"{'location_description': 'National Highway-39, Dimapur-Imphal road and another under Kiphire district of Nagaland', 'source_name': 'kanglaonline', 'source_link': 'http://www.kanglaonline.com/index.php?template=headline&newsid=43094&typeid=1'}"
GLC-REAL-3633,3633,NASA_GLC,India,Nagaland,26.3186,94.5121,2011-06-20,observed_landslide,1,Unknown,0,"{'location_description': 'Mokokchung', 'source_name': 'morungexpress', 'source_link': 'http://www.morungexpress.com/local/67219.html'}"
GLC-REAL-7374,7374,NASA_GLC,India,Manipur,25.1122,94.3591,2015-08-01,observed_landslide,1,Unknown,0,"{'location_description': 'Ukhrul town Circular road from Rayotang to Viewland Zone II', 'source_name': 'E-PAO', 'source_link': 'http://e-pao.net/GP.asp?src=22..020815.aug15'}"
GLC-REAL-2098,2098,NASA_GLC,India,Nagaland,26.7215,95.0283,2010-07-19,observed_landslide,1,Unknown,0,"{'location_description': 'Jahjon ward(?), Mon town, Nagaland', 'source_name': 'nagalandpost', 'source_link': 'http://www.nagalandpost.com/ShowStory.aspx?npoststoryiden=UzEwMjg4MDU%3D-2pMJ7cwWh98%3D'}"
GLC-REAL-2205,2205,NASA_GLC,India,Mizoram,23.7365,92.7146,2010-08-06,observed_landslide,1,Unknown,0,"{'location_description': 'Dawrpui Vengthar cemetary, Aizwal, Mizoram', 'source_name': 'gsi.gov', 'source_link': 'http://www.portal.gsi.gov.in/portal/page?_pageid=127,875814&_dad=portal&_schema=PORTAL'}"
GLC-REAL-4610,4610,NASA_GLC,India,Mizoram,23.7705,92.5217,2012-11-11,observed_landslide,1,Unknown,0,"{'location_description': 'Dapchhuah, Mamit, Mizoram', 'source_name': 'assamtribune', 'source_link': 'http://www.assamtribune.com/scripts/detailsnew.asp?id=oct1312/oth06'}"
GLC-REAL-5275,5275,NASA_GLC,India,Nagaland,26.1498,94.6055,2013-08-04,observed_landslide,1,Unknown,0,"{'location_description': 'Suruhuto Town, Nagaland', 'source_name': 'www.nagalandpost.com', 'source_link': 'http://www.nagalandpost.com/ChannelNews/State/StateNews.aspx?news=TkVXUzEwMDA0MjY4Nw%3D%3D-bSp8jh3okxw%3D'}"
GLC-REAL-2247,2247,NASA_GLC,India,Nagaland,26.148,94.8422,2010-08-14,observed_landslide,1,Unknown,0,"{'location_description': 'Tuensang-Shamatore(Sampurre) rd, Nagaland', 'source_name': 'morungexpress', 'source_link': 'http://www.morungexpress.com/frontpage/53726.html'}"
GLC-REAL-3927,3927,NASA_GLC,India,Meghalaya,25.5144,90.2167,2011-08-16,observed_landslide,1,Unknown,0,"{'location_description': 'Garo Hills, Tura', 'source_name': 'theshillongtimes.com', 'source_link': 'http://theshillongtimes.com/2011/08/17/landslides-claim-six/'}"
GLC-REAL-259,259,NASA_GLC,India,Meghalaya,25.52,91.27,2007-09-11,observed_landslide,1,Unknown,0,"{'location_description': 'Assam-Agartala National Highway, Sonarpur in Jayantiya hills of Meghalaya', 'source_name': 'India times', 'source_link': 'http://timesofindia.indiatimes.com/India/Flood-hit_Tripura_Mizoram_remain_cut_off_for_seventh_day/articleshow/2380211.cms'}"
GLC-REAL-6112,6112,NASA_GLC,India,Assam,26.1964,91.7652,2014-06-28,observed_landslide,1,Unknown,0,"{'location_description': 'Kharghuli Hills, Assam', 'source_name': 'Assam Times', 'source_link': 'http://www.assamtimes.org/node/11181'}"
GLC-REAL-7390,7390,NASA_GLC,India,Manipur,24.4265,94.1913,2015-08-01,observed_landslide,1,Unknown,0,"{'location_description': 'between Tengnoupal-Sita junction and Tengnoupal Power Sub-Station', 'source_name': 'E-PAO', 'source_link': 'http://e-pao.net/GP.asp?src=1..020815.aug15'}"
GLC-REAL-2420,2420,NASA_GLC,India,Mizoram,23.72989,92.71496,2010-09-13,observed_landslide,1,Unknown,0,"{'location_description': ""Tuikual 'C', Aizawl, Mizoram"", 'source_name': 'Mizoram Express', 'source_link': 'http://mizoramexpress.com/index.php/2010/09/mizoram-landslides-kill-one-woman/'}"
GLC-REAL-264,264,NASA_GLC,India,Assam,26.1833,91.8,2007-09-13,observed_landslide,1,Unknown,0,"{'location_description': 'Guwahati', 'source_name': 'Saharas Samay', 'source_link': 'http://www.saharasamay.com/samayhtml/articles.aspx?newsid=84791'}"
GLC-REAL-6214,6214,NASA_GLC,India,Meghalaya,25.9702,91.8587,2014-10-05,observed_landslide,1,Unknown,0,"{'location_description': 'Jorabat-Umiam route', 'source_name': 'The Telegraph', 'source_link': 'http://www.telegraphindia.com/1141007/jsp/frontpage/story_18900562.jsp#.VDVSk_ldV8E'}"
GLC-REAL-252,252,NASA_GLC,India,Nagaland,25.4993,94.1192,2007-09-09,observed_landslide,1,Unknown,0,"{'location_description': 'Mao in Manipur, Phipema and Chunikhudima in Nagaland', 'source_name': 'kanglaonline.com', 'source_link': 'http://www.kanglaonline.com/index.php?template=headline&newsid=39229&typeid=2'}"
GLC-REAL-142,142,NASA_GLC,India,Meghalaya,25.5212,90.232,2007-07-27,observed_landslide,1,Unknown,0,"{'location_description': 'Tura', 'source_name': 'Telegraph India', 'source_link': 'http://telegraphindia.com/1070728/asp/frontpage/story_8116912.asp'}"
GLC-REAL-7384,7384,NASA_GLC,India,Manipur,23.9278,94.0906,2015-08-01,observed_landslide,1,Unknown,0,"{'location_description': 'Wayang, Khengjoi', 'source_name': 'Hindustan Times', 'source_link': 'http://www.hindustantimes.com/india/20-dead-several-houses-swept-away-in-manipur-landslide/story-KoP6OouFBWhqxSdcnLrXJN.html'}"
GLC-REAL-211,211,NASA_GLC,India,Manipur,24.9667,93.55,2007-08-26,observed_landslide,1,Unknown,0,"{'storm_name': '3 days of rain', 'location_description': 'Tamenglong', 'source_name': 'kanglaonline.com', 'source_link': 'http://www.kanglaonline.com/index.php?template=headline&newsid=39058&typeid=1'}"
GLC-REAL-4384,4384,NASA_GLC,India,Assam,25.1775,93.0123,2012-06-03,observed_landslide,1,Unknown,0,"{'location_description': 'between Haflong and  Bagetar, Assam', 'source_name': 'articles.timesofindia', 'source_link': 'http://articles.timesofindia.indiatimes.com/2012-06-04/guwahati/32030359_1_barail-hill-harangajao-landslides'}"
GLC-REAL-4383,4383,NASA_GLC,India,Assam,25.3056,93.1265,2012-06-03,observed_landslide,1,Unknown,0,"{'location_description': 'between Maibang and Daotohaja, Assam', 'source_name': 'articles.timesofindia', 'source_link': 'http://articles.timesofindia.indiatimes.com/2012-06-04/guwahati/32030359_1_barail-hill-harangajao-landslides'}"
GLC-REAL-7375,7375,NASA_GLC,India,Manipur,25.1941,94.4481,2015-08-01,observed_landslide,1,Unknown,0,"{'location_description': 'Ukhrul NH 201-Jessami road', 'source_name': 'E-PAO', 'source_link': 'http://e-pao.net/GP.asp?src=22..020815.aug15'}"
GLC-REAL-2163,2163,NASA_GLC,India,Nagaland,25.4196,94.1054,2010-07-29,observed_landslide,1,Unknown,0,"{'location_description': 'Maram area in Senapati district, National Highway 39', 'source_name': 'assamtribune', 'source_link': 'http://www.assamtribune.com/scripts/detailsnew.asp?id=jul3110/oth05'}"
GLC-REAL-3932,3932,NASA_GLC,India,Nagaland,25.83,94.13,2011-08-18,observed_landslide,1,Unknown,0,"{'location_description': ' Botsa  and Chiechama', 'source_name': 'thenewsofindia'}"
GLC-REAL-4861,4861,NASA_GLC,India,Assam,24.9926,93.4946,2013-05-12,observed_landslide,1,Unknown,0,"{'location_description': 'Khongsang, Tamenglong, Manipur,', 'source_name': 'www.e-pao.net', 'source_link': 'http://www.e-pao.net/GP.asp?src=23..130513.may13'}"
GLC-REAL-7972,7972,NASA_GLC,India,Mizoram,23.4495,92.8112,2015-08-28,observed_landslide,1,Unknown,0,"{'location_description': 'Mizoram, India', 'source_name': 'The Indian Express', 'source_link': 'http://indianexpress.com/article/india/india-others/mizorams-power-lifeline-on-shaky-ground-after-landslip/'}"
GLC-REAL-3831,3831,NASA_GLC,India,Manipur,24.7992,93.948,2011-07-22,observed_landslide,1,Unknown,0,"{'location_description': 'Heibok Hills', 'source_name': 'e-pao.net', 'source_link': 'http://e-pao.net/GP.asp?src=4..230711.jul11'}"
GLC-REAL-5584,5584,NASA_GLC,India,Assam,26.1665,91.7049,2013-10-06,observed_landslide,1,Unknown,0,"{'location_description': 'Nilachal Hill, Guwahati, Assam', 'source_name': 'articles.timesofindia.indiatimes.com', 'source_link': 'http://articles.timesofindia.indiatimes.com/2013-10-07/guwahati/42793381_1_anil-nagar-heavy-rain-nabin-nagar'}"
GLC-REAL-1986,1986,NASA_GLC,India,Nagaland,26.3335,94.5512,2010-06-15,observed_landslide,1,Unknown,0,"{'location_description': 'Fazl Ali College, Mokokchung, Nagaland', 'source_name': 'morungexpress', 'source_link': 'http://www.morungexpress.com/local/50451.html'}"
GLC-REAL-7387,7387,NASA_GLC,India,Manipur,24.954,94.2156,2015-08-01,observed_landslide,1,Unknown,0,"{'location_description': 'Imphal-Ukhrul road', 'source_name': 'E-PAO', 'source_link': 'http://e-pao.net/GP.asp?src=1..020815.aug15'}"
GLC-REAL-2573,2573,NASA_GLC,India,Assam,25.1796,93.0083,2010-10-09,observed_landslide,1,Unknown,0,"{'location_description': 'Haflong, Assam', 'source_name': 'dnaindia', 'source_link': 'http://www.dnaindia.com/india/report_one-dead-road-and-rail-communication-disrupted-due-to-rains-in-assam_1450237'}"
GLC-REAL-319,319,NASA_GLC,India,Nagaland,25.4379,94.1162,2007-10-19,observed_landslide,1,Unknown,0,"{'location_description': 'Maram-Purul Road, Karong Assembly Constituency of Senapati district, Manipur', 'source_name': 'e-Pao.net', 'source_link': 'http://www.e-pao.net/GP.asp?src=5..211007.oct07'}"
GLC-REAL-313,313,NASA_GLC,India,Nagaland,25.7055,94.0132,2007-10-16,observed_landslide,1,Unknown,0,"{'location_description': 'NH-39 at Piphema,  6 km towards Dimapur from Kohima in Nagaland', 'source_name': 'kanglaonline.com', 'source_link': 'http://www.kanglaonline.com/index.php?template=headline&newsid=39638&typeid=2'}"
GLC-REAL-9010,9010,NASA_GLC,India,Arunachal Pradesh,27.3034,93.804,2016-07-16,observed_landslide,1,Unknown,0,"{'location_description': 'Hoj-Potin Highway, Arunachal Pradesh, India', 'source_name': 'Arunachal Times', 'source_link': 'http://www.arunachaltimes.in/man-washed-away-by-mudslide/'}"
GLC-REAL-2539,2539,NASA_GLC,India,Arunachal Pradesh,28.3092,95.4149,2010-10-03,observed_landslide,1,Unknown,0,"{'location_description': 'Mosing village, Upper Siang district, Arunachal Pradesh', 'source_name': 'gsi.gov', 'source_link': 'http://www.portal.gsi.gov.in/portal/page?_pageid=127,875814&_dad=portal&_schema=PORTAL'}"
GLC-REAL-6331,6331,NASA_GLC,India,Nagaland,25.9466,94.6279,2014-09-08,observed_landslide,1,Unknown,0,"{'location_description': 'Kiphire-Seyochung road near Yangzitong village', 'source_name': 'Nagaland Post', 'source_link': 'http://www.nagalandpost.com/channelnews/State/StateNews.aspx?news=TkVXUzEwMDA2Njg2NQ%3D%3D'}"
GLC-REAL-1987,1987,NASA_GLC,India,Assam,25.2269,93.1658,2010-06-15,observed_landslide,1,Unknown,0,"{'location_description': 'rails between Mahur and Wadringdisa(?), Assam', 'source_name': 'ptinews', 'source_link': 'http://www.ptinews.com/news/721800_Landslides--blockade-hit-trains-services-in-NC-Hills'}"
GLC-REAL-2043,2043,NASA_GLC,India,Nagaland,26.7225,95.0281,2010-07-06,observed_landslide,1,Unknown,0,"{'location_description': 'Mon, Nagaland', 'source_name': 'morungexpress', 'source_link': 'http://www.morungexpress.com/local/51540.html'}"
GLC-REAL-7910,7910,NASA_GLC,India,Manipur,24.3481,94.1146,2015-08-01,observed_landslide,1,Unknown,0,"{'location_description': 'Chandel', 'source_name': 'E-Pao', 'source_link': 'http://e-pao.net/GP.asp?src=30..300815.aug15'}"
GLC-REAL-6775,6775,NASA_GLC,India,Assam,26.1468,91.6469,2015-02-14,observed_landslide,1,Unknown,0,"{'location_description': 'Kailashpur hill', 'source_name': 'Telegraph', 'source_link': 'http://www.telegraphindia.com/1150215/jsp/frontpage/story_3475.jsp#.VONkky5HWUk'}"
GLC-REAL-1776,1776,NASA_GLC,India,Meghalaya,25.3612,92.2845,2010-04-21,observed_landslide,1,Unknown,0,"{'location_description': 'Shillong-Jowai(Jwai)-Badarpur National Highway(NH 44) at Sunapur village in Jaintia Hills District', 'source_name': 'hmar.in', 'source_link': 'http://hmar.in/news/landslide-blocks-nh-44-for-12-hours'}"
GLC-REAL-6786,6786,NASA_GLC,India,Assam,24.6108,92.562,2015-02-19,observed_landslide,1,Unknown,0,"{'source_name': 'Business Standard', 'source_link': 'http://www.business-standard.com/article/pti-stories/two-labourers-killed-in-landslide-115022000437_1.html'}"
GLC-REAL-6291,6291,NASA_GLC,India,Meghalaya,25.7354,90.3852,2014-09-21,observed_landslide,1,Unknown,0,"{'location_description': 'National Highway 51', 'source_name': 'Indian Express', 'source_link': 'http://indianexpress.com/article/india/india-others/pregnant-woman-among-nine-killed-in-shillong-landslide/'}"
GLC-REAL-6213,6213,NASA_GLC,India,Meghalaya,25.8143,90.5763,2014-09-24,observed_landslide,1,Unknown,0,"{'location_description': 'Meghalaya', 'source_name': 'The New Indian Express', 'source_link': 'http://www.newindianexpress.com/nation/Fifty-Nine-Killed-in-Flash-Flood-and-Landslide-in-Meghalaya/2014/10/07/article2466329.ece'}"
GLC-REAL-2415,2415,NASA_GLC,India,Nagaland,25.63962,94.11112,2010-09-12,observed_landslide,1,Unknown,0,"{'location_description': 'power lines 5 km from Kohima', 'source_name': 'Telegraph', 'source_link': 'http://www.telegraphindia.com/1100916/jsp/northeast/story_12941830.jsp'}"
GLC-REAL-9336,9336,NASA_GLC,India,Assam,24.5308,92.5121,2016-05-18,observed_landslide,1,Unknown,0,"{'location_description': 'Ramchandi , Hailakandi District, Assam, India', 'source_name': 'Indian Express', 'source_link': 'http://indianexpress.com/article/india/india-news-india/at-least-10-killed-in-landslides-in-assam-rescue-operations-underway-2806810/'}"
GLC-REAL-7837,7837,NASA_GLC,India,Mizoram,23.7269,92.7265,2015-08-27,observed_landslide,1,Unknown,0,"{'location_description': 'three graveyards within Aizawl', 'source_name': 'Indian Express', 'source_link': 'http://indianexpress.com/article/india/india-others/mizoram-aizawl-houses-swept-away-graves-damaged-by-rain-and-landslide/'}"
GLC-REAL-7267,7267,NASA_GLC,India,Manipur,25.3908,94.0926,2015-07-22,observed_landslide,1,Unknown,0,"{'location_description': 'NH-2 between Senapati and Mao', 'source_name': 'The Sangai Express', 'source_link': 'http://www.thesangaiexpress.com/page/items/54212/massive-landslide-along-maram-peren-road-downpour-creates-havoc-in-different-parts'}"
GLC-REAL-4848,4848,NASA_GLC,India,Tripura,24.0896,91.4663,2013-05-08,observed_landslide,1,Unknown,0,"{'location_description': 'Purba Simna, Tripura', 'source_name': 'www.upi.com', 'source_link': 'http://www.upi.com/Top_News/World-News/2013/05/09/Cyclonic-storms-kill-seven-in-India/UPI-39151368107292/'}"
GLC-REAL-9122,9122,NASA_GLC,India,Assam,26.1966,91.802,2016-07-20,observed_landslide,1,Unknown,0,"{'location_description': 'Noonmati, Guwahati, Assam, India', 'source_name': 'Times of India', 'source_link': 'http://timesofindia.indiatimes.com/city/guwahati/Landslide-toll-touches-6-as-woman-buried-alive-in-Guwahati/articleshow/53314082.cms'}"
GLC-REAL-2574,2574,NASA_GLC,India,Assam,25.4749,93.1477,2010-10-09,observed_landslide,1,Unknown,0,"{'location_description': 'between Mahur and Maigrandisa(?) or Lumding, Assam', 'source_name': 'dnaindia', 'source_link': 'http://www.dnaindia.com/india/report_one-dead-road-and-rail-communication-disrupted-due-to-rains-in-assam_1450237'}"
GLC-REAL-6282,6282,NASA_GLC,India,Assam,26.1097,91.7747,2014-09-22,observed_landslide,1,Unknown,0,"{'location_description': 'Lalmati', 'source_name': 'Assam Tribune', 'source_link': 'http://www.assamtribune.com/scripts/detailsnew.asp?id=sep2414/at051'}"
GLC-REAL-2263,2263,NASA_GLC,India,Nagaland,26.2753,94.6654,2010-08-17,observed_landslide,1,Unknown,0,"{'location_description': 'Dikhu bridge(?), Mokokchung-Tuensang road, Nagaland', 'source_name': 'morungexpress', 'source_link': 'http://www.morungexpress.com/frontpage/53726.html'}"
GLC-REAL-6289,6289,NASA_GLC,India,Assam,26.1001,91.6849,2014-09-22,observed_landslide,1,Unknown,0,"{'location_description': 'Pamohi', 'source_name': 'Assam Tribune', 'source_link': 'http://www.assamtribune.com/scripts/detailsnew.asp?id=sep2414/at051'}"
GLC-REAL-9087,9087,NASA_GLC,India,Arunachal Pradesh,28.235,94.9612,2016-07-19,observed_landslide,1,Unknown,0,"{'location_description': '5 km off Sangam point on Aalo- Pangin road, Arunachal Pradesh, India', 'source_name': 'NELive', 'source_link': 'http://www.nelive.in/arunachal-pradesh/news/landslide-disrupts-road-communication-between-aalo-and-pangin'}"
GLC-REAL-130,130,NASA_GLC,India,Assam,26.1699,91.7986,2007-07-19,observed_landslide,1,Unknown,0,"{'location_description': 'Guwahati', 'source_name': 'Saharas Samay', 'source_link': 'http://www.saharasamay.com/samayhtml/articles.aspx?newsid=80536'}"
