event_id,sample_type,clay_content_pct,sand_content_pct,silt_content_pct,bulk_density_g_cm3,soil_ph,soil_organic_carbon_g_kg,soil_source,soil_api_status
GLC-REAL-2164,observed_landslide,,,,,,,ISRIC_SoilGrids_2.0_Unavailable,API_503_SERVICE_TEMPORARILY_UNAVAILABLE
GLC-REAL-5122,observed_landslide,,,,,,,ISRIC_SoilGrids_2.0_Unavailable,API_503_SERVICE_TEMPORARILY_UNAVAILABLE
GLC-REAL-5123,observed_landslide,,,,,,,ISRIC_SoilGrids_2.0_Unavailable,API_503_SERVICE_TEMPORARILY_UNAVAILABLE
GLC-REAL-7370,observed_landslide,,,,,,,ISRIC_SoilGrids_2.0_Unavailable,API_503_SERVICE_TEMPORARILY_UNAVAILABLE
GLC-REAL-5084,observed_landslide,,,,,,,ISRIC_SoilGrids_2.0_Unavailable,API_503_SERVICE_TEMPORARILY_UNAVAILABLE
GLC-REAL-2566,observed_landslide,,,,,,,ISRIC_SoilGrids_2.0_Unavailable,API_503_SERVICE_TEMPORARILY_UNAVAILABLE
GLC-REAL-1109,observed_landslide,,,,,,,ISRIC_SoilGrids_2.0_Unavailable,API_503_SERVICE_TEMPORARILY_UNAVAILABLE
GLC-REAL-1961,observed_landslide,,,,,,,ISRIC_SoilGrids_2.0_Unavailable,API_503_SERVICE_TEMPORARILY_UNAVAILABLE
GLC-REAL-2578,observed_landslide,,,,,,,ISRIC_SoilGrids_2.0_Unavailable,API_503_SERVICE_TEMPORARILY_UNAVAILABLE
GLC-REAL-322,observed_landslide,,,,,,,ISRIC_SoilGrids_2.0_Unavailable,API_503_SERVICE_TEMPORARILY_UNAVAILABLE
GLC-REAL-5552,observed_landslide,,,,,,,ISRIC_SoilGrids_2.0_Unavailable,API_503_SERVICE_TEMPORARILY_UNAVAILABLE
GLC-REAL-2025,observed_landslide,,,,,,,ISRIC_SoilGrids_2.0_Unavailable,API_503_SERVICE_TEMPORARILY_UNAVAILABLE
GLC-REAL-9405,observed_landslide,,,,,,,ISRIC_SoilGrids_2.0_Unavailable,API_503_SERVICE_TEMPORARILY_UNAVAILABLE
GLC-REAL-5343,observed_landslide,,,,,,,ISRIC_SoilGrids_2.0_Unavailable,API_503_SERVICE_TEMPORARILY_UNAVAILABLE
GLC-REAL-6971,observed_landslide,,,,,,,ISRIC_SoilGrids_2.0_Unavailable,API_503_SERVICE_TEMPORARILY_UNAVAILABLE
GLC-REAL-1611,observed_landslide,,,,,,,ISRIC_SoilGrids_2.0_Unavailable,API_503_SERVICE_TEMPORARILY_UNAVAILABLE
GLC-REAL-147,observed_landslide,,,,,,,ISRIC_SoilGrids_2.0_Unavailable,API_503_SERVICE_TEMPORARILY_UNAVAILABLE
GLC-REAL-4382,observed_landslide,,,,,,,ISRIC_SoilGrids_2.0_Unavailable,API_503_SERVICE_TEMPORARILY_UNAVAILABLE
GLC-REAL-2424,observed_landslide,,,,,,,ISRIC_SoilGrids_2.0_Unavailable,API_503_SERVICE_TEMPORARILY_UNAVAILABLE
GLC-REAL-5431,observed_landslide,,,,,,,ISRIC_SoilGrids_2.0_Unavailable,API_503_SERVICE_TEMPORARILY_UNAVAILABLE
GLC-REAL-3672,observed_landslide,,,,,,,ISRIC_SoilGrids_2.0_Unavailable,API_503_SERVICE_TEMPORARILY_UNAVAILABLE
GLC-REAL-2253,observed_landslide,,,,,,,ISRIC_SoilGrids_2.0_Unavailable,API_503_SERVICE_TEMPORARILY_UNAVAILABLE
GLC-REAL-1108,observed_landslide,,,,,,,ISRIC_SoilGrids_2.0_Unavailable,API_503_SERVICE_TEMPORARILY_UNAVAILABLE
GLC-REAL-9168,observed_landslide,,,,,,,ISRIC_SoilGrids_2.0_Unavailable,API_503_SERVICE_TEMPORARILY_UNAVAILABLE
GLC-REAL-3560,observed_landslide,,,,,,,ISRIC_SoilGrids_2.0_Unavailable,API_503_SERVICE_TEMPORARILY_UNAVAILABLE
GLC-REAL-587,observed_landslide,,,,,,,ISRIC_SoilGrids_2.0_Unavailable,API_503_SERVICE_TEMPORARILY_UNAVAILABLE
GLC-REAL-8012,observed_landslide,,,,,,,ISRIC_SoilGrids_2.0_Unavailable,API_503_SERVICE_TEMPORARILY_UNAVAILABLE
GLC-REAL-7335,observed_landslide,,,,,,,ISRIC_SoilGrids_2.0_Unavailable,API_503_SERVICE_TEMPORARILY_UNAVAILABLE
GLC-REAL-141,observed_landslide,,,,,,,ISRIC_SoilGrids_2.0_Unavailable,API_503_SERVICE_TEMPORARILY_UNAVAILABLE
GLC-REAL-3983,observed_landslide,,,,,,,ISRIC_SoilGrids_2.0_Unavailable,API_503_SERVICE_TEMPORARILY_UNAVAILABLE
GLC-REAL-148,observed_landslide,,,,,,,ISRIC_SoilGrids_2.0_Unavailable,API_503_SERVICE_TEMPORARILY_UNAVAILABLE
GLC-REAL-1775,observed_landslide,,,,,,,ISRIC_SoilGrids_2.0_Unavailable,API_503_SERVICE_TEMPORARILY_UNAVAILABLE
GLC-REAL-3663,observed_landslide,,,,,,,ISRIC_SoilGrids_2.0_Unavailable,API_503_SERVICE_TEMPORARILY_UNAVAILABLE
GLC-REAL-7385,observed_landslide,,,,,,,ISRIC_SoilGrids_2.0_Unavailable,API_503_SERVICE_TEMPORARILY_UNAVAILABLE
GLC-REAL-2575,observed_landslide,,,,,,,ISRIC_SoilGrids_2.0_Unavailable,API_503_SERVICE_TEMPORARILY_UNAVAILABLE
GLC-REAL-3840,observed_landslide,,,,,,,ISRIC_SoilGrids_2.0_Unavailable,API_503_SERVICE_TEMPORARILY_UNAVAILABLE
GLC-REAL-6015,observed_landslide,,,,,,,ISRIC_SoilGrids_2.0_Unavailable,API_503_SERVICE_TEMPORARILY_UNAVAILABLE
GLC-REAL-3741,observed_landslide,,,,,,,ISRIC_SoilGrids_2.0_Unavailable,API_503_SERVICE_TEMPORARILY_UNAVAILABLE
GLC-REAL-2106,observed_landslide,,,,,,,ISRIC_SoilGrids_2.0_Unavailable,API_503_SERVICE_TEMPORARILY_UNAVAILABLE
GLC-REAL-9051,observed_landslide,,,,,,,ISRIC_SoilGrids_2.0_Unavailable,API_503_SERVICE_TEMPORARILY_UNAVAILABLE
GLC-REAL-870,observed_landslide,,,,,,,ISRIC_SoilGrids_2.0_Unavailable,API_503_SERVICE_TEMPORARILY_UNAVAILABLE
GLC-REAL-3830,observed_landslide,,,,,,,ISRIC_SoilGrids_2.0_Unavailable,API_503_SERVICE_TEMPORARILY_UNAVAILABLE
GLC-REAL-4906,observed_landslide,,,,,,,ISRIC_SoilGrids_2.0_Unavailable,API_503_SERVICE_TEMPORARILY_UNAVAILABLE
GLC-REAL-3269,observed_landslide,,,,,,,ISRIC_SoilGrids_2.0_Unavailable,API_503_SERVICE_TEMPORARILY_UNAVAILABLE
GLC-REAL-6990,observed_landslide,,,,,,,ISRIC_SoilGrids_2.0_Unavailable,API_503_SERVICE_TEMPORARILY_UNAVAILABLE
GLC-REAL-6222,observed_landslide,,,,,,,ISRIC_SoilGrids_2.0_Unavailable,API_503_SERVICE_TEMPORARILY_UNAVAILABLE
GLC-REAL-9169,observed_landslide,,,,,,,ISRIC_SoilGrids_2.0_Unavailable,API_503_SERVICE_TEMPORARILY_UNAVAILABLE
GLC-REAL-4435,observed_landslide,,,,,,,ISRIC_SoilGrids_2.0_Unavailable,API_503_SERVICE_TEMPORARILY_UNAVAILABLE
GLC-REAL-4313,observed_landslide,,,,,,,ISRIC_SoilGrids_2.0_Unavailable,API_503_SERVICE_TEMPORARILY_UNAVAILABLE
GLC-REAL-2344,observed_landslide,,,,,,,ISRIC_SoilGrids_2.0_Unavailable,API_503_SERVICE_TEMPORARILY_UNAVAILABLE
GLC-REAL-7263,observed_landslide,,,,,,,ISRIC_SoilGrids_2.0_Unavailable,API_503_SERVICE_TEMPORARILY_UNAVAILABLE
GLC-REAL-5271,observed_landslide,,,,,,,ISRIC_SoilGrids_2.0_Unavailable,API_503_SERVICE_TEMPORARILY_UNAVAILABLE
GLC-REAL-4424,observed_landslide,,,,,,,ISRIC_SoilGrids_2.0_Unavailable,API_503_SERVICE_TEMPORARILY_UNAVAILABLE
GLC-REAL-3525,observed_landslide,,,,,,,ISRIC_SoilGrids_2.0_Unavailable,API_503_SERVICE_TEMPORARILY_UNAVAILABLE
GLC-REAL-7369,observed_landslide,,,,,,,ISRIC_SoilGrids_2.0_Unavailable,API_503_SERVICE_TEMPORARILY_UNAVAILABLE
GLC-REAL-4892,observed_landslide,,,,,,,ISRIC_SoilGrids_2.0_Unavailable,API_503_SERVICE_TEMPORARILY_UNAVAILABLE
GLC-REAL-4377,observed_landslide,,,,,,,ISRIC_SoilGrids_2.0_Unavailable,API_503_SERVICE_TEMPORARILY_UNAVAILABLE
GLC-REAL-5430,observed_landslide,,,,,,,ISRIC_SoilGrids_2.0_Unavailable,API_503_SERVICE_TEMPORARILY_UNAVAILABLE
GLC-REAL-7264,observed_landslide,,,,,,,ISRIC_SoilGrids_2.0_Unavailable,API_503_SERVICE_TEMPORARILY_UNAVAILABLE
GLC-REAL-5006,observed_landslide,,,,,,,ISRIC_SoilGrids_2.0_Unavailable,API_503_SERVICE_TEMPORARILY_UNAVAILABLE
GLC-REAL-9335,observed_landslide,,,,,,,ISRIC_SoilGrids_2.0_Unavailable,API_503_SERVICE_TEMPORARILY_UNAVAILABLE
GLC-REAL-7279,observed_landslide,,,,,,,ISRIC_SoilGrids_2.0_Unavailable,API_503_SERVICE_TEMPORARILY_UNAVAILABLE
GLC-REAL-6288,observed_landslide,,,,,,,ISRIC_SoilGrids_2.0_Unavailable,API_503_SERVICE_TEMPORARILY_UNAVAILABLE
GLC-REAL-5087,observed_landslide,,,,,,,ISRIC_SoilGrids_2.0_Unavailable,API_503_SERVICE_TEMPORARILY_UNAVAILABLE
GLC-REAL-258,observed_landslide,,,,,,,ISRIC_SoilGrids_2.0_Unavailable,API_503_SERVICE_TEMPORARILY_UNAVAILABLE
GLC-REAL-5338,observed_landslide,,,,,,,ISRIC_SoilGrids_2.0_Unavailable,API_503_SERVICE_TEMPORARILY_UNAVAILABLE
GLC-REAL-2411,observed_landslide,,,,,,,ISRIC_SoilGrids_2.0_Unavailable,API_503_SERVICE_TEMPORARILY_UNAVAILABLE
GLC-REAL-6143,observed_landslide,,,,,,,ISRIC_SoilGrids_2.0_Unavailable,API_503_SERVICE_TEMPORARILY_UNAVAILABLE
GLC-REAL-9124,observed_landslide,,,,,,,ISRIC_SoilGrids_2.0_Unavailable,API_503_SERVICE_TEMPORARILY_UNAVAILABLE
GLC-REAL-2282,observed_landslide,,,,,,,ISRIC_SoilGrids_2.0_Unavailable,API_503_SERVICE_TEMPORARILY_UNAVAILABLE
GLC-REAL-9338,observed_landslide,,,,,,,ISRIC_SoilGrids_2.0_Unavailable,API_503_SERVICE_TEMPORARILY_UNAVAILABLE
GLC-REAL-2421,observed_landslide,,,,,,,ISRIC_SoilGrids_2.0_Unavailable,API_503_SERVICE_TEMPORARILY_UNAVAILABLE
GLC-REAL-2249,observed_landslide,,,,,,,ISRIC_SoilGrids_2.0_Unavailable,API_503_SERVICE_TEMPORARILY_UNAVAILABLE
GLC-REAL-8901,observed_landslide,,,,,,,ISRIC_SoilGrids_2.0_Unavailable,API_503_SERVICE_TEMPORARILY_UNAVAILABLE
GLC-REAL-2283,observed_landslide,,,,,,,ISRIC_SoilGrids_2.0_Unavailable,API_503_SERVICE_TEMPORARILY_UNAVAILABLE
GLC-REAL-6016,observed_landslide,,,,,,,ISRIC_SoilGrids_2.0_Unavailable,API_503_SERVICE_TEMPORARILY_UNAVAILABLE
GLC-REAL-215,observed_landslide,,,,,,,ISRIC_SoilGrids_2.0_Unavailable,API_503_SERVICE_TEMPORARILY_UNAVAILABLE
GLC-REAL-7780,observed_landslide,,,,,,,ISRIC_SoilGrids_2.0_Unavailable,API_503_SERVICE_TEMPORARILY_UNAVAILABLE
GLC-REAL-2281,observed_landslide,,,,,,,ISRIC_SoilGrids_2.0_Unavailable,API_503_SERVICE_TEMPORARILY_UNAVAILABLE
GLC-REAL-1996,observed_landslide,,,,,,,ISRIC_SoilGrids_2.0_Unavailable,API_503_SERVICE_TEMPORARILY_UNAVAILABLE
GLC-REAL-6283,observed_landslide,,,,,,,ISRIC_SoilGrids_2.0_Unavailable,API_503_SERVICE_TEMPORARILY_UNAVAILABLE
GLC-REAL-8930,observed_landslide,,,,,,,ISRIC_SoilGrids_2.0_Unavailable,API_503_SERVICE_TEMPORARILY_UNAVAILABLE
GLC-REAL-869,observed_landslide,,,,,,,ISRIC_SoilGrids_2.0_Unavailable,API_503_SERVICE_TEMPORARILY_UNAVAILABLE
GLC-REAL-285,observed_landslide,,,,,,,ISRIC_SoilGrids_2.0_Unavailable,API_503_SERVICE_TEMPORARILY_UNAVAILABLE
GLC-REAL-3662,observed_landslide,,,,,,,ISRIC_SoilGrids_2.0_Unavailable,API_503_SERVICE_TEMPORARILY_UNAVAILABLE
GLC-REAL-5427,observed_landslide,,,,,,,ISRIC_SoilGrids_2.0_Unavailable,API_503_SERVICE_TEMPORARILY_UNAVAILABLE
GLC-REAL-8339,observed_landslide,,,,,,,ISRIC_SoilGrids_2.0_Unavailable,API_503_SERVICE_TEMPORARILY_UNAVAILABLE
GLC-REAL-4905,observed_landslide,,,,,,,ISRIC_SoilGrids_2.0_Unavailable,API_503_SERVICE_TEMPORARILY_UNAVAILABLE
GLC-REAL-9186,observed_landslide,,,,,,,ISRIC_SoilGrids_2.0_Unavailable,API_503_SERVICE_TEMPORARILY_UNAVAILABLE
GLC-REAL-5107,observed_landslide,,,,,,,ISRIC_SoilGrids_2.0_Unavailable,API_503_SERVICE_TEMPORARILY_UNAVAILABLE
GLC-REAL-7253,observed_landslide,,,,,,,ISRIC_SoilGrids_2.0_Unavailable,API_503_SERVICE_TEMPORARILY_UNAVAILABLE
GLC-REAL-6286,observed_landslide,,,,,,,ISRIC_SoilGrids_2.0_Unavailable,API_503_SERVICE_TEMPORARILY_UNAVAILABLE
GLC-REAL-594,observed_landslide,,,,,,,ISRIC_SoilGrids_2.0_Unavailable,API_503_SERVICE_TEMPORARILY_UNAVAILABLE
GLC-REAL-5337,observed_landslide,,,,,,,ISRIC_SoilGrids_2.0_Unavailable,API_503_SERVICE_TEMPORARILY_UNAVAILABLE
GLC-REAL-3881,observed_landslide,,,,,,,ISRIC_SoilGrids_2.0_Unavailable,API_503_SERVICE_TEMPORARILY_UNAVAILABLE
GLC-REAL-3925,observed_landslide,,,,,,,ISRIC_SoilGrids_2.0_Unavailable,API_503_SERVICE_TEMPORARILY_UNAVAILABLE
GLC-REAL-7383,observed_landslide,,,,,,,ISRIC_SoilGrids_2.0_Unavailable,API_503_SERVICE_TEMPORARILY_UNAVAILABLE
GLC-REAL-8900,observed_landslide,,,,,,,ISRIC_SoilGrids_2.0_Unavailable,API_503_SERVICE_TEMPORARILY_UNAVAILABLE
GLC-REAL-4757,observed_landslide,,,,,,,ISRIC_SoilGrids_2.0_Unavailable,API_503_SERVICE_TEMPORARILY_UNAVAILABLE
GLC-REAL-7666,observed_landslide,,,,,,,ISRIC_SoilGrids_2.0_Unavailable,API_503_SERVICE_TEMPORARILY_UNAVAILABLE
GLC-REAL-2045,observed_landslide,,,,,,,ISRIC_SoilGrids_2.0_Unavailable,API_503_SERVICE_TEMPORARILY_UNAVAILABLE
GLC-REAL-7701,observed_landslide,,,,,,,ISRIC_SoilGrids_2.0_Unavailable,API_503_SERVICE_TEMPORARILY_UNAVAILABLE
GLC-REAL-2422,observed_landslide,,,,,,,ISRIC_SoilGrids_2.0_Unavailable,API_503_SERVICE_TEMPORARILY_UNAVAILABLE
GLC-REAL-6513,observed_landslide,,,,,,,ISRIC_SoilGrids_2.0_Unavailable,API_503_SERVICE_TEMPORARILY_UNAVAILABLE
GLC-REAL-2248,observed_landslide,,,,,,,ISRIC_SoilGrids_2.0_Unavailable,API_503_SERVICE_TEMPORARILY_UNAVAILABLE
GLC-REAL-5268,observed_landslide,,,,,,,ISRIC_SoilGrids_2.0_Unavailable,API_503_SERVICE_TEMPORARILY_UNAVAILABLE
GLC-REAL-6106,observed_landslide,,,,,,,ISRIC_SoilGrids_2.0_Unavailable,API_503_SERVICE_TEMPORARILY_UNAVAILABLE
GLC-REAL-3965,observed_landslide,,,,,,,ISRIC_SoilGrids_2.0_Unavailable,API_503_SERVICE_TEMPORARILY_UNAVAILABLE
GLC-REAL-6969,observed_landslide,,,,,,,ISRIC_SoilGrids_2.0_Unavailable,API_503_SERVICE_TEMPORARILY_UNAVAILABLE
GLC-REAL-2044,observed_landslide,,,,,,,ISRIC_SoilGrids_2.0_Unavailable,API_503_SERVICE_TEMPORARILY_UNAVAILABLE
GLC-REAL-2587,observed_landslide,,,,,,,ISRIC_SoilGrids_2.0_Unavailable,API_503_SERVICE_TEMPORARILY_UNAVAILABLE
GLC-REAL-8684,observed_landslide,,,,,,,ISRIC_SoilGrids_2.0_Unavailable,API_503_SERVICE_TEMPORARILY_UNAVAILABLE
GLC-REAL-1596,observed_landslide,,,,,,,ISRIC_SoilGrids_2.0_Unavailable,API_503_SERVICE_TEMPORARILY_UNAVAILABLE
GLC-REAL-1771,observed_landslide,,,,,,,ISRIC_SoilGrids_2.0_Unavailable,API_503_SERVICE_TEMPORARILY_UNAVAILABLE
GLC-REAL-7364,observed_landslide,,,,,,,ISRIC_SoilGrids_2.0_Unavailable,API_503_SERVICE_TEMPORARILY_UNAVAILABLE
GLC-REAL-6968,observed_landslide,,,,,,,ISRIC_SoilGrids_2.0_Unavailable,API_503_SERVICE_TEMPORARILY_UNAVAILABLE
GLC-REAL-7373,observed_landslide,,,,,,,ISRIC_SoilGrids_2.0_Unavailable,API_503_SERVICE_TEMPORARILY_UNAVAILABLE
GLC-REAL-4570,observed_landslide,,,,,,,ISRIC_SoilGrids_2.0_Unavailable,API_503_SERVICE_TEMPORARILY_UNAVAILABLE
GLC-REAL-1935,observed_landslide,,,,,,,ISRIC_SoilGrids_2.0_Unavailable,API_503_SERVICE_TEMPORARILY_UNAVAILABLE
GLC-REAL-2577,observed_landslide,,,,,,,ISRIC_SoilGrids_2.0_Unavailable,API_503_SERVICE_TEMPORARILY_UNAVAILABLE
GLC-REAL-7276,observed_landslide,,,,,,,ISRIC_SoilGrids_2.0_Unavailable,API_503_SERVICE_TEMPORARILY_UNAVAILABLE
GLC-REAL-2576,observed_landslide,,,,,,,ISRIC_SoilGrids_2.0_Unavailable,API_503_SERVICE_TEMPORARILY_UNAVAILABLE
GLC-REAL-6293,observed_landslide,,,,,,,ISRIC_SoilGrids_2.0_Unavailable,API_503_SERVICE_TEMPORARILY_UNAVAILABLE
GLC-REAL-4858,observed_landslide,,,,,,,ISRIC_SoilGrids_2.0_Unavailable,API_503_SERVICE_TEMPORARILY_UNAVAILABLE
GLC-REAL-5269,observed_landslide,,,,,,,ISRIC_SoilGrids_2.0_Unavailable,API_503_SERVICE_TEMPORARILY_UNAVAILABLE
GLC-REAL-5270,observed_landslide,,,,,,,ISRIC_SoilGrids_2.0_Unavailable,API_503_SERVICE_TEMPORARILY_UNAVAILABLE
GLC-REAL-6284,observed_landslide,,,,,,,ISRIC_SoilGrids_2.0_Unavailable,API_503_SERVICE_TEMPORARILY_UNAVAILABLE
GLC-REAL-9251,observed_landslide,,,,,,,ISRIC_SoilGrids_2.0_Unavailable,API_503_SERVICE_TEMPORARILY_UNAVAILABLE
GLC-REAL-7699,observed_landslide,,,,,,,ISRIC_SoilGrids_2.0_Unavailable,API_503_SERVICE_TEMPORARILY_UNAVAILABLE
GLC-REAL-7664,observed_landslide,,,,,,,ISRIC_SoilGrids_2.0_Unavailable,API_503_SERVICE_TEMPORARILY_UNAVAILABLE
GLC-REAL-7589,observed_landslide,,,,,,,ISRIC_SoilGrids_2.0_Unavailable,API_503_SERVICE_TEMPORARILY_UNAVAILABLE
GLC-REAL-7887,observed_landslide,,,,,,,ISRIC_SoilGrids_2.0_Unavailable,API_503_SERVICE_TEMPORARILY_UNAVAILABLE
GLC-REAL-9404,observed_landslide,,,,,,,ISRIC_SoilGrids_2.0_Unavailable,API_503_SERVICE_TEMPORARILY_UNAVAILABLE
GLC-REAL-6287,observed_landslide,,,,,,,ISRIC_SoilGrids_2.0_Unavailable,API_503_SERVICE_TEMPORARILY_UNAVAILABLE
GLC-REAL-2304,observed_landslide,,,,,,,ISRIC_SoilGrids_2.0_Unavailable,API_503_SERVICE_TEMPORARILY_UNAVAILABLE
GLC-REAL-5273,observed_landslide,,,,,,,ISRIC_SoilGrids_2.0_Unavailable,API_503_SERVICE_TEMPORARILY_UNAVAILABLE
GLC-REAL-8995,observed_landslide,,,,,,,ISRIC_SoilGrids_2.0_Unavailable,API_503_SERVICE_TEMPORARILY_UNAVAILABLE
GLC-REAL-2567,observed_landslide,,,,,,,ISRIC_SoilGrids_2.0_Unavailable,API_503_SERVICE_TEMPORARILY_UNAVAILABLE
GLC-REAL-6285,observed_landslide,,,,,,,ISRIC_SoilGrids_2.0_Unavailable,API_503_SERVICE_TEMPORARILY_UNAVAILABLE
GLC-REAL-868,observed_landslide,,,,,,,ISRIC_SoilGrids_2.0_Unavailable,API_503_SERVICE_TEMPORARILY_UNAVAILABLE
GLC-REAL-5005,observed_landslide,,,,,,,ISRIC_SoilGrids_2.0_Unavailable,API_503_SERVICE_TEMPORARILY_UNAVAILABLE
GLC-REAL-3860,observed_landslide,,,,,,,ISRIC_SoilGrids_2.0_Unavailable,API_503_SERVICE_TEMPORARILY_UNAVAILABLE
GLC-REAL-1127,observed_landslide,,,,,,,ISRIC_SoilGrids_2.0_Unavailable,API_503_SERVICE_TEMPORARILY_UNAVAILABLE
GLC-REAL-5603,observed_landslide,,,,,,,ISRIC_SoilGrids_2.0_Unavailable,API_503_SERVICE_TEMPORARILY_UNAVAILABLE
GLC-REAL-2042,observed_landslide,,,,,,,ISRIC_SoilGrids_2.0_Unavailable,API_503_SERVICE_TEMPORARILY_UNAVAILABLE
GLC-REAL-5442,observed_landslide,,,,,,,ISRIC_SoilGrids_2.0_Unavailable,API_503_SERVICE_TEMPORARILY_UNAVAILABLE
GLC-REAL-7933,observed_landslide,,,,,,,ISRIC_SoilGrids_2.0_Unavailable,API_503_SERVICE_TEMPORARILY_UNAVAILABLE
GLC-REAL-3637,observed_landslide,,,,,,,ISRIC_SoilGrids_2.0_Unavailable,API_503_SERVICE_TEMPORARILY_UNAVAILABLE
GLC-REAL-3837,observed_landslide,,,,,,,ISRIC_SoilGrids_2.0_Unavailable,API_503_SERVICE_TEMPORARILY_UNAVAILABLE
GLC-REAL-220,observed_landslide,,,,,,,ISRIC_SoilGrids_2.0_Unavailable,API_503_SERVICE_TEMPORARILY_UNAVAILABLE
GLC-REAL-212,observed_landslide,,,,,,,ISRIC_SoilGrids_2.0_Unavailable,API_503_SERVICE_TEMPORARILY_UNAVAILABLE
GLC-REAL-7372,observed_landslide,,,,,,,ISRIC_SoilGrids_2.0_Unavailable,API_503_SERVICE_TEMPORARILY_UNAVAILABLE
GLC-REAL-2570,observed_landslide,,,,,,,ISRIC_SoilGrids_2.0_Unavailable,API_503_SERVICE_TEMPORARILY_UNAVAILABLE
GLC-REAL-3806,observed_landslide,,,,,,,ISRIC_SoilGrids_2.0_Unavailable,API_503_SERVICE_TEMPORARILY_UNAVAILABLE
GLC-REAL-2026,observed_landslide,,,,,,,ISRIC_SoilGrids_2.0_Unavailable,API_503_SERVICE_TEMPORARILY_UNAVAILABLE
GLC-REAL-714,observed_landslide,,,,,,,ISRIC_SoilGrids_2.0_Unavailable,API_503_SERVICE_TEMPORARILY_UNAVAILABLE
GLC-REAL-6110,observed_landslide,,,,,,,ISRIC_SoilGrids_2.0_Unavailable,API_503_SERVICE_TEMPORARILY_UNAVAILABLE
GLC-REAL-247,observed_landslide,,,,,,,ISRIC_SoilGrids_2.0_Unavailable,API_503_SERVICE_TEMPORARILY_UNAVAILABLE
GLC-REAL-4407,observed_landslide,,,,,,,ISRIC_SoilGrids_2.0_Unavailable,API_503_SERVICE_TEMPORARILY_UNAVAILABLE
GLC-REAL-3789,observed_landslide,,,,,,,ISRIC_SoilGrids_2.0_Unavailable,API_503_SERVICE_TEMPORARILY_UNAVAILABLE
GLC-REAL-6292,observed_landslide,,,,,,,ISRIC_SoilGrids_2.0_Unavailable,API_503_SERVICE_TEMPORARILY_UNAVAILABLE
GLC-REAL-545,observed_landslide,,,,,,,ISRIC_SoilGrids_2.0_Unavailable,API_503_SERVICE_TEMPORARILY_UNAVAILABLE
GLC-REAL-7265,observed_landslide,,,,,,,ISRIC_SoilGrids_2.0_Unavailable,API_503_SERVICE_TEMPORARILY_UNAVAILABLE
GLC-REAL-2436,observed_landslide,,,,,,,ISRIC_SoilGrids_2.0_Unavailable,API_503_SERVICE_TEMPORARILY_UNAVAILABLE
GLC-REAL-7727,observed_landslide,,,,,,,ISRIC_SoilGrids_2.0_Unavailable,API_503_SERVICE_TEMPORARILY_UNAVAILABLE
GLC-REAL-7334,observed_landslide,,,,,,,ISRIC_SoilGrids_2.0_Unavailable,API_503_SERVICE_TEMPORARILY_UNAVAILABLE
GLC-REAL-6200,observed_landslide,,,,,,,ISRIC_SoilGrids_2.0_Unavailable,API_503_SERVICE_TEMPORARILY_UNAVAILABLE
GLC-REAL-7778,observed_landslide,,,,,,,ISRIC_SoilGrids_2.0_Unavailable,API_503_SERVICE_TEMPORARILY_UNAVAILABLE
GLC-REAL-6290,observed_landslide,,,,,,,ISRIC_SoilGrids_2.0_Unavailable,API_503_SERVICE_TEMPORARILY_UNAVAILABLE
GLC-REAL-4408,observed_landslide,,,,,,,ISRIC_SoilGrids_2.0_Unavailable,API_503_SERVICE_TEMPORARILY_UNAVAILABLE
GLC-REAL-4403,observed_landslide,,,,,,,ISRIC_SoilGrids_2.0_Unavailable,API_503_SERVICE_TEMPORARILY_UNAVAILABLE
GLC-REAL-2140,observed_landslide,,,,,,,ISRIC_SoilGrids_2.0_Unavailable,API_503_SERVICE_TEMPORARILY_UNAVAILABLE
GLC-REAL-2243,observed_landslide,,,,,,,ISRIC_SoilGrids_2.0_Unavailable,API_503_SERVICE_TEMPORARILY_UNAVAILABLE
GLC-REAL-9142,observed_landslide,,,,,,,ISRIC_SoilGrids_2.0_Unavailable,API_503_SERVICE_TEMPORARILY_UNAVAILABLE
GLC-REAL-6107,observed_landslide,,,,,,,ISRIC_SoilGrids_2.0_Unavailable,API_503_SERVICE_TEMPORARILY_UNAVAILABLE
GLC-REAL-255,observed_landslide,,,,,,,ISRIC_SoilGrids_2.0_Unavailable,API_503_SERVICE_TEMPORARILY_UNAVAILABLE
GLC-REAL-7660,observed_landslide,,,,,,,ISRIC_SoilGrids_2.0_Unavailable,API_503_SERVICE_TEMPORARILY_UNAVAILABLE
GLC-REAL-7389,observed_landslide,,,,,,,ISRIC_SoilGrids_2.0_Unavailable,API_503_SERVICE_TEMPORARILY_UNAVAILABLE
GLC-REAL-2437,observed_landslide,,,,,,,ISRIC_SoilGrids_2.0_Unavailable,API_503_SERVICE_TEMPORARILY_UNAVAILABLE
GLC-REAL-731,observed_landslide,,,,,,,ISRIC_SoilGrids_2.0_Unavailable,API_503_SERVICE_TEMPORARILY_UNAVAILABLE
GLC-REAL-7371,observed_landslide,,,,,,,ISRIC_SoilGrids_2.0_Unavailable,API_503_SERVICE_TEMPORARILY_UNAVAILABLE
GLC-REAL-7923,observed_landslide,,,,,,,ISRIC_SoilGrids_2.0_Unavailable,API_503_SERVICE_TEMPORARILY_UNAVAILABLE
GLC-REAL-760,observed_landslide,,,,,,,ISRIC_SoilGrids_2.0_Unavailable,API_503_SERVICE_TEMPORARILY_UNAVAILABLE
GLC-REAL-2182,observed_landslide,,,,,,,ISRIC_SoilGrids_2.0_Unavailable,API_503_SERVICE_TEMPORARILY_UNAVAILABLE
GLC-REAL-1954,observed_landslide,,,,,,,ISRIC_SoilGrids_2.0_Unavailable,API_503_SERVICE_TEMPORARILY_UNAVAILABLE
GLC-REAL-6963,observed_landslide,,,,,,,ISRIC_SoilGrids_2.0_Unavailable,API_503_SERVICE_TEMPORARILY_UNAVAILABLE
GLC-REAL-5336,observed_landslide,,,,,,,ISRIC_SoilGrids_2.0_Unavailable,API_503_SERVICE_TEMPORARILY_UNAVAILABLE
GLC-REAL-7590,observed_landslide,,,,,,,ISRIC_SoilGrids_2.0_Unavailable,API_503_SERVICE_TEMPORARILY_UNAVAILABLE
GLC-REAL-1222,observed_landslide,,,,,,,ISRIC_SoilGrids_2.0_Unavailable,API_503_SERVICE_TEMPORARILY_UNAVAILABLE
GLC-REAL-8222,observed_landslide,,,,,,,ISRIC_SoilGrids_2.0_Unavailable,API_503_SERVICE_TEMPORARILY_UNAVAILABLE
GLC-REAL-7706,observed_landslide,,,,,,,ISRIC_SoilGrids_2.0_Unavailable,API_503_SERVICE_TEMPORARILY_UNAVAILABLE
GLC-REAL-8224,observed_landslide,,,,,,,ISRIC_SoilGrids_2.0_Unavailable,API_503_SERVICE_TEMPORARILY_UNAVAILABLE
GLC-REAL-4241,observed_landslide,,,,,,,ISRIC_SoilGrids_2.0_Unavailable,API_503_SERVICE_TEMPORARILY_UNAVAILABLE
GLC-REAL-1930,observed_landslide,,,,,,,ISRIC_SoilGrids_2.0_Unavailable,API_503_SERVICE_TEMPORARILY_UNAVAILABLE
GLC-REAL-9334,observed_landslide,,,,,,,ISRIC_SoilGrids_2.0_Unavailable,API_503_SERVICE_TEMPORARILY_UNAVAILABLE
GLC-REAL-8237,observed_landslide,,,,,,,ISRIC_SoilGrids_2.0_Unavailable,API_503_SERVICE_TEMPORARILY_UNAVAILABLE
GLC-REAL-585,observed_landslide,,,,,,,ISRIC_SoilGrids_2.0_Unavailable,API_503_SERVICE_TEMPORARILY_UNAVAILABLE
GLC-REAL-4859,observed_landslide,,,,,,,ISRIC_SoilGrids_2.0_Unavailable,API_503_SERVICE_TEMPORARILY_UNAVAILABLE
GLC-REAL-4436,observed_landslide,,,,,,,ISRIC_SoilGrids_2.0_Unavailable,API_503_SERVICE_TEMPORARILY_UNAVAILABLE
GLC-REAL-3916,observed_landslide,,,,,,,ISRIC_SoilGrids_2.0_Unavailable,API_503_SERVICE_TEMPORARILY_UNAVAILABLE
GLC-REAL-5250,observed_landslide,,,,,,,ISRIC_SoilGrids_2.0_Unavailable,API_503_SERVICE_TEMPORARILY_UNAVAILABLE
GLC-REAL-3738,observed_landslide,,,,,,,ISRIC_SoilGrids_2.0_Unavailable,API_503_SERVICE_TEMPORARILY_UNAVAILABLE
GLC-REAL-2426,observed_landslide,,,,,,,ISRIC_SoilGrids_2.0_Unavailable,API_503_SERVICE_TEMPORARILY_UNAVAILABLE
GLC-REAL-1084,observed_landslide,,,,,,,ISRIC_SoilGrids_2.0_Unavailable,API_503_SERVICE_TEMPORARILY_UNAVAILABLE
GLC-REAL-7266,observed_landslide,,,,,,,ISRIC_SoilGrids_2.0_Unavailable,API_503_SERVICE_TEMPORARILY_UNAVAILABLE
GLC-REAL-1129,observed_landslide,,,,,,,ISRIC_SoilGrids_2.0_Unavailable,API_503_SERVICE_TEMPORARILY_UNAVAILABLE
GLC-REAL-2166,observed_landslide,,,,,,,ISRIC_SoilGrids_2.0_Unavailable,API_503_SERVICE_TEMPORARILY_UNAVAILABLE
GLC-REAL-213,observed_landslide,,,,,,,ISRIC_SoilGrids_2.0_Unavailable,API_503_SERVICE_TEMPORARILY_UNAVAILABLE
GLC-REAL-4426,observed_landslide,,,,,,,ISRIC_SoilGrids_2.0_Unavailable,API_503_SERVICE_TEMPORARILY_UNAVAILABLE
GLC-REAL-8366,observed_landslide,,,,,,,ISRIC_SoilGrids_2.0_Unavailable,API_503_SERVICE_TEMPORARILY_UNAVAILABLE
GLC-REAL-1934,observed_landslide,,,,,,,ISRIC_SoilGrids_2.0_Unavailable,API_503_SERVICE_TEMPORARILY_UNAVAILABLE
GLC-REAL-7655,observed_landslide,,,,,,,ISRIC_SoilGrids_2.0_Unavailable,API_503_SERVICE_TEMPORARILY_UNAVAILABLE
GLC-REAL-9464,observed_landslide,,,,,,,ISRIC_SoilGrids_2.0_Unavailable,API_503_SERVICE_TEMPORARILY_UNAVAILABLE
GLC-REAL-3912,observed_landslide,,,,,,,ISRIC_SoilGrids_2.0_Unavailable,API_503_SERVICE_TEMPORARILY_UNAVAILABLE
GLC-REAL-5272,observed_landslide,,,,,,,ISRIC_SoilGrids_2.0_Unavailable,API_503_SERVICE_TEMPORARILY_UNAVAILABLE
GLC-REAL-580,observed_landslide,,,,,,,ISRIC_SoilGrids_2.0_Unavailable,API_503_SERVICE_TEMPORARILY_UNAVAILABLE
GLC-REAL-5575,observed_landslide,,,,,,,ISRIC_SoilGrids_2.0_Unavailable,API_503_SERVICE_TEMPORARILY_UNAVAILABLE
GLC-REAL-8996,observed_landslide,,,,,,,ISRIC_SoilGrids_2.0_Unavailable,API_503_SERVICE_TEMPORARILY_UNAVAILABLE
GLC-REAL-1613,observed_landslide,,,,,,,ISRIC_SoilGrids_2.0_Unavailable,API_503_SERVICE_TEMPORARILY_UNAVAILABLE
GLC-REAL-4857,observed_landslide,,,,,,,ISRIC_SoilGrids_2.0_Unavailable,API_503_SERVICE_TEMPORARILY_UNAVAILABLE
GLC-REAL-6945,observed_landslide,,,,,,,ISRIC_SoilGrids_2.0_Unavailable,API_503_SERVICE_TEMPORARILY_UNAVAILABLE
GLC-REAL-1857,observed_landslide,,,,,,,ISRIC_SoilGrids_2.0_Unavailable,API_503_SERVICE_TEMPORARILY_UNAVAILABLE
GLC-REAL-2743,observed_landslide,,,,,,,ISRIC_SoilGrids_2.0_Unavailable,API_503_SERVICE_TEMPORARILY_UNAVAILABLE
GLC-REAL-4860,observed_landslide,,,,,,,ISRIC_SoilGrids_2.0_Unavailable,API_503_SERVICE_TEMPORARILY_UNAVAILABLE
GLC-REAL-4845,observed_landslide,,,,,,,ISRIC_SoilGrids_2.0_Unavailable,API_503_SERVICE_TEMPORARILY_UNAVAILABLE
GLC-REAL-1770,observed_landslide,,,,,,,ISRIC_SoilGrids_2.0_Unavailable,API_503_SERVICE_TEMPORARILY_UNAVAILABLE
GLC-REAL-7728,observed_landslide,,,,,,,ISRIC_SoilGrids_2.0_Unavailable,API_503_SERVICE_TEMPORARILY_UNAVAILABLE
GLC-REAL-5274,observed_landslide,,,,,,,ISRIC_SoilGrids_2.0_Unavailable,API_503_SERVICE_TEMPORARILY_UNAVAILABLE
GLC-REAL-7836,observed_landslide,,,,,,,ISRIC_SoilGrids_2.0_Unavailable,API_503_SERVICE_TEMPORARILY_UNAVAILABLE
GLC-REAL-3776,observed_landslide,,,,,,,ISRIC_SoilGrids_2.0_Unavailable,API_503_SERVICE_TEMPORARILY_UNAVAILABLE
GLC-REAL-7388,observed_landslide,,,,,,,ISRIC_SoilGrids_2.0_Unavailable,API_503_SERVICE_TEMPORARILY_UNAVAILABLE
GLC-REAL-5421,observed_landslide,,,,,,,ISRIC_SoilGrids_2.0_Unavailable,API_503_SERVICE_TEMPORARILY_UNAVAILABLE
GLC-REAL-2343,observed_landslide,,,,,,,ISRIC_SoilGrids_2.0_Unavailable,API_503_SERVICE_TEMPORARILY_UNAVAILABLE
GLC-REAL-3683,observed_landslide,,,,,,,ISRIC_SoilGrids_2.0_Unavailable,API_503_SERVICE_TEMPORARILY_UNAVAILABLE
GLC-REAL-7591,observed_landslide,,,,,,,ISRIC_SoilGrids_2.0_Unavailable,API_503_SERVICE_TEMPORARILY_UNAVAILABLE
GLC-REAL-9232,observed_landslide,,,,,,,ISRIC_SoilGrids_2.0_Unavailable,API_503_SERVICE_TEMPORARILY_UNAVAILABLE
GLC-REAL-4434,observed_landslide,,,,,,,ISRIC_SoilGrids_2.0_Unavailable,API_503_SERVICE_TEMPORARILY_UNAVAILABLE
GLC-REAL-7214,observed_landslide,,,,,,,ISRIC_SoilGrids_2.0_Unavailable,API_503_SERVICE_TEMPORARILY_UNAVAILABLE
GLC-REAL-5582,observed_landslide,,,,,,,ISRIC_SoilGrids_2.0_Unavailable,API_503_SERVICE_TEMPORARILY_UNAVAILABLE
GLC-REAL-2405,observed_landslide,,,,,,,ISRIC_SoilGrids_2.0_Unavailable,API_503_SERVICE_TEMPORARILY_UNAVAILABLE
GLC-REAL-3556,observed_landslide,,,,,,,ISRIC_SoilGrids_2.0_Unavailable,API_503_SERVICE_TEMPORARILY_UNAVAILABLE
GLC-REAL-2569,observed_landslide,,,,,,,ISRIC_SoilGrids_2.0_Unavailable,API_503_SERVICE_TEMPORARILY_UNAVAILABLE
GLC-REAL-2423,observed_landslide,,,,,,,ISRIC_SoilGrids_2.0_Unavailable,API_503_SERVICE_TEMPORARILY_UNAVAILABLE
GLC-REAL-3532,observed_landslide,,,,,,,ISRIC_SoilGrids_2.0_Unavailable,API_503_SERVICE_TEMPORARILY_UNAVAILABLE
GLC-REAL-7956,observed_landslide,,,,,,,ISRIC_SoilGrids_2.0_Unavailable,API_503_SERVICE_TEMPORARILY_UNAVAILABLE
GLC-REAL-2425,observed_landslide,,,,,,,ISRIC_SoilGrids_2.0_Unavailable,API_503_SERVICE_TEMPORARILY_UNAVAILABLE
GLC-REAL-6970,observed_landslide,,,,,,,ISRIC_SoilGrids_2.0_Unavailable,API_503_SERVICE_TEMPORARILY_UNAVAILABLE
GLC-REAL-5312,observed_landslide,,,,,,,ISRIC_SoilGrids_2.0_Unavailable,API_503_SERVICE_TEMPORARILY_UNAVAILABLE
GLC-REAL-2568,observed_landslide,,,,,,,ISRIC_SoilGrids_2.0_Unavailable,API_503_SERVICE_TEMPORARILY_UNAVAILABLE
GLC-REAL-7409,observed_landslide,,,,,,,ISRIC_SoilGrids_2.0_Unavailable,API_503_SERVICE_TEMPORARILY_UNAVAILABLE
GLC-REAL-9219,observed_landslide,,,,,,,ISRIC_SoilGrids_2.0_Unavailable,API_503_SERVICE_TEMPORARILY_UNAVAILABLE
GLC-REAL-2579,observed_landslide,,,,,,,ISRIC_SoilGrids_2.0_Unavailable,API_503_SERVICE_TEMPORARILY_UNAVAILABLE
GLC-REAL-8223,observed_landslide,,,,,,,ISRIC_SoilGrids_2.0_Unavailable,API_503_SERVICE_TEMPORARILY_UNAVAILABLE
GLC-REAL-7336,observed_landslide,,,,,,,ISRIC_SoilGrids_2.0_Unavailable,API_503_SERVICE_TEMPORARILY_UNAVAILABLE
GLC-REAL-9252,observed_landslide,,,,,,,ISRIC_SoilGrids_2.0_Unavailable,API_503_SERVICE_TEMPORARILY_UNAVAILABLE
GLC-REAL-5300,observed_landslide,,,,,,,ISRIC_SoilGrids_2.0_Unavailable,API_503_SERVICE_TEMPORARILY_UNAVAILABLE
GLC-REAL-7665,observed_landslide,,,,,,,ISRIC_SoilGrids_2.0_Unavailable,API_503_SERVICE_TEMPORARILY_UNAVAILABLE
GLC-REAL-1994,observed_landslide,,,,,,,ISRIC_SoilGrids_2.0_Unavailable,API_503_SERVICE_TEMPORARILY_UNAVAILABLE
GLC-REAL-3760,observed_landslide,,,,,,,ISRIC_SoilGrids_2.0_Unavailable,API_503_SERVICE_TEMPORARILY_UNAVAILABLE
GLC-REAL-692,observed_landslide,,,,,,,ISRIC_SoilGrids_2.0_Unavailable,API_503_SERVICE_TEMPORARILY_UNAVAILABLE
GLC-REAL-3633,observed_landslide,,,,,,,ISRIC_SoilGrids_2.0_Unavailable,API_503_SERVICE_TEMPORARILY_UNAVAILABLE
GLC-REAL-7374,observed_landslide,,,,,,,ISRIC_SoilGrids_2.0_Unavailable,API_503_SERVICE_TEMPORARILY_UNAVAILABLE
GLC-REAL-2098,observed_landslide,,,,,,,ISRIC_SoilGrids_2.0_Unavailable,API_503_SERVICE_TEMPORARILY_UNAVAILABLE
GLC-REAL-2205,observed_landslide,,,,,,,ISRIC_SoilGrids_2.0_Unavailable,API_503_SERVICE_TEMPORARILY_UNAVAILABLE
GLC-REAL-4610,observed_landslide,,,,,,,ISRIC_SoilGrids_2.0_Unavailable,API_503_SERVICE_TEMPORARILY_UNAVAILABLE
GLC-REAL-5275,observed_landslide,,,,,,,ISRIC_SoilGrids_2.0_Unavailable,API_503_SERVICE_TEMPORARILY_UNAVAILABLE
GLC-REAL-2247,observed_landslide,,,,,,,ISRIC_SoilGrids_2.0_Unavailable,API_503_SERVICE_TEMPORARILY_UNAVAILABLE
GLC-REAL-3927,observed_landslide,,,,,,,ISRIC_SoilGrids_2.0_Unavailable,API_503_SERVICE_TEMPORARILY_UNAVAILABLE
GLC-REAL-259,observed_landslide,,,,,,,ISRIC_SoilGrids_2.0_Unavailable,API_503_SERVICE_TEMPORARILY_UNAVAILABLE
GLC-REAL-6112,observed_landslide,,,,,,,ISRIC_SoilGrids_2.0_Unavailable,API_503_SERVICE_TEMPORARILY_UNAVAILABLE
GLC-REAL-7390,observed_landslide,,,,,,,ISRIC_SoilGrids_2.0_Unavailable,API_503_SERVICE_TEMPORARILY_UNAVAILABLE
GLC-REAL-2420,observed_landslide,,,,,,,ISRIC_SoilGrids_2.0_Unavailable,API_503_SERVICE_TEMPORARILY_UNAVAILABLE
GLC-REAL-264,observed_landslide,,,,,,,ISRIC_SoilGrids_2.0_Unavailable,API_503_SERVICE_TEMPORARILY_UNAVAILABLE
GLC-REAL-6214,observed_landslide,,,,,,,ISRIC_SoilGrids_2.0_Unavailable,API_503_SERVICE_TEMPORARILY_UNAVAILABLE
GLC-REAL-252,observed_landslide,,,,,,,ISRIC_SoilGrids_2.0_Unavailable,API_503_SERVICE_TEMPORARILY_UNAVAILABLE
GLC-REAL-142,observed_landslide,,,,,,,ISRIC_SoilGrids_2.0_Unavailable,API_503_SERVICE_TEMPORARILY_UNAVAILABLE
GLC-REAL-7384,observed_landslide,,,,,,,ISRIC_SoilGrids_2.0_Unavailable,API_503_SERVICE_TEMPORARILY_UNAVAILABLE
GLC-REAL-211,observed_landslide,,,,,,,ISRIC_SoilGrids_2.0_Unavailable,API_503_SERVICE_TEMPORARILY_UNAVAILABLE
GLC-REAL-4384,observed_landslide,,,,,,,ISRIC_SoilGrids_2.0_Unavailable,API_503_SERVICE_TEMPORARILY_UNAVAILABLE
GLC-REAL-4383,observed_landslide,,,,,,,ISRIC_SoilGrids_2.0_Unavailable,API_503_SERVICE_TEMPORARILY_UNAVAILABLE
GLC-REAL-7375,observed_landslide,,,,,,,ISRIC_SoilGrids_2.0_Unavailable,API_503_SERVICE_TEMPORARILY_UNAVAILABLE
GLC-REAL-2163,observed_landslide,,,,,,,ISRIC_SoilGrids_2.0_Unavailable,API_503_SERVICE_TEMPORARILY_UNAVAILABLE
GLC-REAL-3932,observed_landslide,,,,,,,ISRIC_SoilGrids_2.0_Unavailable,API_503_SERVICE_TEMPORARILY_UNAVAILABLE
GLC-REAL-4861,observed_landslide,,,,,,,ISRIC_SoilGrids_2.0_Unavailable,API_503_SERVICE_TEMPORARILY_UNAVAILABLE
GLC-REAL-7972,observed_landslide,,,,,,,ISRIC_SoilGrids_2.0_Unavailable,API_503_SERVICE_TEMPORARILY_UNAVAILABLE
GLC-REAL-3831,observed_landslide,,,,,,,ISRIC_SoilGrids_2.0_Unavailable,API_503_SERVICE_TEMPORARILY_UNAVAILABLE
GLC-REAL-5584,observed_landslide,,,,,,,ISRIC_SoilGrids_2.0_Unavailable,API_503_SERVICE_TEMPORARILY_UNAVAILABLE
GLC-REAL-1986,observed_landslide,,,,,,,ISRIC_SoilGrids_2.0_Unavailable,API_503_SERVICE_TEMPORARILY_UNAVAILABLE
GLC-REAL-7387,observed_landslide,,,,,,,ISRIC_SoilGrids_2.0_Unavailable,API_503_SERVICE_TEMPORARILY_UNAVAILABLE
GLC-REAL-2573,observed_landslide,,,,,,,ISRIC_SoilGrids_2.0_Unavailable,API_503_SERVICE_TEMPORARILY_UNAVAILABLE
GLC-REAL-319,observed_landslide,,,,,,,ISRIC_SoilGrids_2.0_Unavailable,API_503_SERVICE_TEMPORARILY_UNAVAILABLE
GLC-REAL-313,observed_landslide,,,,,,,ISRIC_SoilGrids_2.0_Unavailable,API_503_SERVICE_TEMPORARILY_UNAVAILABLE
GLC-REAL-9010,observed_landslide,,,,,,,ISRIC_SoilGrids_2.0_Unavailable,API_503_SERVICE_TEMPORARILY_UNAVAILABLE
GLC-REAL-2539,observed_landslide,,,,,,,ISRIC_SoilGrids_2.0_Unavailable,API_503_SERVICE_TEMPORARILY_UNAVAILABLE
GLC-REAL-6331,observed_landslide,,,,,,,ISRIC_SoilGrids_2.0_Unavailable,API_503_SERVICE_TEMPORARILY_UNAVAILABLE
GLC-REAL-1987,observed_landslide,,,,,,,ISRIC_SoilGrids_2.0_Unavailable,API_503_SERVICE_TEMPORARILY_UNAVAILABLE
GLC-REAL-2043,observed_landslide,,,,,,,ISRIC_SoilGrids_2.0_Unavailable,API_503_SERVICE_TEMPORARILY_UNAVAILABLE
GLC-REAL-7910,observed_landslide,,,,,,,ISRIC_SoilGrids_2.0_Unavailable,API_503_SERVICE_TEMPORARILY_UNAVAILABLE
GLC-REAL-6775,observed_landslide,,,,,,,ISRIC_SoilGrids_2.0_Unavailable,API_503_SERVICE_TEMPORARILY_UNAVAILABLE
GLC-REAL-1776,observed_landslide,,,,,,,ISRIC_SoilGrids_2.0_Unavailable,API_503_SERVICE_TEMPORARILY_UNAVAILABLE
GLC-REAL-6786,observed_landslide,,,,,,,ISRIC_SoilGrids_2.0_Unavailable,API_503_SERVICE_TEMPORARILY_UNAVAILABLE
GLC-REAL-6291,observed_landslide,,,,,,,ISRIC_SoilGrids_2.0_Unavailable,API_503_SERVICE_TEMPORARILY_UNAVAILABLE
GLC-REAL-6213,observed_landslide,,,,,,,ISRIC_SoilGrids_2.0_Unavailable,API_503_SERVICE_TEMPORARILY_UNAVAILABLE
GLC-REAL-2415,observed_landslide,,,,,,,ISRIC_SoilGrids_2.0_Unavailable,API_503_SERVICE_TEMPORARILY_UNAVAILABLE
GLC-REAL-9336,observed_landslide,,,,,,,ISRIC_SoilGrids_2.0_Unavailable,API_503_SERVICE_TEMPORARILY_UNAVAILABLE
GLC-REAL-7837,observed_landslide,,,,,,,ISRIC_SoilGrids_2.0_Unavailable,API_503_SERVICE_TEMPORARILY_UNAVAILABLE
GLC-REAL-7267,observed_landslide,,,,,,,ISRIC_SoilGrids_2.0_Unavailable,API_503_SERVICE_TEMPORARILY_UNAVAILABLE
GLC-REAL-4848,observed_landslide,,,,,,,ISRIC_SoilGrids_2.0_Unavailable,API_503_SERVICE_TEMPORARILY_UNAVAILABLE
GLC-REAL-9122,observed_landslide,,,,,,,ISRIC_SoilGrids_2.0_Unavailable,API_503_SERVICE_TEMPORARILY_UNAVAILABLE
GLC-REAL-2574,observed_landslide,,,,,,,ISRIC_SoilGrids_2.0_Unavailable,API_503_SERVICE_TEMPORARILY_UNAVAILABLE
GLC-REAL-6282,observed_landslide,,,,,,,ISRIC_SoilGrids_2.0_Unavailable,API_503_SERVICE_TEMPORARILY_UNAVAILABLE
GLC-REAL-2263,observed_landslide,,,,,,,ISRIC_SoilGrids_2.0_Unavailable,API_503_SERVICE_TEMPORARILY_UNAVAILABLE
GLC-REAL-6289,observed_landslide,,,,,,,ISRIC_SoilGrids_2.0_Unavailable,API_503_SERVICE_TEMPORARILY_UNAVAILABLE
GLC-REAL-9087,observed_landslide,,,,,,,ISRIC_SoilGrids_2.0_Unavailable,API_503_SERVICE_TEMPORARILY_UNAVAILABLE
GLC-REAL-130,observed_landslide,,,,,,,ISRIC_SoilGrids_2.0_Unavailable,API_503_SERVICE_TEMPORARILY_UNAVAILABLE
BG-NER-0001,background,,,,,,,ISRIC_SoilGrids_2.0_Unavailable,API_503_SERVICE_TEMPORARILY_UNAVAILABLE
BG-NER-0002,background,,,,,,,ISRIC_SoilGrids_2.0_Unavailable,API_503_SERVICE_TEMPORARILY_UNAVAILABLE
BG-NER-0003,background,,,,,,,ISRIC_SoilGrids_2.0_Unavailable,API_503_SERVICE_TEMPORARILY_UNAVAILABLE
BG-NER-0004,background,,,,,,,ISRIC_SoilGrids_2.0_Unavailable,API_503_SERVICE_TEMPORARILY_UNAVAILABLE
BG-NER-0005,background,,,,,,,ISRIC_SoilGrids_2.0_Unavailable,API_503_SERVICE_TEMPORARILY_UNAVAILABLE
BG-NER-0006,background,,,,,,,ISRIC_SoilGrids_2.0_Unavailable,API_503_SERVICE_TEMPORARILY_UNAVAILABLE
BG-NER-0007,background,,,,,,,ISRIC_SoilGrids_2.0_Unavailable,API_503_SERVICE_TEMPORARILY_UNAVAILABLE
BG-NER-0008,background,,,,,,,ISRIC_SoilGrids_2.0_Unavailable,API_503_SERVICE_TEMPORARILY_UNAVAILABLE
BG-NER-0009,background,,,,,,,ISRIC_SoilGrids_2.0_Unavailable,API_503_SERVICE_TEMPORARILY_UNAVAILABLE
BG-NER-0010,background,,,,,,,ISRIC_SoilGrids_2.0_Unavailable,API_503_SERVICE_TEMPORARILY_UNAVAILABLE
BG-NER-0011,background,,,,,,,ISRIC_SoilGrids_2.0_Unavailable,API_503_SERVICE_TEMPORARILY_UNAVAILABLE
BG-NER-0012,background,,,,,,,ISRIC_SoilGrids_2.0_Unavailable,API_503_SERVICE_TEMPORARILY_UNAVAILABLE
BG-NER-0013,background,,,,,,,ISRIC_SoilGrids_2.0_Unavailable,API_503_SERVICE_TEMPORARILY_UNAVAILABLE
BG-NER-0014,background,,,,,,,ISRIC_SoilGrids_2.0_Unavailable,API_503_SERVICE_TEMPORARILY_UNAVAILABLE
BG-NER-0015,background,,,,,,,ISRIC_SoilGrids_2.0_Unavailable,API_503_SERVICE_TEMPORARILY_UNAVAILABLE
BG-NER-0016,background,,,,,,,ISRIC_SoilGrids_2.0_Unavailable,API_503_SERVICE_TEMPORARILY_UNAVAILABLE
BG-NER-0017,background,,,,,,,ISRIC_SoilGrids_2.0_Unavailable,API_503_SERVICE_TEMPORARILY_UNAVAILABLE
BG-NER-0018,background,,,,,,,ISRIC_SoilGrids_2.0_Unavailable,API_503_SERVICE_TEMPORARILY_UNAVAILABLE
BG-NER-0019,background,,,,,,,ISRIC_SoilGrids_2.0_Unavailable,API_503_SERVICE_TEMPORARILY_UNAVAILABLE
BG-NER-0020,background,,,,,,,ISRIC_SoilGrids_2.0_Unavailable,API_503_SERVICE_TEMPORARILY_UNAVAILABLE
BG-NER-0021,background,,,,,,,ISRIC_SoilGrids_2.0_Unavailable,API_503_SERVICE_TEMPORARILY_UNAVAILABLE
BG-NER-0022,background,,,,,,,ISRIC_SoilGrids_2.0_Unavailable,API_503_SERVICE_TEMPORARILY_UNAVAILABLE
BG-NER-0023,background,,,,,,,ISRIC_SoilGrids_2.0_Unavailable,API_503_SERVICE_TEMPORARILY_UNAVAILABLE
BG-NER-0024,background,,,,,,,ISRIC_SoilGrids_2.0_Unavailable,API_503_SERVICE_TEMPORARILY_UNAVAILABLE
BG-NER-0025,background,,,,,,,ISRIC_SoilGrids_2.0_Unavailable,API_503_SERVICE_TEMPORARILY_UNAVAILABLE
BG-NER-0026,background,,,,,,,ISRIC_SoilGrids_2.0_Unavailable,API_503_SERVICE_TEMPORARILY_UNAVAILABLE
BG-NER-0027,background,,,,,,,ISRIC_SoilGrids_2.0_Unavailable,API_503_SERVICE_TEMPORARILY_UNAVAILABLE
BG-NER-0028,background,,,,,,,ISRIC_SoilGrids_2.0_Unavailable,API_503_SERVICE_TEMPORARILY_UNAVAILABLE
BG-NER-0029,background,,,,,,,ISRIC_SoilGrids_2.0_Unavailable,API_503_SERVICE_TEMPORARILY_UNAVAILABLE
BG-NER-0030,background,,,,,,,ISRIC_SoilGrids_2.0_Unavailable,API_503_SERVICE_TEMPORARILY_UNAVAILABLE
BG-NER-0031,background,,,,,,,ISRIC_SoilGrids_2.0_Unavailable,API_503_SERVICE_TEMPORARILY_UNAVAILABLE
BG-NER-0032,background,,,,,,,ISRIC_SoilGrids_2.0_Unavailable,API_503_SERVICE_TEMPORARILY_UNAVAILABLE
BG-NER-0033,background,,,,,,,ISRIC_SoilGrids_2.0_Unavailable,API_503_SERVICE_TEMPORARILY_UNAVAILABLE
BG-NER-0034,background,,,,,,,ISRIC_SoilGrids_2.0_Unavailable,API_503_SERVICE_TEMPORARILY_UNAVAILABLE
BG-NER-0035,background,,,,,,,ISRIC_SoilGrids_2.0_Unavailable,API_503_SERVICE_TEMPORARILY_UNAVAILABLE
BG-NER-0036,background,,,,,,,ISRIC_SoilGrids_2.0_Unavailable,API_503_SERVICE_TEMPORARILY_UNAVAILABLE
BG-NER-0037,background,,,,,,,ISRIC_SoilGrids_2.0_Unavailable,API_503_SERVICE_TEMPORARILY_UNAVAILABLE
BG-NER-0038,background,,,,,,,ISRIC_SoilGrids_2.0_Unavailable,API_503_SERVICE_TEMPORARILY_UNAVAILABLE
BG-NER-0039,background,,,,,,,ISRIC_SoilGrids_2.0_Unavailable,API_503_SERVICE_TEMPORARILY_UNAVAILABLE
BG-NER-0040,background,,,,,,,ISRIC_SoilGrids_2.0_Unavailable,API_503_SERVICE_TEMPORARILY_UNAVAILABLE
BG-NER-0041,background,,,,,,,ISRIC_SoilGrids_2.0_Unavailable,API_503_SERVICE_TEMPORARILY_UNAVAILABLE
BG-NER-0042,background,,,,,,,ISRIC_SoilGrids_2.0_Unavailable,API_503_SERVICE_TEMPORARILY_UNAVAILABLE
BG-NER-0043,background,,,,,,,ISRIC_SoilGrids_2.0_Unavailable,API_503_SERVICE_TEMPORARILY_UNAVAILABLE
BG-NER-0044,background,,,,,,,ISRIC_SoilGrids_2.0_Unavailable,API_503_SERVICE_TEMPORARILY_UNAVAILABLE
BG-NER-0045,background,,,,,,,ISRIC_SoilGrids_2.0_Unavailable,API_503_SERVICE_TEMPORARILY_UNAVAILABLE
BG-NER-0046,background,,,,,,,ISRIC_SoilGrids_2.0_Unavailable,API_503_SERVICE_TEMPORARILY_UNAVAILABLE
BG-NER-0047,background,,,,,,,ISRIC_SoilGrids_2.0_Unavailable,API_503_SERVICE_TEMPORARILY_UNAVAILABLE
BG-NER-0048,background,,,,,,,ISRIC_SoilGrids_2.0_Unavailable,API_503_SERVICE_TEMPORARILY_UNAVAILABLE
BG-NER-0049,background,,,,,,,ISRIC_SoilGrids_2.0_Unavailable,API_503_SERVICE_TEMPORARILY_UNAVAILABLE
BG-NER-0050,background,,,,,,,ISRIC_SoilGrids_2.0_Unavailable,API_503_SERVICE_TEMPORARILY_UNAVAILABLE
BG-NER-0051,background,,,,,,,ISRIC_SoilGrids_2.0_Unavailable,API_503_SERVICE_TEMPORARILY_UNAVAILABLE
BG-NER-0052,background,,,,,,,ISRIC_SoilGrids_2.0_Unavailable,API_503_SERVICE_TEMPORARILY_UNAVAILABLE
BG-NER-0053,background,,,,,,,ISRIC_SoilGrids_2.0_Unavailable,API_503_SERVICE_TEMPORARILY_UNAVAILABLE
BG-NER-0054,background,,,,,,,ISRIC_SoilGrids_2.0_Unavailable,API_503_SERVICE_TEMPORARILY_UNAVAILABLE
BG-NER-0055,background,,,,,,,ISRIC_SoilGrids_2.0_Unavailable,API_503_SERVICE_TEMPORARILY_UNAVAILABLE
BG-NER-0056,background,,,,,,,ISRIC_SoilGrids_2.0_Unavailable,API_503_SERVICE_TEMPORARILY_UNAVAILABLE
BG-NER-0057,background,,,,,,,ISRIC_SoilGrids_2.0_Unavailable,API_503_SERVICE_TEMPORARILY_UNAVAILABLE
BG-NER-0058,background,,,,,,,ISRIC_SoilGrids_2.0_Unavailable,API_503_SERVICE_TEMPORARILY_UNAVAILABLE
BG-NER-0059,background,,,,,,,ISRIC_SoilGrids_2.0_Unavailable,API_503_SERVICE_TEMPORARILY_UNAVAILABLE
BG-NER-0060,background,,,,,,,ISRIC_SoilGrids_2.0_Unavailable,API_503_SERVICE_TEMPORARILY_UNAVAILABLE
BG-NER-0061,background,,,,,,,ISRIC_SoilGrids_2.0_Unavailable,API_503_SERVICE_TEMPORARILY_UNAVAILABLE
BG-NER-0062,background,,,,,,,ISRIC_SoilGrids_2.0_Unavailable,API_503_SERVICE_TEMPORARILY_UNAVAILABLE
BG-NER-0063,background,,,,,,,ISRIC_SoilGrids_2.0_Unavailable,API_503_SERVICE_TEMPORARILY_UNAVAILABLE
BG-NER-0064,background,,,,,,,ISRIC_SoilGrids_2.0_Unavailable,API_503_SERVICE_TEMPORARILY_UNAVAILABLE
BG-NER-0065,background,,,,,,,ISRIC_SoilGrids_2.0_Unavailable,API_503_SERVICE_TEMPORARILY_UNAVAILABLE
BG-NER-0066,background,,,,,,,ISRIC_SoilGrids_2.0_Unavailable,API_503_SERVICE_TEMPORARILY_UNAVAILABLE
BG-NER-0067,background,,,,,,,ISRIC_SoilGrids_2.0_Unavailable,API_503_SERVICE_TEMPORARILY_UNAVAILABLE
BG-NER-0068,background,,,,,,,ISRIC_SoilGrids_2.0_Unavailable,API_503_SERVICE_TEMPORARILY_UNAVAILABLE
BG-NER-0069,background,,,,,,,ISRIC_SoilGrids_2.0_Unavailable,API_503_SERVICE_TEMPORARILY_UNAVAILABLE
BG-NER-0070,background,,,,,,,ISRIC_SoilGrids_2.0_Unavailable,API_503_SERVICE_TEMPORARILY_UNAVAILABLE
BG-NER-0071,background,,,,,,,ISRIC_SoilGrids_2.0_Unavailable,API_503_SERVICE_TEMPORARILY_UNAVAILABLE
BG-NER-0072,background,,,,,,,ISRIC_SoilGrids_2.0_Unavailable,API_503_SERVICE_TEMPORARILY_UNAVAILABLE
BG-NER-0073,background,,,,,,,ISRIC_SoilGrids_2.0_Unavailable,API_503_SERVICE_TEMPORARILY_UNAVAILABLE
BG-NER-0074,background,,,,,,,ISRIC_SoilGrids_2.0_Unavailable,API_503_SERVICE_TEMPORARILY_UNAVAILABLE
BG-NER-0075,background,,,,,,,ISRIC_SoilGrids_2.0_Unavailable,API_503_SERVICE_TEMPORARILY_UNAVAILABLE
BG-NER-0076,background,,,,,,,ISRIC_SoilGrids_2.0_Unavailable,API_503_SERVICE_TEMPORARILY_UNAVAILABLE
BG-NER-0077,background,,,,,,,ISRIC_SoilGrids_2.0_Unavailable,API_503_SERVICE_TEMPORARILY_UNAVAILABLE
BG-NER-0078,background,,,,,,,ISRIC_SoilGrids_2.0_Unavailable,API_503_SERVICE_TEMPORARILY_UNAVAILABLE
BG-NER-0079,background,,,,,,,ISRIC_SoilGrids_2.0_Unavailable,API_503_SERVICE_TEMPORARILY_UNAVAILABLE
BG-NER-0080,background,,,,,,,ISRIC_SoilGrids_2.0_Unavailable,API_503_SERVICE_TEMPORARILY_UNAVAILABLE
BG-NER-0081,background,,,,,,,ISRIC_SoilGrids_2.0_Unavailable,API_503_SERVICE_TEMPORARILY_UNAVAILABLE
BG-NER-0082,background,,,,,,,ISRIC_SoilGrids_2.0_Unavailable,API_503_SERVICE_TEMPORARILY_UNAVAILABLE
BG-NER-0083,background,,,,,,,ISRIC_SoilGrids_2.0_Unavailable,API_503_SERVICE_TEMPORARILY_UNAVAILABLE
BG-NER-0084,background,,,,,,,ISRIC_SoilGrids_2.0_Unavailable,API_503_SERVICE_TEMPORARILY_UNAVAILABLE
BG-NER-0085,background,,,,,,,ISRIC_SoilGrids_2.0_Unavailable,API_503_SERVICE_TEMPORARILY_UNAVAILABLE
BG-NER-0086,background,,,,,,,ISRIC_SoilGrids_2.0_Unavailable,API_503_SERVICE_TEMPORARILY_UNAVAILABLE
BG-NER-0087,background,,,,,,,ISRIC_SoilGrids_2.0_Unavailable,API_503_SERVICE_TEMPORARILY_UNAVAILABLE
BG-NER-0088,background,,,,,,,ISRIC_SoilGrids_2.0_Unavailable,API_503_SERVICE_TEMPORARILY_UNAVAILABLE
BG-NER-0089,background,,,,,,,ISRIC_SoilGrids_2.0_Unavailable,API_503_SERVICE_TEMPORARILY_UNAVAILABLE
BG-NER-0090,background,,,,,,,ISRIC_SoilGrids_2.0_Unavailable,API_503_SERVICE_TEMPORARILY_UNAVAILABLE
BG-NER-0091,background,,,,,,,ISRIC_SoilGrids_2.0_Unavailable,API_503_SERVICE_TEMPORARILY_UNAVAILABLE
BG-NER-0092,background,,,,,,,ISRIC_SoilGrids_2.0_Unavailable,API_503_SERVICE_TEMPORARILY_UNAVAILABLE
BG-NER-0093,background,,,,,,,ISRIC_SoilGrids_2.0_Unavailable,API_503_SERVICE_TEMPORARILY_UNAVAILABLE
BG-NER-0094,background,,,,,,,ISRIC_SoilGrids_2.0_Unavailable,API_503_SERVICE_TEMPORARILY_UNAVAILABLE
BG-NER-0095,background,,,,,,,ISRIC_SoilGrids_2.0_Unavailable,API_503_SERVICE_TEMPORARILY_UNAVAILABLE
BG-NER-0096,background,,,,,,,ISRIC_SoilGrids_2.0_Unavailable,API_503_SERVICE_TEMPORARILY_UNAVAILABLE
BG-NER-0097,background,,,,,,,ISRIC_SoilGrids_2.0_Unavailable,API_503_SERVICE_TEMPORARILY_UNAVAILABLE
BG-NER-0098,background,,,,,,,ISRIC_SoilGrids_2.0_Unavailable,API_503_SERVICE_TEMPORARILY_UNAVAILABLE
BG-NER-0099,background,,,,,,,ISRIC_SoilGrids_2.0_Unavailable,API_503_SERVICE_TEMPORARILY_UNAVAILABLE
BG-NER-0100,background,,,,,,,ISRIC_SoilGrids_2.0_Unavailable,API_503_SERVICE_TEMPORARILY_UNAVAILABLE
BG-NER-0101,background,,,,,,,ISRIC_SoilGrids_2.0_Unavailable,API_503_SERVICE_TEMPORARILY_UNAVAILABLE
BG-NER-0102,background,,,,,,,ISRIC_SoilGrids_2.0_Unavailable,API_503_SERVICE_TEMPORARILY_UNAVAILABLE
BG-NER-0103,background,,,,,,,ISRIC_SoilGrids_2.0_Unavailable,API_503_SERVICE_TEMPORARILY_UNAVAILABLE
BG-NER-0104,background,,,,,,,ISRIC_SoilGrids_2.0_Unavailable,API_503_SERVICE_TEMPORARILY_UNAVAILABLE
BG-NER-0105,background,,,,,,,ISRIC_SoilGrids_2.0_Unavailable,API_503_SERVICE_TEMPORARILY_UNAVAILABLE
BG-NER-0106,background,,,,,,,ISRIC_SoilGrids_2.0_Unavailable,API_503_SERVICE_TEMPORARILY_UNAVAILABLE
BG-NER-0107,background,,,,,,,ISRIC_SoilGrids_2.0_Unavailable,API_503_SERVICE_TEMPORARILY_UNAVAILABLE
BG-NER-0108,background,,,,,,,ISRIC_SoilGrids_2.0_Unavailable,API_503_SERVICE_TEMPORARILY_UNAVAILABLE
BG-NER-0109,background,,,,,,,ISRIC_SoilGrids_2.0_Unavailable,API_503_SERVICE_TEMPORARILY_UNAVAILABLE
BG-NER-0110,background,,,,,,,ISRIC_SoilGrids_2.0_Unavailable,API_503_SERVICE_TEMPORARILY_UNAVAILABLE
BG-NER-0111,background,,,,,,,ISRIC_SoilGrids_2.0_Unavailable,API_503_SERVICE_TEMPORARILY_UNAVAILABLE
BG-NER-0112,background,,,,,,,ISRIC_SoilGrids_2.0_Unavailable,API_503_SERVICE_TEMPORARILY_UNAVAILABLE
BG-NER-0113,background,,,,,,,ISRIC_SoilGrids_2.0_Unavailable,API_503_SERVICE_TEMPORARILY_UNAVAILABLE
BG-NER-0114,background,,,,,,,ISRIC_SoilGrids_2.0_Unavailable,API_503_SERVICE_TEMPORARILY_UNAVAILABLE
BG-NER-0115,background,,,,,,,ISRIC_SoilGrids_2.0_Unavailable,API_503_SERVICE_TEMPORARILY_UNAVAILABLE
BG-NER-0116,background,,,,,,,ISRIC_SoilGrids_2.0_Unavailable,API_503_SERVICE_TEMPORARILY_UNAVAILABLE
BG-NER-0117,background,,,,,,,ISRIC_SoilGrids_2.0_Unavailable,API_503_SERVICE_TEMPORARILY_UNAVAILABLE
BG-NER-0118,background,,,,,,,ISRIC_SoilGrids_2.0_Unavailable,API_503_SERVICE_TEMPORARILY_UNAVAILABLE
BG-NER-0119,background,,,,,,,ISRIC_SoilGrids_2.0_Unavailable,API_503_SERVICE_TEMPORARILY_UNAVAILABLE
BG-NER-0120,background,,,,,,,ISRIC_SoilGrids_2.0_Unavailable,API_503_SERVICE_TEMPORARILY_UNAVAILABLE
BG-NER-0121,background,,,,,,,ISRIC_SoilGrids_2.0_Unavailable,API_503_SERVICE_TEMPORARILY_UNAVAILABLE
BG-NER-0122,background,,,,,,,ISRIC_SoilGrids_2.0_Unavailable,API_503_SERVICE_TEMPORARILY_UNAVAILABLE
BG-NER-0123,background,,,,,,,ISRIC_SoilGrids_2.0_Unavailable,API_503_SERVICE_TEMPORARILY_UNAVAILABLE
BG-NER-0124,background,,,,,,,ISRIC_SoilGrids_2.0_Unavailable,API_503_SERVICE_TEMPORARILY_UNAVAILABLE
BG-NER-0125,background,,,,,,,ISRIC_SoilGrids_2.0_Unavailable,API_503_SERVICE_TEMPORARILY_UNAVAILABLE
BG-NER-0126,background,,,,,,,ISRIC_SoilGrids_2.0_Unavailable,API_503_SERVICE_TEMPORARILY_UNAVAILABLE
BG-NER-0127,background,,,,,,,ISRIC_SoilGrids_2.0_Unavailable,API_503_SERVICE_TEMPORARILY_UNAVAILABLE
BG-NER-0128,background,,,,,,,ISRIC_SoilGrids_2.0_Unavailable,API_503_SERVICE_TEMPORARILY_UNAVAILABLE
BG-NER-0129,background,,,,,,,ISRIC_SoilGrids_2.0_Unavailable,API_503_SERVICE_TEMPORARILY_UNAVAILABLE
BG-NER-0130,background,,,,,,,ISRIC_SoilGrids_2.0_Unavailable,API_503_SERVICE_TEMPORARILY_UNAVAILABLE
BG-NER-0131,background,,,,,,,ISRIC_SoilGrids_2.0_Unavailable,API_503_SERVICE_TEMPORARILY_UNAVAILABLE
BG-NER-0132,background,,,,,,,ISRIC_SoilGrids_2.0_Unavailable,API_503_SERVICE_TEMPORARILY_UNAVAILABLE
BG-NER-0133,background,,,,,,,ISRIC_SoilGrids_2.0_Unavailable,API_503_SERVICE_TEMPORARILY_UNAVAILABLE
BG-NER-0134,background,,,,,,,ISRIC_SoilGrids_2.0_Unavailable,API_503_SERVICE_TEMPORARILY_UNAVAILABLE
BG-NER-0135,background,,,,,,,ISRIC_SoilGrids_2.0_Unavailable,API_503_SERVICE_TEMPORARILY_UNAVAILABLE
BG-NER-0136,background,,,,,,,ISRIC_SoilGrids_2.0_Unavailable,API_503_SERVICE_TEMPORARILY_UNAVAILABLE
BG-NER-0137,background,,,,,,,ISRIC_SoilGrids_2.0_Unavailable,API_503_SERVICE_TEMPORARILY_UNAVAILABLE
BG-NER-0138,background,,,,,,,ISRIC_SoilGrids_2.0_Unavailable,API_503_SERVICE_TEMPORARILY_UNAVAILABLE
BG-NER-0139,background,,,,,,,ISRIC_SoilGrids_2.0_Unavailable,API_503_SERVICE_TEMPORARILY_UNAVAILABLE
BG-NER-0140,background,,,,,,,ISRIC_SoilGrids_2.0_Unavailable,API_503_SERVICE_TEMPORARILY_UNAVAILABLE
BG-NER-0141,background,,,,,,,ISRIC_SoilGrids_2.0_Unavailable,API_503_SERVICE_TEMPORARILY_UNAVAILABLE
BG-NER-0142,background,,,,,,,ISRIC_SoilGrids_2.0_Unavailable,API_503_SERVICE_TEMPORARILY_UNAVAILABLE
BG-NER-0143,background,,,,,,,ISRIC_SoilGrids_2.0_Unavailable,API_503_SERVICE_TEMPORARILY_UNAVAILABLE
BG-NER-0144,background,,,,,,,ISRIC_SoilGrids_2.0_Unavailable,API_503_SERVICE_TEMPORARILY_UNAVAILABLE
BG-NER-0145,background,,,,,,,ISRIC_SoilGrids_2.0_Unavailable,API_503_SERVICE_TEMPORARILY_UNAVAILABLE
BG-NER-0146,background,,,,,,,ISRIC_SoilGrids_2.0_Unavailable,API_503_SERVICE_TEMPORARILY_UNAVAILABLE
BG-NER-0147,background,,,,,,,ISRIC_SoilGrids_2.0_Unavailable,API_503_SERVICE_TEMPORARILY_UNAVAILABLE
BG-NER-0148,background,,,,,,,ISRIC_SoilGrids_2.0_Unavailable,API_503_SERVICE_TEMPORARILY_UNAVAILABLE
BG-NER-0149,background,,,,,,,ISRIC_SoilGrids_2.0_Unavailable,API_503_SERVICE_TEMPORARILY_UNAVAILABLE
BG-NER-0150,background,,,,,,,ISRIC_SoilGrids_2.0_Unavailable,API_503_SERVICE_TEMPORARILY_UNAVAILABLE
BG-NER-0151,background,,,,,,,ISRIC_SoilGrids_2.0_Unavailable,API_503_SERVICE_TEMPORARILY_UNAVAILABLE
BG-NER-0152,background,,,,,,,ISRIC_SoilGrids_2.0_Unavailable,API_503_SERVICE_TEMPORARILY_UNAVAILABLE
BG-NER-0153,background,,,,,,,ISRIC_SoilGrids_2.0_Unavailable,API_503_SERVICE_TEMPORARILY_UNAVAILABLE
BG-NER-0154,background,,,,,,,ISRIC_SoilGrids_2.0_Unavailable,API_503_SERVICE_TEMPORARILY_UNAVAILABLE
BG-NER-0155,background,,,,,,,ISRIC_SoilGrids_2.0_Unavailable,API_503_SERVICE_TEMPORARILY_UNAVAILABLE
BG-NER-0156,background,,,,,,,ISRIC_SoilGrids_2.0_Unavailable,API_503_SERVICE_TEMPORARILY_UNAVAILABLE
BG-NER-0157,background,,,,,,,ISRIC_SoilGrids_2.0_Unavailable,API_503_SERVICE_TEMPORARILY_UNAVAILABLE
BG-NER-0158,background,,,,,,,ISRIC_SoilGrids_2.0_Unavailable,API_503_SERVICE_TEMPORARILY_UNAVAILABLE
BG-NER-0159,background,,,,,,,ISRIC_SoilGrids_2.0_Unavailable,API_503_SERVICE_TEMPORARILY_UNAVAILABLE
BG-NER-0160,background,,,,,,,ISRIC_SoilGrids_2.0_Unavailable,API_503_SERVICE_TEMPORARILY_UNAVAILABLE
BG-NER-0161,background,,,,,,,ISRIC_SoilGrids_2.0_Unavailable,API_503_SERVICE_TEMPORARILY_UNAVAILABLE
BG-NER-0162,background,,,,,,,ISRIC_SoilGrids_2.0_Unavailable,API_503_SERVICE_TEMPORARILY_UNAVAILABLE
BG-NER-0163,background,,,,,,,ISRIC_SoilGrids_2.0_Unavailable,API_503_SERVICE_TEMPORARILY_UNAVAILABLE
BG-NER-0164,background,,,,,,,ISRIC_SoilGrids_2.0_Unavailable,API_503_SERVICE_TEMPORARILY_UNAVAILABLE
BG-NER-0165,background,,,,,,,ISRIC_SoilGrids_2.0_Unavailable,API_503_SERVICE_TEMPORARILY_UNAVAILABLE
BG-NER-0166,background,,,,,,,ISRIC_SoilGrids_2.0_Unavailable,API_503_SERVICE_TEMPORARILY_UNAVAILABLE
BG-NER-0167,background,,,,,,,ISRIC_SoilGrids_2.0_Unavailable,API_503_SERVICE_TEMPORARILY_UNAVAILABLE
BG-NER-0168,background,,,,,,,ISRIC_SoilGrids_2.0_Unavailable,API_503_SERVICE_TEMPORARILY_UNAVAILABLE
BG-NER-0169,background,,,,,,,ISRIC_SoilGrids_2.0_Unavailable,API_503_SERVICE_TEMPORARILY_UNAVAILABLE
BG-NER-0170,background,,,,,,,ISRIC_SoilGrids_2.0_Unavailable,API_503_SERVICE_TEMPORARILY_UNAVAILABLE
BG-NER-0171,background,,,,,,,ISRIC_SoilGrids_2.0_Unavailable,API_503_SERVICE_TEMPORARILY_UNAVAILABLE
BG-NER-0172,background,,,,,,,ISRIC_SoilGrids_2.0_Unavailable,API_503_SERVICE_TEMPORARILY_UNAVAILABLE
BG-NER-0173,background,,,,,,,ISRIC_SoilGrids_2.0_Unavailable,API_503_SERVICE_TEMPORARILY_UNAVAILABLE
BG-NER-0174,background,,,,,,,ISRIC_SoilGrids_2.0_Unavailable,API_503_SERVICE_TEMPORARILY_UNAVAILABLE
BG-NER-0175,background,,,,,,,ISRIC_SoilGrids_2.0_Unavailable,API_503_SERVICE_TEMPORARILY_UNAVAILABLE
BG-NER-0176,background,,,,,,,ISRIC_SoilGrids_2.0_Unavailable,API_503_SERVICE_TEMPORARILY_UNAVAILABLE
BG-NER-0177,background,,,,,,,ISRIC_SoilGrids_2.0_Unavailable,API_503_SERVICE_TEMPORARILY_UNAVAILABLE
BG-NER-0178,background,,,,,,,ISRIC_SoilGrids_2.0_Unavailable,API_503_SERVICE_TEMPORARILY_UNAVAILABLE
BG-NER-0179,background,,,,,,,ISRIC_SoilGrids_2.0_Unavailable,API_503_SERVICE_TEMPORARILY_UNAVAILABLE
BG-NER-0180,background,,,,,,,ISRIC_SoilGrids_2.0_Unavailable,API_503_SERVICE_TEMPORARILY_UNAVAILABLE
BG-NER-0181,background,,,,,,,ISRIC_SoilGrids_2.0_Unavailable,API_503_SERVICE_TEMPORARILY_UNAVAILABLE
BG-NER-0182,background,,,,,,,ISRIC_SoilGrids_2.0_Unavailable,API_503_SERVICE_TEMPORARILY_UNAVAILABLE
BG-NER-0183,background,,,,,,,ISRIC_SoilGrids_2.0_Unavailable,API_503_SERVICE_TEMPORARILY_UNAVAILABLE
BG-NER-0184,background,,,,,,,ISRIC_SoilGrids_2.0_Unavailable,API_503_SERVICE_TEMPORARILY_UNAVAILABLE
BG-NER-0185,background,,,,,,,ISRIC_SoilGrids_2.0_Unavailable,API_503_SERVICE_TEMPORARILY_UNAVAILABLE
BG-NER-0186,background,,,,,,,ISRIC_SoilGrids_2.0_Unavailable,API_503_SERVICE_TEMPORARILY_UNAVAILABLE
BG-NER-0187,background,,,,,,,ISRIC_SoilGrids_2.0_Unavailable,API_503_SERVICE_TEMPORARILY_UNAVAILABLE
BG-NER-0188,background,,,,,,,ISRIC_SoilGrids_2.0_Unavailable,API_503_SERVICE_TEMPORARILY_UNAVAILABLE
BG-NER-0189,background,,,,,,,ISRIC_SoilGrids_2.0_Unavailable,API_503_SERVICE_TEMPORARILY_UNAVAILABLE
BG-NER-0190,background,,,,,,,ISRIC_SoilGrids_2.0_Unavailable,API_503_SERVICE_TEMPORARILY_UNAVAILABLE
BG-NER-0191,background,,,,,,,ISRIC_SoilGrids_2.0_Unavailable,API_503_SERVICE_TEMPORARILY_UNAVAILABLE
BG-NER-0192,background,,,,,,,ISRIC_SoilGrids_2.0_Unavailable,API_503_SERVICE_TEMPORARILY_UNAVAILABLE
BG-NER-0193,background,,,,,,,ISRIC_SoilGrids_2.0_Unavailable,API_503_SERVICE_TEMPORARILY_UNAVAILABLE
BG-NER-0194,background,,,,,,,ISRIC_SoilGrids_2.0_Unavailable,API_503_SERVICE_TEMPORARILY_UNAVAILABLE
BG-NER-0195,background,,,,,,,ISRIC_SoilGrids_2.0_Unavailable,API_503_SERVICE_TEMPORARILY_UNAVAILABLE
BG-NER-0196,background,,,,,,,ISRIC_SoilGrids_2.0_Unavailable,API_503_SERVICE_TEMPORARILY_UNAVAILABLE
BG-NER-0197,background,,,,,,,ISRIC_SoilGrids_2.0_Unavailable,API_503_SERVICE_TEMPORARILY_UNAVAILABLE
BG-NER-0198,background,,,,,,,ISRIC_SoilGrids_2.0_Unavailable,API_503_SERVICE_TEMPORARILY_UNAVAILABLE
BG-NER-0199,background,,,,,,,ISRIC_SoilGrids_2.0_Unavailable,API_503_SERVICE_TEMPORARILY_UNAVAILABLE
BG-NER-0200,background,,,,,,,ISRIC_SoilGrids_2.0_Unavailable,API_503_SERVICE_TEMPORARILY_UNAVAILABLE
BG-NER-0201,background,,,,,,,ISRIC_SoilGrids_2.0_Unavailable,API_503_SERVICE_TEMPORARILY_UNAVAILABLE
BG-NER-0202,background,,,,,,,ISRIC_SoilGrids_2.0_Unavailable,API_503_SERVICE_TEMPORARILY_UNAVAILABLE
BG-NER-0203,background,,,,,,,ISRIC_SoilGrids_2.0_Unavailable,API_503_SERVICE_TEMPORARILY_UNAVAILABLE
BG-NER-0204,background,,,,,,,ISRIC_SoilGrids_2.0_Unavailable,API_503_SERVICE_TEMPORARILY_UNAVAILABLE
BG-NER-0205,background,,,,,,,ISRIC_SoilGrids_2.0_Unavailable,API_503_SERVICE_TEMPORARILY_UNAVAILABLE
BG-NER-0206,background,,,,,,,ISRIC_SoilGrids_2.0_Unavailable,API_503_SERVICE_TEMPORARILY_UNAVAILABLE
BG-NER-0207,background,,,,,,,ISRIC_SoilGrids_2.0_Unavailable,API_503_SERVICE_TEMPORARILY_UNAVAILABLE
BG-NER-0208,background,,,,,,,ISRIC_SoilGrids_2.0_Unavailable,API_503_SERVICE_TEMPORARILY_UNAVAILABLE
BG-NER-0209,background,,,,,,,ISRIC_SoilGrids_2.0_Unavailable,API_503_SERVICE_TEMPORARILY_UNAVAILABLE
BG-NER-0210,background,,,,,,,ISRIC_SoilGrids_2.0_Unavailable,API_503_SERVICE_TEMPORARILY_UNAVAILABLE
BG-NER-0211,background,,,,,,,ISRIC_SoilGrids_2.0_Unavailable,API_503_SERVICE_TEMPORARILY_UNAVAILABLE
BG-NER-0212,background,,,,,,,ISRIC_SoilGrids_2.0_Unavailable,API_503_SERVICE_TEMPORARILY_UNAVAILABLE
BG-NER-0213,background,,,,,,,ISRIC_SoilGrids_2.0_Unavailable,API_503_SERVICE_TEMPORARILY_UNAVAILABLE
BG-NER-0214,background,,,,,,,ISRIC_SoilGrids_2.0_Unavailable,API_503_SERVICE_TEMPORARILY_UNAVAILABLE
BG-NER-0215,background,,,,,,,ISRIC_SoilGrids_2.0_Unavailable,API_503_SERVICE_TEMPORARILY_UNAVAILABLE
BG-NER-0216,background,,,,,,,ISRIC_SoilGrids_2.0_Unavailable,API_503_SERVICE_TEMPORARILY_UNAVAILABLE
BG-NER-0217,background,,,,,,,ISRIC_SoilGrids_2.0_Unavailable,API_503_SERVICE_TEMPORARILY_UNAVAILABLE
BG-NER-0218,background,,,,,,,ISRIC_SoilGrids_2.0_Unavailable,API_503_SERVICE_TEMPORARILY_UNAVAILABLE
BG-NER-0219,background,,,,,,,ISRIC_SoilGrids_2.0_Unavailable,API_503_SERVICE_TEMPORARILY_UNAVAILABLE
BG-NER-0220,background,,,,,,,ISRIC_SoilGrids_2.0_Unavailable,API_503_SERVICE_TEMPORARILY_UNAVAILABLE
BG-NER-0221,background,,,,,,,ISRIC_SoilGrids_2.0_Unavailable,API_503_SERVICE_TEMPORARILY_UNAVAILABLE
BG-NER-0222,background,,,,,,,ISRIC_SoilGrids_2.0_Unavailable,API_503_SERVICE_TEMPORARILY_UNAVAILABLE
BG-NER-0223,background,,,,,,,ISRIC_SoilGrids_2.0_Unavailable,API_503_SERVICE_TEMPORARILY_UNAVAILABLE
BG-NER-0224,background,,,,,,,ISRIC_SoilGrids_2.0_Unavailable,API_503_SERVICE_TEMPORARILY_UNAVAILABLE
BG-NER-0225,background,,,,,,,ISRIC_SoilGrids_2.0_Unavailable,API_503_SERVICE_TEMPORARILY_UNAVAILABLE
BG-NER-0226,background,,,,,,,ISRIC_SoilGrids_2.0_Unavailable,API_503_SERVICE_TEMPORARILY_UNAVAILABLE
BG-NER-0227,background,,,,,,,ISRIC_SoilGrids_2.0_Unavailable,API_503_SERVICE_TEMPORARILY_UNAVAILABLE
BG-NER-0228,background,,,,,,,ISRIC_SoilGrids_2.0_Unavailable,API_503_SERVICE_TEMPORARILY_UNAVAILABLE
BG-NER-0229,background,,,,,,,ISRIC_SoilGrids_2.0_Unavailable,API_503_SERVICE_TEMPORARILY_UNAVAILABLE
BG-NER-0230,background,,,,,,,ISRIC_SoilGrids_2.0_Unavailable,API_503_SERVICE_TEMPORARILY_UNAVAILABLE
BG-NER-0231,background,,,,,,,ISRIC_SoilGrids_2.0_Unavailable,API_503_SERVICE_TEMPORARILY_UNAVAILABLE
BG-NER-0232,background,,,,,,,ISRIC_SoilGrids_2.0_Unavailable,API_503_SERVICE_TEMPORARILY_UNAVAILABLE
BG-NER-0233,background,,,,,,,ISRIC_SoilGrids_2.0_Unavailable,API_503_SERVICE_TEMPORARILY_UNAVAILABLE
BG-NER-0234,background,,,,,,,ISRIC_SoilGrids_2.0_Unavailable,API_503_SERVICE_TEMPORARILY_UNAVAILABLE
BG-NER-0235,background,,,,,,,ISRIC_SoilGrids_2.0_Unavailable,API_503_SERVICE_TEMPORARILY_UNAVAILABLE
BG-NER-0236,background,,,,,,,ISRIC_SoilGrids_2.0_Unavailable,API_503_SERVICE_TEMPORARILY_UNAVAILABLE
BG-NER-0237,background,,,,,,,ISRIC_SoilGrids_2.0_Unavailable,API_503_SERVICE_TEMPORARILY_UNAVAILABLE
BG-NER-0238,background,,,,,,,ISRIC_SoilGrids_2.0_Unavailable,API_503_SERVICE_TEMPORARILY_UNAVAILABLE
BG-NER-0239,background,,,,,,,ISRIC_SoilGrids_2.0_Unavailable,API_503_SERVICE_TEMPORARILY_UNAVAILABLE
BG-NER-0240,background,,,,,,,ISRIC_SoilGrids_2.0_Unavailable,API_503_SERVICE_TEMPORARILY_UNAVAILABLE
BG-NER-0241,background,,,,,,,ISRIC_SoilGrids_2.0_Unavailable,API_503_SERVICE_TEMPORARILY_UNAVAILABLE
BG-NER-0242,background,,,,,,,ISRIC_SoilGrids_2.0_Unavailable,API_503_SERVICE_TEMPORARILY_UNAVAILABLE
BG-NER-0243,background,,,,,,,ISRIC_SoilGrids_2.0_Unavailable,API_503_SERVICE_TEMPORARILY_UNAVAILABLE
BG-NER-0244,background,,,,,,,ISRIC_SoilGrids_2.0_Unavailable,API_503_SERVICE_TEMPORARILY_UNAVAILABLE
BG-NER-0245,background,,,,,,,ISRIC_SoilGrids_2.0_Unavailable,API_503_SERVICE_TEMPORARILY_UNAVAILABLE
BG-NER-0246,background,,,,,,,ISRIC_SoilGrids_2.0_Unavailable,API_503_SERVICE_TEMPORARILY_UNAVAILABLE
BG-NER-0247,background,,,,,,,ISRIC_SoilGrids_2.0_Unavailable,API_503_SERVICE_TEMPORARILY_UNAVAILABLE
BG-NER-0248,background,,,,,,,ISRIC_SoilGrids_2.0_Unavailable,API_503_SERVICE_TEMPORARILY_UNAVAILABLE
BG-NER-0249,background,,,,,,,ISRIC_SoilGrids_2.0_Unavailable,API_503_SERVICE_TEMPORARILY_UNAVAILABLE
BG-NER-0250,background,,,,,,,ISRIC_SoilGrids_2.0_Unavailable,API_503_SERVICE_TEMPORARILY_UNAVAILABLE
BG-NER-0251,background,,,,,,,ISRIC_SoilGrids_2.0_Unavailable,API_503_SERVICE_TEMPORARILY_UNAVAILABLE
BG-NER-0252,background,,,,,,,ISRIC_SoilGrids_2.0_Unavailable,API_503_SERVICE_TEMPORARILY_UNAVAILABLE
BG-NER-0253,background,,,,,,,ISRIC_SoilGrids_2.0_Unavailable,API_503_SERVICE_TEMPORARILY_UNAVAILABLE
BG-NER-0254,background,,,,,,,ISRIC_SoilGrids_2.0_Unavailable,API_503_SERVICE_TEMPORARILY_UNAVAILABLE
BG-NER-0255,background,,,,,,,ISRIC_SoilGrids_2.0_Unavailable,API_503_SERVICE_TEMPORARILY_UNAVAILABLE
BG-NER-0256,background,,,,,,,ISRIC_SoilGrids_2.0_Unavailable,API_503_SERVICE_TEMPORARILY_UNAVAILABLE
BG-NER-0257,background,,,,,,,ISRIC_SoilGrids_2.0_Unavailable,API_503_SERVICE_TEMPORARILY_UNAVAILABLE
BG-NER-0258,background,,,,,,,ISRIC_SoilGrids_2.0_Unavailable,API_503_SERVICE_TEMPORARILY_UNAVAILABLE
BG-NER-0259,background,,,,,,,ISRIC_SoilGrids_2.0_Unavailable,API_503_SERVICE_TEMPORARILY_UNAVAILABLE
BG-NER-0260,background,,,,,,,ISRIC_SoilGrids_2.0_Unavailable,API_503_SERVICE_TEMPORARILY_UNAVAILABLE
BG-NER-0261,background,,,,,,,ISRIC_SoilGrids_2.0_Unavailable,API_503_SERVICE_TEMPORARILY_UNAVAILABLE
BG-NER-0262,background,,,,,,,ISRIC_SoilGrids_2.0_Unavailable,API_503_SERVICE_TEMPORARILY_UNAVAILABLE
BG-NER-0263,background,,,,,,,ISRIC_SoilGrids_2.0_Unavailable,API_503_SERVICE_TEMPORARILY_UNAVAILABLE
BG-NER-0264,background,,,,,,,ISRIC_SoilGrids_2.0_Unavailable,API_503_SERVICE_TEMPORARILY_UNAVAILABLE
BG-NER-0265,background,,,,,,,ISRIC_SoilGrids_2.0_Unavailable,API_503_SERVICE_TEMPORARILY_UNAVAILABLE
BG-NER-0266,background,,,,,,,ISRIC_SoilGrids_2.0_Unavailable,API_503_SERVICE_TEMPORARILY_UNAVAILABLE
BG-NER-0267,background,,,,,,,ISRIC_SoilGrids_2.0_Unavailable,API_503_SERVICE_TEMPORARILY_UNAVAILABLE
BG-NER-0268,background,,,,,,,ISRIC_SoilGrids_2.0_Unavailable,API_503_SERVICE_TEMPORARILY_UNAVAILABLE
BG-NER-0269,background,,,,,,,ISRIC_SoilGrids_2.0_Unavailable,API_503_SERVICE_TEMPORARILY_UNAVAILABLE
BG-NER-0270,background,,,,,,,ISRIC_SoilGrids_2.0_Unavailable,API_503_SERVICE_TEMPORARILY_UNAVAILABLE
BG-NER-0271,background,,,,,,,ISRIC_SoilGrids_2.0_Unavailable,API_503_SERVICE_TEMPORARILY_UNAVAILABLE
BG-NER-0272,background,,,,,,,ISRIC_SoilGrids_2.0_Unavailable,API_503_SERVICE_TEMPORARILY_UNAVAILABLE
BG-NER-0273,background,,,,,,,ISRIC_SoilGrids_2.0_Unavailable,API_503_SERVICE_TEMPORARILY_UNAVAILABLE
BG-NER-0274,background,,,,,,,ISRIC_SoilGrids_2.0_Unavailable,API_503_SERVICE_TEMPORARILY_UNAVAILABLE
BG-NER-0275,background,,,,,,,ISRIC_SoilGrids_2.0_Unavailable,API_503_SERVICE_TEMPORARILY_UNAVAILABLE
BG-NER-0276,background,,,,,,,ISRIC_SoilGrids_2.0_Unavailable,API_503_SERVICE_TEMPORARILY_UNAVAILABLE
BG-NER-0277,background,,,,,,,ISRIC_SoilGrids_2.0_Unavailable,API_503_SERVICE_TEMPORARILY_UNAVAILABLE
BG-NER-0278,background,,,,,,,ISRIC_SoilGrids_2.0_Unavailable,API_503_SERVICE_TEMPORARILY_UNAVAILABLE
BG-NER-0279,background,,,,,,,ISRIC_SoilGrids_2.0_Unavailable,API_503_SERVICE_TEMPORARILY_UNAVAILABLE
BG-NER-0280,background,,,,,,,ISRIC_SoilGrids_2.0_Unavailable,API_503_SERVICE_TEMPORARILY_UNAVAILABLE
BG-NER-0281,background,,,,,,,ISRIC_SoilGrids_2.0_Unavailable,API_503_SERVICE_TEMPORARILY_UNAVAILABLE
BG-NER-0282,background,,,,,,,ISRIC_SoilGrids_2.0_Unavailable,API_503_SERVICE_TEMPORARILY_UNAVAILABLE
BG-NER-0283,background,,,,,,,ISRIC_SoilGrids_2.0_Unavailable,API_503_SERVICE_TEMPORARILY_UNAVAILABLE
BG-NER-0284,background,,,,,,,ISRIC_SoilGrids_2.0_Unavailable,API_503_SERVICE_TEMPORARILY_UNAVAILABLE
BG-NER-0285,background,,,,,,,ISRIC_SoilGrids_2.0_Unavailable,API_503_SERVICE_TEMPORARILY_UNAVAILABLE
BG-NER-0286,background,,,,,,,ISRIC_SoilGrids_2.0_Unavailable,API_503_SERVICE_TEMPORARILY_UNAVAILABLE
BG-NER-0287,background,,,,,,,ISRIC_SoilGrids_2.0_Unavailable,API_503_SERVICE_TEMPORARILY_UNAVAILABLE
BG-NER-0288,background,,,,,,,ISRIC_SoilGrids_2.0_Unavailable,API_503_SERVICE_TEMPORARILY_UNAVAILABLE
BG-NER-0289,background,,,,,,,ISRIC_SoilGrids_2.0_Unavailable,API_503_SERVICE_TEMPORARILY_UNAVAILABLE
BG-NER-0290,background,,,,,,,ISRIC_SoilGrids_2.0_Unavailable,API_503_SERVICE_TEMPORARILY_UNAVAILABLE
BG-NER-0291,background,,,,,,,ISRIC_SoilGrids_2.0_Unavailable,API_503_SERVICE_TEMPORARILY_UNAVAILABLE
BG-NER-0292,background,,,,,,,ISRIC_SoilGrids_2.0_Unavailable,API_503_SERVICE_TEMPORARILY_UNAVAILABLE
BG-NER-0293,background,,,,,,,ISRIC_SoilGrids_2.0_Unavailable,API_503_SERVICE_TEMPORARILY_UNAVAILABLE
BG-NER-0294,background,,,,,,,ISRIC_SoilGrids_2.0_Unavailable,API_503_SERVICE_TEMPORARILY_UNAVAILABLE
BG-NER-0295,background,,,,,,,ISRIC_SoilGrids_2.0_Unavailable,API_503_SERVICE_TEMPORARILY_UNAVAILABLE
BG-NER-0296,background,,,,,,,ISRIC_SoilGrids_2.0_Unavailable,API_503_SERVICE_TEMPORARILY_UNAVAILABLE
BG-NER-0297,background,,,,,,,ISRIC_SoilGrids_2.0_Unavailable,API_503_SERVICE_TEMPORARILY_UNAVAILABLE
BG-NER-0298,background,,,,,,,ISRIC_SoilGrids_2.0_Unavailable,API_503_SERVICE_TEMPORARILY_UNAVAILABLE
BG-NER-0299,background,,,,,,,ISRIC_SoilGrids_2.0_Unavailable,API_503_SERVICE_TEMPORARILY_UNAVAILABLE
BG-NER-0300,background,,,,,,,ISRIC_SoilGrids_2.0_Unavailable,API_503_SERVICE_TEMPORARILY_UNAVAILABLE
BG-NER-0301,background,,,,,,,ISRIC_SoilGrids_2.0_Unavailable,API_503_SERVICE_TEMPORARILY_UNAVAILABLE
BG-NER-0302,background,,,,,,,ISRIC_SoilGrids_2.0_Unavailable,API_503_SERVICE_TEMPORARILY_UNAVAILABLE
BG-NER-0303,background,,,,,,,ISRIC_SoilGrids_2.0_Unavailable,API_503_SERVICE_TEMPORARILY_UNAVAILABLE
BG-NER-0304,background,,,,,,,ISRIC_SoilGrids_2.0_Unavailable,API_503_SERVICE_TEMPORARILY_UNAVAILABLE
BG-NER-0305,background,,,,,,,ISRIC_SoilGrids_2.0_Unavailable,API_503_SERVICE_TEMPORARILY_UNAVAILABLE
BG-NER-0306,background,,,,,,,ISRIC_SoilGrids_2.0_Unavailable,API_503_SERVICE_TEMPORARILY_UNAVAILABLE
BG-NER-0307,background,,,,,,,ISRIC_SoilGrids_2.0_Unavailable,API_503_SERVICE_TEMPORARILY_UNAVAILABLE
BG-NER-0308,background,,,,,,,ISRIC_SoilGrids_2.0_Unavailable,API_503_SERVICE_TEMPORARILY_UNAVAILABLE
BG-NER-0309,background,,,,,,,ISRIC_SoilGrids_2.0_Unavailable,API_503_SERVICE_TEMPORARILY_UNAVAILABLE
BG-NER-0310,background,,,,,,,ISRIC_SoilGrids_2.0_Unavailable,API_503_SERVICE_TEMPORARILY_UNAVAILABLE
BG-NER-0311,background,,,,,,,ISRIC_SoilGrids_2.0_Unavailable,API_503_SERVICE_TEMPORARILY_UNAVAILABLE
BG-NER-0312,background,,,,,,,ISRIC_SoilGrids_2.0_Unavailable,API_503_SERVICE_TEMPORARILY_UNAVAILABLE
BG-NER-0313,background,,,,,,,ISRIC_SoilGrids_2.0_Unavailable,API_503_SERVICE_TEMPORARILY_UNAVAILABLE
BG-NER-0314,background,,,,,,,ISRIC_SoilGrids_2.0_Unavailable,API_503_SERVICE_TEMPORARILY_UNAVAILABLE
BG-NER-0315,background,,,,,,,ISRIC_SoilGrids_2.0_Unavailable,API_503_SERVICE_TEMPORARILY_UNAVAILABLE
