event_id,sample_type,latitude,longitude,landcover_class,lc_tree_cover,land_cover_builtup,landcover_source
GLC-REAL-2164,observed_landslide,25.30986,94.48215,,,,ESA_WorldCover_Tile_Unavailable
GLC-REAL-5122,observed_landslide,25.7658,93.9413,,,,ESA_WorldCover_Tile_Unavailable
GLC-REAL-5123,observed_landslide,25.7131,94.0885,,,,ESA_WorldCover_Tile_Unavailable
GLC-REAL-7370,observed_landslide,24.1419,94.1078,,,,ESA_WorldCover_Tile_Unavailable
GLC-REAL-5084,observed_landslide,25.616,94.1167,,,,ESA_WorldCover_Tile_Unavailable
GLC-REAL-2566,observed_landslide,25.4769,94.1351,,,,ESA_WorldCover_Tile_Unavailable
GLC-REAL-1109,observed_landslide,25.5215,93.1645,,,,ESA_WorldCover_Tile_Unavailable
GLC-REAL-1961,observed_landslide,25.8833,91.2,,,,ESA_WorldCover_Tile_Unavailable
GLC-REAL-2578,observed_landslide,25.3179,94.0462,,,,ESA_WorldCover_Tile_Unavailable
GLC-REAL-322,observed_landslide,24.75,93.4333,,,,ESA_WorldCover_Tile_Unavailable
GLC-REAL-5552,observed_landslide,25.0985,94.3619,,,,ESA_WorldCover_Tile_Unavailable
GLC-REAL-2025,observed_landslide,25.5728,91.885,,,,ESA_WorldCover_Tile_Unavailable
GLC-REAL-9405,observed_landslide,26.7223,95.0243,,,,ESA_WorldCover_Tile_Unavailable
GLC-REAL-5343,observed_landslide,24.7625,93.4341,,,,ESA_WorldCover_Tile_Unavailable
GLC-REAL-6971,observed_landslide,27.0987,93.816,,,,ESA_WorldCover_Tile_Unavailable
GLC-REAL-1611,observed_landslide,25.1553,93.028,,,,ESA_WorldCover_Tile_Unavailable
GLC-REAL-147,observed_landslide,22.533,92.899,,,,ESA_WorldCover_Tile_Unavailable
GLC-REAL-4382,observed_landslide,25.1175,92.8573,,,,ESA_WorldCover_Tile_Unavailable
GLC-REAL-2424,observed_landslide,23.591,92.9296,,,,ESA_WorldCover_Tile_Unavailable
GLC-REAL-5431,observed_landslide,24.9829,93.5063,,,,ESA_WorldCover_Tile_Unavailable
GLC-REAL-3672,observed_landslide,25.5125,93.3613,,,,ESA_WorldCover_Tile_Unavailable
GLC-REAL-2253,observed_landslide,25.31006,94.48265,,,,ESA_WorldCover_Tile_Unavailable
GLC-REAL-1108,observed_landslide,24.9925,93.5,,,,ESA_WorldCover_Tile_Unavailable
GLC-REAL-9168,observed_landslide,27.6438,93.871,,,,ESA_WorldCover_Tile_Unavailable
GLC-REAL-3560,observed_landslide,24.8286,93.5935,,,,ESA_WorldCover_Tile_Unavailable
GLC-REAL-587,observed_landslide,27.2298,94.0989,,,,ESA_WorldCover_Tile_Unavailable
GLC-REAL-8012,observed_landslide,25.9703,91.8584,,,,ESA_WorldCover_Tile_Unavailable
GLC-REAL-7335,observed_landslide,25.5145,90.2023,,,,ESA_WorldCover_Tile_Unavailable
GLC-REAL-141,observed_landslide,25.38,91.88,,,,ESA_WorldCover_Tile_Unavailable
GLC-REAL-3983,observed_landslide,26.1548,91.7351,,,,ESA_WorldCover_Tile_Unavailable
GLC-REAL-148,observed_landslide,22.479,92.967,,,,ESA_WorldCover_Tile_Unavailable
GLC-REAL-1775,observed_landslide,27.8965,96.1779,,,,ESA_WorldCover_Tile_Unavailable
GLC-REAL-3663,observed_landslide,25.6682,94.1099,,,,ESA_WorldCover_Tile_Unavailable
GLC-REAL-7385,observed_landslide,24.004,93.9815,,,,ESA_WorldCover_Tile_Unavailable
GLC-REAL-2575,observed_landslide,25.5242,92.9914,,,,ESA_WorldCover_Tile_Unavailable
GLC-REAL-3840,observed_landslide,24.6869,93.9157,,,,ESA_WorldCover_Tile_Unavailable
GLC-REAL-6015,observed_landslide,27.9032,96.174,,,,ESA_WorldCover_Tile_Unavailable
GLC-REAL-3741,observed_landslide,25.4191,94.1079,,,,ESA_WorldCover_Tile_Unavailable
GLC-REAL-2106,observed_landslide,26.8716,94.9921,,,,ESA_WorldCover_Tile_Unavailable
GLC-REAL-9051,observed_landslide,26.09748,91.87443,,,,ESA_WorldCover_Tile_Unavailable
GLC-REAL-870,observed_landslide,27.4,92.35,,,,ESA_WorldCover_Tile_Unavailable
GLC-REAL-3830,observed_landslide,24.3527,94.3429,,,,ESA_WorldCover_Tile_Unavailable
GLC-REAL-4906,observed_landslide,26.0977,94.7499,,,,ESA_WorldCover_Tile_Unavailable
GLC-REAL-3269,observed_landslide,28.0791,96.5242,,,,ESA_WorldCover_Tile_Unavailable
GLC-REAL-6990,observed_landslide,26.0319,94.5466,,,,ESA_WorldCover_Tile_Unavailable
GLC-REAL-6222,observed_landslide,27.1249,93.7706,,,,ESA_WorldCover_Tile_Unavailable
GLC-REAL-9169,observed_landslide,26.1677,94.2442,,,,ESA_WorldCover_Tile_Unavailable
GLC-REAL-4435,observed_landslide,27.174,95.8011,,,,ESA_WorldCover_Tile_Unavailable
GLC-REAL-4313,observed_landslide,28.4659,95.86,,,,ESA_WorldCover_Tile_Unavailable
GLC-REAL-2344,observed_landslide,24.7505,93.4221,,,,ESA_WorldCover_Tile_Unavailable
GLC-REAL-7263,observed_landslide,25.4477,94.0489,,,,ESA_WorldCover_Tile_Unavailable
GLC-REAL-5271,observed_landslide,26.284,94.5808,,,,ESA_WorldCover_Tile_Unavailable
GLC-REAL-4424,observed_landslide,26.149,91.7351,,,,ESA_WorldCover_Tile_Unavailable
GLC-REAL-3525,observed_landslide,25.0672,93.4093,,,,ESA_WorldCover_Tile_Unavailable
GLC-REAL-7369,observed_landslide,24.1988,94.1016,,,,ESA_WorldCover_Tile_Unavailable
GLC-REAL-4892,observed_landslide,27.8776,94.25,,,,ESA_WorldCover_Tile_Unavailable
GLC-REAL-4377,observed_landslide,26.1475,91.7356,,,,ESA_WorldCover_Tile_Unavailable
GLC-REAL-5430,observed_landslide,24.9037,93.487,,,,ESA_WorldCover_Tile_Unavailable
GLC-REAL-7264,observed_landslide,25.4538,93.9827,,,,ESA_WorldCover_Tile_Unavailable
GLC-REAL-5006,observed_landslide,26.1147,94.3864,,,,ESA_WorldCover_Tile_Unavailable
GLC-REAL-9335,observed_landslide,24.5202,92.7239,,,,ESA_WorldCover_Tile_Unavailable
GLC-REAL-7279,observed_landslide,24.9818,93.5142,,,,ESA_WorldCover_Tile_Unavailable
GLC-REAL-6288,observed_landslide,26.1985,91.7998,,,,ESA_WorldCover_Tile_Unavailable
GLC-REAL-5087,observed_landslide,25.6269,94.1139,,,,ESA_WorldCover_Tile_Unavailable
GLC-REAL-258,observed_landslide,24.4279,94.0564,,,,ESA_WorldCover_Tile_Unavailable
GLC-REAL-5338,observed_landslide,26.8727,94.9275,,,,ESA_WorldCover_Tile_Unavailable
GLC-REAL-2411,observed_landslide,27.0011,93.7273,,,,ESA_WorldCover_Tile_Unavailable
GLC-REAL-6143,observed_landslide,23.7327,92.7463,,,,ESA_WorldCover_Tile_Unavailable
GLC-REAL-9124,observed_landslide,25.203,90.5573,,,,ESA_WorldCover_Tile_Unavailable
GLC-REAL-2282,observed_landslide,26.1984,94.8158,,,,ESA_WorldCover_Tile_Unavailable
GLC-REAL-9338,observed_landslide,24.4638,92.4943,,,,ESA_WorldCover_Tile_Unavailable
GLC-REAL-2421,observed_landslide,23.75407,92.74129,,,,ESA_WorldCover_Tile_Unavailable
GLC-REAL-2249,observed_landslide,26.0814,94.803,,,,ESA_WorldCover_Tile_Unavailable
GLC-REAL-8901,observed_landslide,25.7902,94.1318,,,,ESA_WorldCover_Tile_Unavailable
GLC-REAL-2283,observed_landslide,24.8961,93.4957,,,,ESA_WorldCover_Tile_Unavailable
GLC-REAL-6016,observed_landslide,24.8669,92.3576,,,,ESA_WorldCover_Tile_Unavailable
GLC-REAL-215,observed_landslide,25.7428,93.9136,,,,ESA_WorldCover_Tile_Unavailable
GLC-REAL-7780,observed_landslide,23.3572,92.7878,,,,ESA_WorldCover_Tile_Unavailable
GLC-REAL-2281,observed_landslide,25.6156,94.11603,,,,ESA_WorldCover_Tile_Unavailable
GLC-REAL-1996,observed_landslide,26.4333,94.8833,,,,ESA_WorldCover_Tile_Unavailable
GLC-REAL-6283,observed_landslide,26.1314,91.7548,,,,ESA_WorldCover_Tile_Unavailable
GLC-REAL-8930,observed_landslide,26.1699,94.4922,,,,ESA_WorldCover_Tile_Unavailable
GLC-REAL-869,observed_landslide,27.2333,94.1167,,,,ESA_WorldCover_Tile_Unavailable
GLC-REAL-285,observed_landslide,24.1293,92.6921,,,,ESA_WorldCover_Tile_Unavailable
GLC-REAL-3662,observed_landslide,25.03562,94.01442,,,,ESA_WorldCover_Tile_Unavailable
GLC-REAL-5427,observed_landslide,25.3833,94.1884,,,,ESA_WorldCover_Tile_Unavailable
GLC-REAL-8339,observed_landslide,26.1666,91.7042,,,,ESA_WorldCover_Tile_Unavailable
GLC-REAL-4905,observed_landslide,26.0977,94.7031,,,,ESA_WorldCover_Tile_Unavailable
GLC-REAL-9186,observed_landslide,25.48,94.1383,,,,ESA_WorldCover_Tile_Unavailable
GLC-REAL-5107,observed_landslide,25.6269,94.1139,,,,ESA_WorldCover_Tile_Unavailable
GLC-REAL-7253,observed_landslide,24.7979,92.9974,,,,ESA_WorldCover_Tile_Unavailable
GLC-REAL-6286,observed_landslide,26.1044,91.7082,,,,ESA_WorldCover_Tile_Unavailable
GLC-REAL-594,observed_landslide,24.9336,93.8275,,,,ESA_WorldCover_Tile_Unavailable
GLC-REAL-5337,observed_landslide,26.4205,94.9731,,,,ESA_WorldCover_Tile_Unavailable
GLC-REAL-3881,observed_landslide,27.1034,93.6885,,,,ESA_WorldCover_Tile_Unavailable
GLC-REAL-3925,observed_landslide,27.4888,93.0153,,,,ESA_WorldCover_Tile_Unavailable
GLC-REAL-7383,observed_landslide,23.899,94.1434,,,,ESA_WorldCover_Tile_Unavailable
GLC-REAL-8900,observed_landslide,25.0118,94.3136,,,,ESA_WorldCover_Tile_Unavailable
GLC-REAL-4757,observed_landslide,28.1193,95.1645,,,,ESA_WorldCover_Tile_Unavailable
GLC-REAL-7666,observed_landslide,25.1019,93.3729,,,,ESA_WorldCover_Tile_Unavailable
GLC-REAL-2045,observed_landslide,26.2363,94.8133,,,,ESA_WorldCover_Tile_Unavailable
GLC-REAL-7701,observed_landslide,25.6278,94.1051,,,,ESA_WorldCover_Tile_Unavailable
GLC-REAL-2422,observed_landslide,23.74183,92.71419,,,,ESA_WorldCover_Tile_Unavailable
GLC-REAL-6513,observed_landslide,23.0137,91.7174,,,,ESA_WorldCover_Tile_Unavailable
GLC-REAL-2248,observed_landslide,26.222,94.9152,,,,ESA_WorldCover_Tile_Unavailable
GLC-REAL-5268,observed_landslide,26.0137,94.5163,,,,ESA_WorldCover_Tile_Unavailable
GLC-REAL-6106,observed_landslide,26.1407,91.7645,,,,ESA_WorldCover_Tile_Unavailable
GLC-REAL-3965,observed_landslide,24.808,93.117,,,,ESA_WorldCover_Tile_Unavailable
GLC-REAL-6969,observed_landslide,25.5114,90.215,,,,ESA_WorldCover_Tile_Unavailable
GLC-REAL-2044,observed_landslide,25.8877,94.7861,,,,ESA_WorldCover_Tile_Unavailable
GLC-REAL-2587,observed_landslide,25.6623,94.1072,,,,ESA_WorldCover_Tile_Unavailable
GLC-REAL-8684,observed_landslide,25.9611,91.3681,,,,ESA_WorldCover_Tile_Unavailable
GLC-REAL-1596,observed_landslide,24.7339,93.9161,,,,ESA_WorldCover_Tile_Unavailable
GLC-REAL-1771,observed_landslide,26.1978,91.7665,,,,ESA_WorldCover_Tile_Unavailable
GLC-REAL-7364,observed_landslide,24.819,94.3551,,,,ESA_WorldCover_Tile_Unavailable
GLC-REAL-6968,observed_landslide,25.463,92.2121,,,,ESA_WorldCover_Tile_Unavailable
GLC-REAL-7373,observed_landslide,24.9111,94.4759,,,,ESA_WorldCover_Tile_Unavailable
GLC-REAL-4570,observed_landslide,27.8458,95.2253,,,,ESA_WorldCover_Tile_Unavailable
GLC-REAL-1935,observed_landslide,23.8986,91.7599,,,,ESA_WorldCover_Tile_Unavailable
GLC-REAL-2577,observed_landslide,25.5265,93.8673,,,,ESA_WorldCover_Tile_Unavailable
GLC-REAL-7276,observed_landslide,26.1062,91.8717,,,,ESA_WorldCover_Tile_Unavailable
GLC-REAL-2576,observed_landslide,25.4788,94.1399,,,,ESA_WorldCover_Tile_Unavailable
GLC-REAL-6293,observed_landslide,25.5006,90.0896,,,,ESA_WorldCover_Tile_Unavailable
GLC-REAL-4858,observed_landslide,26.1662,91.7138,,,,ESA_WorldCover_Tile_Unavailable
GLC-REAL-5269,observed_landslide,25.8376,94.5234,,,,ESA_WorldCover_Tile_Unavailable
GLC-REAL-5270,observed_landslide,26.0481,94.4619,,,,ESA_WorldCover_Tile_Unavailable
GLC-REAL-6284,observed_landslide,26.1324,91.8342,,,,ESA_WorldCover_Tile_Unavailable
GLC-REAL-9251,observed_landslide,25.8702,94.7844,,,,ESA_WorldCover_Tile_Unavailable
GLC-REAL-7699,observed_landslide,26.0214,94.5224,,,,ESA_WorldCover_Tile_Unavailable
GLC-REAL-7664,observed_landslide,24.7459,93.4251,,,,ESA_WorldCover_Tile_Unavailable
GLC-REAL-7589,observed_landslide,25.2568,92.3825,,,,ESA_WorldCover_Tile_Unavailable
GLC-REAL-7887,observed_landslide,27.8835,96.9262,,,,ESA_WorldCover_Tile_Unavailable
GLC-REAL-9404,observed_landslide,28.0822,96.5316,,,,ESA_WorldCover_Tile_Unavailable
GLC-REAL-6287,observed_landslide,26.1295,91.7056,,,,ESA_WorldCover_Tile_Unavailable
GLC-REAL-2304,observed_landslide,25.5718,94.1211,,,,ESA_WorldCover_Tile_Unavailable
GLC-REAL-5273,observed_landslide,26.1807,94.5497,,,,ESA_WorldCover_Tile_Unavailable
GLC-REAL-8995,observed_landslide,26.1963,91.8074,,,,ESA_WorldCover_Tile_Unavailable
GLC-REAL-2567,observed_landslide,25.6633,94.4703,,,,ESA_WorldCover_Tile_Unavailable
GLC-REAL-6285,observed_landslide,26.159,91.8178,,,,ESA_WorldCover_Tile_Unavailable
GLC-REAL-868,observed_landslide,26.3333,91.25,,,,ESA_WorldCover_Tile_Unavailable
GLC-REAL-5005,observed_landslide,26.72,95.029,,,,ESA_WorldCover_Tile_Unavailable
GLC-REAL-3860,observed_landslide,25.4192,94.108,,,,ESA_WorldCover_Tile_Unavailable
GLC-REAL-1127,observed_landslide,25.1718,93.123,,,,ESA_WorldCover_Tile_Unavailable
GLC-REAL-5603,observed_landslide,25.426,94.6024,,,,ESA_WorldCover_Tile_Unavailable
GLC-REAL-2042,observed_landslide,26.0093,94.5238,,,,ESA_WorldCover_Tile_Unavailable
GLC-REAL-5442,observed_landslide,27.1614,93.7525,,,,ESA_WorldCover_Tile_Unavailable
GLC-REAL-7933,observed_landslide,26.1868,91.6739,,,,ESA_WorldCover_Tile_Unavailable
GLC-REAL-3637,observed_landslide,25.51615,94.23412,,,,ESA_WorldCover_Tile_Unavailable
GLC-REAL-3837,observed_landslide,26.5836,93.0038,,,,ESA_WorldCover_Tile_Unavailable
GLC-REAL-220,observed_landslide,25.1333,93.9667,,,,ESA_WorldCover_Tile_Unavailable
GLC-REAL-212,observed_landslide,25.5576,91.8506,,,,ESA_WorldCover_Tile_Unavailable
GLC-REAL-7372,observed_landslide,25.0634,94.3415,,,,ESA_WorldCover_Tile_Unavailable
GLC-REAL-2570,observed_landslide,24.837,93.9128,,,,ESA_WorldCover_Tile_Unavailable
GLC-REAL-3806,observed_landslide,27.1032,93.6884,,,,ESA_WorldCover_Tile_Unavailable
GLC-REAL-2026,observed_landslide,25.4916,91.2698,,,,ESA_WorldCover_Tile_Unavailable
GLC-REAL-714,observed_landslide,27.163,94.0,,,,ESA_WorldCover_Tile_Unavailable
GLC-REAL-6110,observed_landslide,26.1619,91.7697,,,,ESA_WorldCover_Tile_Unavailable
GLC-REAL-247,observed_landslide,25.0604,93.9877,,,,ESA_WorldCover_Tile_Unavailable
GLC-REAL-4407,observed_landslide,25.0951,92.3567,,,,ESA_WorldCover_Tile_Unavailable
GLC-REAL-3789,observed_landslide,27.2743,92.9064,,,,ESA_WorldCover_Tile_Unavailable
GLC-REAL-6292,observed_landslide,25.7238,89.9032,,,,ESA_WorldCover_Tile_Unavailable
GLC-REAL-545,observed_landslide,24.9849,92.8411,,,,ESA_WorldCover_Tile_Unavailable
GLC-REAL-7265,observed_landslide,25.5007,93.9854,,,,ESA_WorldCover_Tile_Unavailable
GLC-REAL-2436,observed_landslide,24.3069,93.125,,,,ESA_WorldCover_Tile_Unavailable
GLC-REAL-7727,observed_landslide,25.6263,94.1057,,,,ESA_WorldCover_Tile_Unavailable
GLC-REAL-7334,observed_landslide,28.1737,94.7596,,,,ESA_WorldCover_Tile_Unavailable
GLC-REAL-6200,observed_landslide,27.0869,93.6086,,,,ESA_WorldCover_Tile_Unavailable
GLC-REAL-7778,observed_landslide,23.8447,93.0514,,,,ESA_WorldCover_Tile_Unavailable
GLC-REAL-6290,observed_landslide,25.5772,91.8666,,,,ESA_WorldCover_Tile_Unavailable
GLC-REAL-4408,observed_landslide,25.5498,92.0757,,,,ESA_WorldCover_Tile_Unavailable
GLC-REAL-4403,observed_landslide,24.8142,93.5444,,,,ESA_WorldCover_Tile_Unavailable
GLC-REAL-2140,observed_landslide,25.0477,92.801,,,,ESA_WorldCover_Tile_Unavailable
GLC-REAL-2243,observed_landslide,25.70224,94.0462,,,,ESA_WorldCover_Tile_Unavailable
GLC-REAL-9142,observed_landslide,26.3185,94.5247,,,,ESA_WorldCover_Tile_Unavailable
GLC-REAL-6107,observed_landslide,26.1844,91.7896,,,,ESA_WorldCover_Tile_Unavailable
GLC-REAL-255,observed_landslide,24.2451,94.0691,,,,ESA_WorldCover_Tile_Unavailable
GLC-REAL-7660,observed_landslide,25.6237,94.1136,,,,ESA_WorldCover_Tile_Unavailable
GLC-REAL-7389,observed_landslide,24.4072,94.0644,,,,ESA_WorldCover_Tile_Unavailable
GLC-REAL-2437,observed_landslide,23.7527,92.694,,,,ESA_WorldCover_Tile_Unavailable
GLC-REAL-731,observed_landslide,26.138,94.25,,,,ESA_WorldCover_Tile_Unavailable
GLC-REAL-7371,observed_landslide,23.9939,94.0573,,,,ESA_WorldCover_Tile_Unavailable
GLC-REAL-7923,observed_landslide,26.49349,91.72138,,,,ESA_WorldCover_Tile_Unavailable
GLC-REAL-760,observed_landslide,25.67,94.1066,,,,ESA_WorldCover_Tile_Unavailable
GLC-REAL-2182,observed_landslide,24.9356,93.8443,,,,ESA_WorldCover_Tile_Unavailable
GLC-REAL-1954,observed_landslide,24.7543,93.5039,,,,ESA_WorldCover_Tile_Unavailable
GLC-REAL-6963,observed_landslide,23.7131,92.7362,,,,ESA_WorldCover_Tile_Unavailable
GLC-REAL-5336,observed_landslide,26.3897,94.9439,,,,ESA_WorldCover_Tile_Unavailable
GLC-REAL-7590,observed_landslide,25.1416,92.3807,,,,ESA_WorldCover_Tile_Unavailable
GLC-REAL-1222,observed_landslide,23.73479,92.72124,,,,ESA_WorldCover_Tile_Unavailable
GLC-REAL-8222,observed_landslide,26.1961,91.7825,,,,ESA_WorldCover_Tile_Unavailable
GLC-REAL-7706,observed_landslide,25.0728,92.3636,,,,ESA_WorldCover_Tile_Unavailable
GLC-REAL-8224,observed_landslide,23.7313,92.7187,,,,ESA_WorldCover_Tile_Unavailable
GLC-REAL-4241,observed_landslide,25.1604,93.6795,,,,ESA_WorldCover_Tile_Unavailable
GLC-REAL-1930,observed_landslide,28.4298,95.8776,,,,ESA_WorldCover_Tile_Unavailable
GLC-REAL-9334,observed_landslide,24.5204,92.7264,,,,ESA_WorldCover_Tile_Unavailable
GLC-REAL-8237,observed_landslide,27.0136,92.6351,,,,ESA_WorldCover_Tile_Unavailable
GLC-REAL-585,observed_landslide,27.0998,93.6287,,,,ESA_WorldCover_Tile_Unavailable
GLC-REAL-4859,observed_landslide,26.1771,91.7599,,,,ESA_WorldCover_Tile_Unavailable
GLC-REAL-4436,observed_landslide,26.9986,95.4993,,,,ESA_WorldCover_Tile_Unavailable
GLC-REAL-3916,observed_landslide,25.7713,93.8067,,,,ESA_WorldCover_Tile_Unavailable
GLC-REAL-5250,observed_landslide,27.8837,93.0515,,,,ESA_WorldCover_Tile_Unavailable
GLC-REAL-3738,observed_landslide,24.8063,93.9482,,,,ESA_WorldCover_Tile_Unavailable
GLC-REAL-2426,observed_landslide,22.7176,92.8416,,,,ESA_WorldCover_Tile_Unavailable
GLC-REAL-1084,observed_landslide,27.7,92.8,,,,ESA_WorldCover_Tile_Unavailable
GLC-REAL-7266,observed_landslide,25.5098,93.8794,,,,ESA_WorldCover_Tile_Unavailable
GLC-REAL-1129,observed_landslide,24.8628,94.4182,,,,ESA_WorldCover_Tile_Unavailable
GLC-REAL-2166,observed_landslide,24.9786,93.5027,,,,ESA_WorldCover_Tile_Unavailable
GLC-REAL-213,observed_landslide,25.2946,92.8339,,,,ESA_WorldCover_Tile_Unavailable
GLC-REAL-4426,observed_landslide,26.1226,91.7162,,,,ESA_WorldCover_Tile_Unavailable
GLC-REAL-8366,observed_landslide,25.583,91.893,,,,ESA_WorldCover_Tile_Unavailable
GLC-REAL-1934,observed_landslide,24.6005,92.3814,,,,ESA_WorldCover_Tile_Unavailable
GLC-REAL-7655,observed_landslide,27.5799,91.8569,,,,ESA_WorldCover_Tile_Unavailable
GLC-REAL-9464,observed_landslide,27.5754,91.9754,,,,ESA_WorldCover_Tile_Unavailable
GLC-REAL-3912,observed_landslide,27.44,92.2833,,,,ESA_WorldCover_Tile_Unavailable
GLC-REAL-5272,observed_landslide,26.2083,94.5438,,,,ESA_WorldCover_Tile_Unavailable
GLC-REAL-580,observed_landslide,24.6596,93.9784,,,,ESA_WorldCover_Tile_Unavailable
GLC-REAL-5575,observed_landslide,25.8266,94.1497,,,,ESA_WorldCover_Tile_Unavailable
GLC-REAL-8996,observed_landslide,26.1768,91.7702,,,,ESA_WorldCover_Tile_Unavailable
GLC-REAL-1613,observed_landslide,27.8997,93.3497,,,,ESA_WorldCover_Tile_Unavailable
GLC-REAL-4857,observed_landslide,23.7281,92.7175,,,,ESA_WorldCover_Tile_Unavailable
GLC-REAL-6945,observed_landslide,25.16,93.686,,,,ESA_WorldCover_Tile_Unavailable
GLC-REAL-1857,observed_landslide,25.3433,92.2897,,,,ESA_WorldCover_Tile_Unavailable
GLC-REAL-2743,observed_landslide,27.57987,91.85672,,,,ESA_WorldCover_Tile_Unavailable
GLC-REAL-4860,observed_landslide,26.1016,91.6906,,,,ESA_WorldCover_Tile_Unavailable
GLC-REAL-4845,observed_landslide,24.2315,92.6755,,,,ESA_WorldCover_Tile_Unavailable
GLC-REAL-1770,observed_landslide,26.1965,91.763,,,,ESA_WorldCover_Tile_Unavailable
GLC-REAL-7728,observed_landslide,26.1028,91.8806,,,,ESA_WorldCover_Tile_Unavailable
GLC-REAL-5274,observed_landslide,26.0838,94.564,,,,ESA_WorldCover_Tile_Unavailable
GLC-REAL-7836,observed_landslide,24.042,92.6724,,,,ESA_WorldCover_Tile_Unavailable
GLC-REAL-3776,observed_landslide,27.125,93.7145,,,,ESA_WorldCover_Tile_Unavailable
GLC-REAL-7388,observed_landslide,24.416,94.0984,,,,ESA_WorldCover_Tile_Unavailable
GLC-REAL-5421,observed_landslide,26.4205,94.9731,,,,ESA_WorldCover_Tile_Unavailable
GLC-REAL-2343,observed_landslide,25.4786,94.1327,,,,ESA_WorldCover_Tile_Unavailable
GLC-REAL-3683,observed_landslide,25.8782,94.1739,,,,ESA_WorldCover_Tile_Unavailable
GLC-REAL-7591,observed_landslide,25.0318,92.4584,,,,ESA_WorldCover_Tile_Unavailable
GLC-REAL-9232,observed_landslide,23.5397,93.3783,,,,ESA_WorldCover_Tile_Unavailable
GLC-REAL-4434,observed_landslide,26.1049,91.7369,,,,ESA_WorldCover_Tile_Unavailable
GLC-REAL-7214,observed_landslide,27.36,93.0385,,,,ESA_WorldCover_Tile_Unavailable
GLC-REAL-5582,observed_landslide,26.1309,91.8383,,,,ESA_WorldCover_Tile_Unavailable
GLC-REAL-2405,observed_landslide,28.3036,95.4112,,,,ESA_WorldCover_Tile_Unavailable
GLC-REAL-3556,observed_landslide,25.1555,93.8474,,,,ESA_WorldCover_Tile_Unavailable
GLC-REAL-2569,observed_landslide,25.2745,94.0212,,,,ESA_WorldCover_Tile_Unavailable
GLC-REAL-2423,observed_landslide,23.73504,92.71061,,,,ESA_WorldCover_Tile_Unavailable
GLC-REAL-3532,observed_landslide,25.0888,92.8551,,,,ESA_WorldCover_Tile_Unavailable
GLC-REAL-7956,observed_landslide,26.048,91.8695,,,,ESA_WorldCover_Tile_Unavailable
GLC-REAL-2425,observed_landslide,23.3439,93.0748,,,,ESA_WorldCover_Tile_Unavailable
GLC-REAL-6970,observed_landslide,25.5084,90.2191,,,,ESA_WorldCover_Tile_Unavailable
GLC-REAL-5312,observed_landslide,26.7103,94.693,,,,ESA_WorldCover_Tile_Unavailable
GLC-REAL-2568,observed_landslide,24.7679,93.4108,,,,ESA_WorldCover_Tile_Unavailable
GLC-REAL-7409,observed_landslide,25.72,94.6219,,,,ESA_WorldCover_Tile_Unavailable
GLC-REAL-9219,observed_landslide,26.0101,94.5282,,,,ESA_WorldCover_Tile_Unavailable
GLC-REAL-2579,observed_landslide,25.682,94.1076,,,,ESA_WorldCover_Tile_Unavailable
GLC-REAL-8223,observed_landslide,23.7348,92.7187,,,,ESA_WorldCover_Tile_Unavailable
GLC-REAL-7336,observed_landslide,25.2193,90.5549,,,,ESA_WorldCover_Tile_Unavailable
GLC-REAL-9252,observed_landslide,27.5748,91.8644,,,,ESA_WorldCover_Tile_Unavailable
GLC-REAL-5300,observed_landslide,25.318,94.0441,,,,ESA_WorldCover_Tile_Unavailable
GLC-REAL-7665,observed_landslide,24.7016,93.5291,,,,ESA_WorldCover_Tile_Unavailable
GLC-REAL-1994,observed_landslide,25.0633,92.8025,,,,ESA_WorldCover_Tile_Unavailable
GLC-REAL-3760,observed_landslide,25.6703,94.1095,,,,ESA_WorldCover_Tile_Unavailable
GLC-REAL-692,observed_landslide,25.705,94.04,,,,ESA_WorldCover_Tile_Unavailable
GLC-REAL-3633,observed_landslide,26.3186,94.5121,,,,ESA_WorldCover_Tile_Unavailable
GLC-REAL-7374,observed_landslide,25.1122,94.3591,,,,ESA_WorldCover_Tile_Unavailable
GLC-REAL-2098,observed_landslide,26.7215,95.0283,,,,ESA_WorldCover_Tile_Unavailable
GLC-REAL-2205,observed_landslide,23.7365,92.7146,,,,ESA_WorldCover_Tile_Unavailable
GLC-REAL-4610,observed_landslide,23.7705,92.5217,,,,ESA_WorldCover_Tile_Unavailable
GLC-REAL-5275,observed_landslide,26.1498,94.6055,,,,ESA_WorldCover_Tile_Unavailable
GLC-REAL-2247,observed_landslide,26.148,94.8422,,,,ESA_WorldCover_Tile_Unavailable
GLC-REAL-3927,observed_landslide,25.5144,90.2167,,,,ESA_WorldCover_Tile_Unavailable
GLC-REAL-259,observed_landslide,25.52,91.27,,,,ESA_WorldCover_Tile_Unavailable
GLC-REAL-6112,observed_landslide,26.1964,91.7652,,,,ESA_WorldCover_Tile_Unavailable
GLC-REAL-7390,observed_landslide,24.4265,94.1913,,,,ESA_WorldCover_Tile_Unavailable
GLC-REAL-2420,observed_landslide,23.72989,92.71496,,,,ESA_WorldCover_Tile_Unavailable
GLC-REAL-264,observed_landslide,26.1833,91.8,,,,ESA_WorldCover_Tile_Unavailable
GLC-REAL-6214,observed_landslide,25.9702,91.8587,,,,ESA_WorldCover_Tile_Unavailable
GLC-REAL-252,observed_landslide,25.4993,94.1192,,,,ESA_WorldCover_Tile_Unavailable
GLC-REAL-142,observed_landslide,25.5212,90.232,,,,ESA_WorldCover_Tile_Unavailable
GLC-REAL-7384,observed_landslide,23.9278,94.0906,,,,ESA_WorldCover_Tile_Unavailable
GLC-REAL-211,observed_landslide,24.9667,93.55,,,,ESA_WorldCover_Tile_Unavailable
GLC-REAL-4384,observed_landslide,25.1775,93.0123,,,,ESA_WorldCover_Tile_Unavailable
GLC-REAL-4383,observed_landslide,25.3056,93.1265,,,,ESA_WorldCover_Tile_Unavailable
GLC-REAL-7375,observed_landslide,25.1941,94.4481,,,,ESA_WorldCover_Tile_Unavailable
GLC-REAL-2163,observed_landslide,25.4196,94.1054,,,,ESA_WorldCover_Tile_Unavailable
GLC-REAL-3932,observed_landslide,25.83,94.13,,,,ESA_WorldCover_Tile_Unavailable
GLC-REAL-4861,observed_landslide,24.9926,93.4946,,,,ESA_WorldCover_Tile_Unavailable
GLC-REAL-7972,observed_landslide,23.4495,92.8112,,,,ESA_WorldCover_Tile_Unavailable
GLC-REAL-3831,observed_landslide,24.7992,93.948,,,,ESA_WorldCover_Tile_Unavailable
GLC-REAL-5584,observed_landslide,26.1665,91.7049,,,,ESA_WorldCover_Tile_Unavailable
GLC-REAL-1986,observed_landslide,26.3335,94.5512,,,,ESA_WorldCover_Tile_Unavailable
GLC-REAL-7387,observed_landslide,24.954,94.2156,,,,ESA_WorldCover_Tile_Unavailable
GLC-REAL-2573,observed_landslide,25.1796,93.0083,,,,ESA_WorldCover_Tile_Unavailable
GLC-REAL-319,observed_landslide,25.4379,94.1162,,,,ESA_WorldCover_Tile_Unavailable
GLC-REAL-313,observed_landslide,25.7055,94.0132,,,,ESA_WorldCover_Tile_Unavailable
GLC-REAL-9010,observed_landslide,27.3034,93.804,,,,ESA_WorldCover_Tile_Unavailable
GLC-REAL-2539,observed_landslide,28.3092,95.4149,,,,ESA_WorldCover_Tile_Unavailable
GLC-REAL-6331,observed_landslide,25.9466,94.6279,,,,ESA_WorldCover_Tile_Unavailable
GLC-REAL-1987,observed_landslide,25.2269,93.1658,,,,ESA_WorldCover_Tile_Unavailable
GLC-REAL-2043,observed_landslide,26.7225,95.0281,,,,ESA_WorldCover_Tile_Unavailable
GLC-REAL-7910,observed_landslide,24.3481,94.1146,,,,ESA_WorldCover_Tile_Unavailable
GLC-REAL-6775,observed_landslide,26.1468,91.6469,,,,ESA_WorldCover_Tile_Unavailable
GLC-REAL-1776,observed_landslide,25.3612,92.2845,,,,ESA_WorldCover_Tile_Unavailable
GLC-REAL-6786,observed_landslide,24.6108,92.562,,,,ESA_WorldCover_Tile_Unavailable
GLC-REAL-6291,observed_landslide,25.7354,90.3852,,,,ESA_WorldCover_Tile_Unavailable
GLC-REAL-6213,observed_landslide,25.8143,90.5763,,,,ESA_WorldCover_Tile_Unavailable
GLC-REAL-2415,observed_landslide,25.63962,94.11112,,,,ESA_WorldCover_Tile_Unavailable
GLC-REAL-9336,observed_landslide,24.5308,92.5121,,,,ESA_WorldCover_Tile_Unavailable
GLC-REAL-7837,observed_landslide,23.7269,92.7265,,,,ESA_WorldCover_Tile_Unavailable
GLC-REAL-7267,observed_landslide,25.3908,94.0926,,,,ESA_WorldCover_Tile_Unavailable
GLC-REAL-4848,observed_landslide,24.0896,91.4663,,,,ESA_WorldCover_Tile_Unavailable
GLC-REAL-9122,observed_landslide,26.1966,91.802,,,,ESA_WorldCover_Tile_Unavailable
GLC-REAL-2574,observed_landslide,25.4749,93.1477,,,,ESA_WorldCover_Tile_Unavailable
GLC-REAL-6282,observed_landslide,26.1097,91.7747,,,,ESA_WorldCover_Tile_Unavailable
GLC-REAL-2263,observed_landslide,26.2753,94.6654,,,,ESA_WorldCover_Tile_Unavailable
GLC-REAL-6289,observed_landslide,26.1001,91.6849,,,,ESA_WorldCover_Tile_Unavailable
GLC-REAL-9087,observed_landslide,28.235,94.9612,,,,ESA_WorldCover_Tile_Unavailable
GLC-REAL-130,observed_landslide,26.1699,91.7986,,,,ESA_WorldCover_Tile_Unavailable
BG-NER-0001,background,24.94417,93.63948,,,,ESA_WorldCover_Tile_Unavailable
BG-NER-0002,background,25.6338,91.9295,,,,ESA_WorldCover_Tile_Unavailable
BG-NER-0003,background,27.14587,95.23086,,,,ESA_WorldCover_Tile_Unavailable
BG-NER-0004,background,26.65003,91.58982,,,,ESA_WorldCover_Tile_Unavailable
BG-NER-0005,background,27.78106,95.3191,,,,ESA_WorldCover_Tile_Unavailable
BG-NER-0006,background,27.00984,92.89092,,,,ESA_WorldCover_Tile_Unavailable
BG-NER-0007,background,27.27322,92.49028,,,,ESA_WorldCover_Tile_Unavailable
BG-NER-0008,background,25.30044,91.158,,,,ESA_WorldCover_Tile_Unavailable
BG-NER-0009,background,26.19294,92.38547,,,,ESA_WorldCover_Tile_Unavailable
BG-NER-0010,background,24.34623,92.48621,,,,ESA_WorldCover_Tile_Unavailable
BG-NER-0011,background,25.61465,90.97239,,,,ESA_WorldCover_Tile_Unavailable
BG-NER-0012,background,25.86713,91.59995,,,,ESA_WorldCover_Tile_Unavailable
BG-NER-0013,background,27.17086,93.44026,,,,ESA_WorldCover_Tile_Unavailable
BG-NER-0014,background,27.70855,93.18026,,,,ESA_WorldCover_Tile_Unavailable
BG-NER-0015,background,25.85795,95.2027,,,,ESA_WorldCover_Tile_Unavailable
BG-NER-0016,background,26.80558,91.68292,,,,ESA_WorldCover_Tile_Unavailable
BG-NER-0017,background,25.24159,94.00505,,,,ESA_WorldCover_Tile_Unavailable
BG-NER-0018,background,26.0752,93.28017,,,,ESA_WorldCover_Tile_Unavailable
BG-NER-0019,background,24.98006,94.18744,,,,ESA_WorldCover_Tile_Unavailable
BG-NER-0020,background,26.53741,92.03287,,,,ESA_WorldCover_Tile_Unavailable
BG-NER-0021,background,25.8127,92.76898,,,,ESA_WorldCover_Tile_Unavailable
BG-NER-0022,background,26.7323,93.26307,,,,ESA_WorldCover_Tile_Unavailable
BG-NER-0023,background,25.79857,89.81081,,,,ESA_WorldCover_Tile_Unavailable
BG-NER-0024,background,26.09984,90.36068,,,,ESA_WorldCover_Tile_Unavailable
BG-NER-0025,background,27.55693,95.73842,,,,ESA_WorldCover_Tile_Unavailable
BG-NER-0026,background,25.58963,94.18039,,,,ESA_WorldCover_Tile_Unavailable
BG-NER-0027,background,25.43126,93.2023,,,,ESA_WorldCover_Tile_Unavailable
BG-NER-0028,background,27.08716,95.55079,,,,ESA_WorldCover_Tile_Unavailable
BG-NER-0029,background,27.49822,93.52561,,,,ESA_WorldCover_Tile_Unavailable
BG-NER-0030,background,25.37175,91.48968,,,,ESA_WorldCover_Tile_Unavailable
BG-NER-0031,background,26.71857,92.72418,,,,ESA_WorldCover_Tile_Unavailable
BG-NER-0032,background,24.34629,93.42589,,,,ESA_WorldCover_Tile_Unavailable
BG-NER-0033,background,26.06934,93.40829,,,,ESA_WorldCover_Tile_Unavailable
BG-NER-0034,background,27.50565,95.31038,,,,ESA_WorldCover_Tile_Unavailable
BG-NER-0035,background,27.13582,93.63416,,,,ESA_WorldCover_Tile_Unavailable
BG-NER-0036,background,26.26582,95.30358,,,,ESA_WorldCover_Tile_Unavailable
BG-NER-0037,background,25.13975,93.3959,,,,ESA_WorldCover_Tile_Unavailable
BG-NER-0038,background,24.78514,93.49305,,,,ESA_WorldCover_Tile_Unavailable
BG-NER-0039,background,25.7502,94.39622,,,,ESA_WorldCover_Tile_Unavailable
BG-NER-0040,background,26.48453,94.94247,,,,ESA_WorldCover_Tile_Unavailable
BG-NER-0041,background,26.56205,91.72803,,,,ESA_WorldCover_Tile_Unavailable
BG-NER-0042,background,25.51735,93.81156,,,,ESA_WorldCover_Tile_Unavailable
BG-NER-0043,background,24.76204,91.47995,,,,ESA_WorldCover_Tile_Unavailable
BG-NER-0044,background,24.60207,93.12862,,,,ESA_WorldCover_Tile_Unavailable
BG-NER-0045,background,25.13411,92.8965,,,,ESA_WorldCover_Tile_Unavailable
BG-NER-0046,background,27.47227,91.93037,,,,ESA_WorldCover_Tile_Unavailable
BG-NER-0047,background,25.44724,91.682,,,,ESA_WorldCover_Tile_Unavailable
BG-NER-0048,background,26.68746,94.71793,,,,ESA_WorldCover_Tile_Unavailable
BG-NER-0049,background,26.00282,93.14978,,,,ESA_WorldCover_Tile_Unavailable
BG-NER-0050,background,26.81609,94.27021,,,,ESA_WorldCover_Tile_Unavailable
BG-NER-0051,background,26.6406,94.10437,,,,ESA_WorldCover_Tile_Unavailable
BG-NER-0052,background,25.53763,93.93277,,,,ESA_WorldCover_Tile_Unavailable
BG-NER-0053,background,26.47584,92.25617,,,,ESA_WorldCover_Tile_Unavailable
BG-NER-0054,background,25.07948,90.48183,,,,ESA_WorldCover_Tile_Unavailable
BG-NER-0055,background,25.62365,90.40588,,,,ESA_WorldCover_Tile_Unavailable
BG-NER-0056,background,26.4092,91.23247,,,,ESA_WorldCover_Tile_Unavailable
BG-NER-0057,background,26.70473,90.56594,,,,ESA_WorldCover_Tile_Unavailable
BG-NER-0058,background,25.82261,90.90196,,,,ESA_WorldCover_Tile_Unavailable
BG-NER-0059,background,27.0297,93.1257,,,,ESA_WorldCover_Tile_Unavailable
BG-NER-0060,background,25.16625,94.4882,,,,ESA_WorldCover_Tile_Unavailable
BG-NER-0061,background,25.61503,90.05854,,,,ESA_WorldCover_Tile_Unavailable
BG-NER-0062,background,25.97693,91.04713,,,,ESA_WorldCover_Tile_Unavailable
BG-NER-0063,background,25.50649,93.20539,,,,ESA_WorldCover_Tile_Unavailable
BG-NER-0064,background,27.22116,91.57808,,,,ESA_WorldCover_Tile_Unavailable
BG-NER-0065,background,26.8842,94.11276,,,,ESA_WorldCover_Tile_Unavailable
BG-NER-0066,background,26.56191,94.23556,,,,ESA_WorldCover_Tile_Unavailable
BG-NER-0067,background,24.58667,93.77777,,,,ESA_WorldCover_Tile_Unavailable
BG-NER-0068,background,24.88129,93.09683,,,,ESA_WorldCover_Tile_Unavailable
BG-NER-0069,background,25.96278,93.26248,,,,ESA_WorldCover_Tile_Unavailable
BG-NER-0070,background,26.09521,95.2309,,,,ESA_WorldCover_Tile_Unavailable
BG-NER-0071,background,24.94049,91.53275,,,,ESA_WorldCover_Tile_Unavailable
BG-NER-0072,background,25.04312,94.26665,,,,ESA_WorldCover_Tile_Unavailable
BG-NER-0073,background,27.07753,94.42145,,,,ESA_WorldCover_Tile_Unavailable
BG-NER-0074,background,26.28495,91.3761,,,,ESA_WorldCover_Tile_Unavailable
BG-NER-0075,background,25.79863,89.92567,,,,ESA_WorldCover_Tile_Unavailable
BG-NER-0076,background,26.41669,90.8651,,,,ESA_WorldCover_Tile_Unavailable
BG-NER-0077,background,25.83923,92.75762,,,,ESA_WorldCover_Tile_Unavailable
BG-NER-0078,background,26.21681,92.32596,,,,ESA_WorldCover_Tile_Unavailable
BG-NER-0079,background,25.41885,93.25,,,,ESA_WorldCover_Tile_Unavailable
BG-NER-0080,background,26.29075,95.12207,,,,ESA_WorldCover_Tile_Unavailable
BG-NER-0081,background,27.41316,93.21684,,,,ESA_WorldCover_Tile_Unavailable
BG-NER-0082,background,25.6277,91.57159,,,,ESA_WorldCover_Tile_Unavailable
BG-NER-0083,background,26.42189,93.9949,,,,ESA_WorldCover_Tile_Unavailable
BG-NER-0084,background,26.59833,95.09775,,,,ESA_WorldCover_Tile_Unavailable
BG-NER-0085,background,26.98858,94.22134,,,,ESA_WorldCover_Tile_Unavailable
BG-NER-0086,background,25.24486,94.23985,,,,ESA_WorldCover_Tile_Unavailable
BG-NER-0087,background,25.33744,93.52365,,,,ESA_WorldCover_Tile_Unavailable
BG-NER-0088,background,26.98559,93.60823,,,,ESA_WorldCover_Tile_Unavailable
BG-NER-0089,background,25.39824,95.04026,,,,ESA_WorldCover_Tile_Unavailable
BG-NER-0090,background,26.53182,93.97399,,,,ESA_WorldCover_Tile_Unavailable
BG-NER-0091,background,26.8809,95.15459,,,,ESA_WorldCover_Tile_Unavailable
BG-NER-0092,background,26.97631,94.26101,,,,ESA_WorldCover_Tile_Unavailable
BG-NER-0093,background,25.99153,94.79232,,,,ESA_WorldCover_Tile_Unavailable
BG-NER-0094,background,25.56095,94.27838,,,,ESA_WorldCover_Tile_Unavailable
BG-NER-0095,background,25.22963,94.96375,,,,ESA_WorldCover_Tile_Unavailable
BG-NER-0096,background,25.28314,95.08174,,,,ESA_WorldCover_Tile_Unavailable
BG-NER-0097,background,26.99899,94.70088,,,,ESA_WorldCover_Tile_Unavailable
BG-NER-0098,background,26.26455,93.31944,,,,ESA_WorldCover_Tile_Unavailable
BG-NER-0099,background,25.39521,93.9289,,,,ESA_WorldCover_Tile_Unavailable
BG-NER-0100,background,26.56071,93.62439,,,,ESA_WorldCover_Tile_Unavailable
BG-NER-0101,background,26.79846,94.97137,,,,ESA_WorldCover_Tile_Unavailable
BG-NER-0102,background,26.97042,94.29198,,,,ESA_WorldCover_Tile_Unavailable
BG-NER-0103,background,26.59404,94.09264,,,,ESA_WorldCover_Tile_Unavailable
BG-NER-0104,background,26.83948,94.11834,,,,ESA_WorldCover_Tile_Unavailable
BG-NER-0105,background,26.54365,94.24434,,,,ESA_WorldCover_Tile_Unavailable
BG-NER-0106,background,25.42838,94.26923,,,,ESA_WorldCover_Tile_Unavailable
BG-NER-0107,background,26.47382,94.71072,,,,ESA_WorldCover_Tile_Unavailable
BG-NER-0108,background,25.21658,94.31338,,,,ESA_WorldCover_Tile_Unavailable
BG-NER-0109,background,25.54122,93.90823,,,,ESA_WorldCover_Tile_Unavailable
BG-NER-0110,background,25.9053,94.1721,,,,ESA_WorldCover_Tile_Unavailable
BG-NER-0111,background,25.29083,93.64773,,,,ESA_WorldCover_Tile_Unavailable
BG-NER-0112,background,26.12139,94.98172,,,,ESA_WorldCover_Tile_Unavailable
BG-NER-0113,background,26.74314,93.66702,,,,ESA_WorldCover_Tile_Unavailable
BG-NER-0114,background,26.1464,93.48528,,,,ESA_WorldCover_Tile_Unavailable
BG-NER-0115,background,25.35364,94.89882,,,,ESA_WorldCover_Tile_Unavailable
BG-NER-0116,background,25.88992,94.64251,,,,ESA_WorldCover_Tile_Unavailable
BG-NER-0117,background,26.13228,94.72054,,,,ESA_WorldCover_Tile_Unavailable
BG-NER-0118,background,26.05327,94.99662,,,,ESA_WorldCover_Tile_Unavailable
BG-NER-0119,background,26.66996,93.88893,,,,ESA_WorldCover_Tile_Unavailable
BG-NER-0120,background,25.91769,94.59652,,,,ESA_WorldCover_Tile_Unavailable
BG-NER-0121,background,26.48072,94.0632,,,,ESA_WorldCover_Tile_Unavailable
BG-NER-0122,background,26.03763,95.12531,,,,ESA_WorldCover_Tile_Unavailable
BG-NER-0123,background,26.83504,93.57939,,,,ESA_WorldCover_Tile_Unavailable
BG-NER-0124,background,26.53401,94.30464,,,,ESA_WorldCover_Tile_Unavailable
BG-NER-0125,background,26.1526,93.68272,,,,ESA_WorldCover_Tile_Unavailable
BG-NER-0126,background,26.60964,93.58425,,,,ESA_WorldCover_Tile_Unavailable
BG-NER-0127,background,26.51075,93.44643,,,,ESA_WorldCover_Tile_Unavailable
BG-NER-0128,background,25.24322,94.55471,,,,ESA_WorldCover_Tile_Unavailable
BG-NER-0129,background,25.72725,94.18863,,,,ESA_WorldCover_Tile_Unavailable
BG-NER-0130,background,26.12839,94.54953,,,,ESA_WorldCover_Tile_Unavailable
BG-NER-0131,background,25.50044,94.77639,,,,ESA_WorldCover_Tile_Unavailable
BG-NER-0132,background,26.8959,94.02332,,,,ESA_WorldCover_Tile_Unavailable
BG-NER-0133,background,26.77164,93.478,,,,ESA_WorldCover_Tile_Unavailable
BG-NER-0134,background,25.58197,94.01031,,,,ESA_WorldCover_Tile_Unavailable
BG-NER-0135,background,25.36831,94.88677,,,,ESA_WorldCover_Tile_Unavailable
BG-NER-0136,background,26.93232,93.57477,,,,ESA_WorldCover_Tile_Unavailable
BG-NER-0137,background,26.80528,93.98314,,,,ESA_WorldCover_Tile_Unavailable
BG-NER-0138,background,26.38282,93.35736,,,,ESA_WorldCover_Tile_Unavailable
BG-NER-0139,background,26.14585,94.19985,,,,ESA_WorldCover_Tile_Unavailable
BG-NER-0140,background,25.98153,93.87935,,,,ESA_WorldCover_Tile_Unavailable
BG-NER-0141,background,25.64757,95.06756,,,,ESA_WorldCover_Tile_Unavailable
BG-NER-0142,background,25.47748,94.73855,,,,ESA_WorldCover_Tile_Unavailable
BG-NER-0143,background,25.86522,94.43782,,,,ESA_WorldCover_Tile_Unavailable
BG-NER-0144,background,26.34938,94.59568,,,,ESA_WorldCover_Tile_Unavailable
BG-NER-0145,background,25.71036,94.87901,,,,ESA_WorldCover_Tile_Unavailable
BG-NER-0146,background,26.28948,93.71421,,,,ESA_WorldCover_Tile_Unavailable
BG-NER-0147,background,25.65713,94.05122,,,,ESA_WorldCover_Tile_Unavailable
BG-NER-0148,background,25.29852,94.5591,,,,ESA_WorldCover_Tile_Unavailable
BG-NER-0149,background,25.76966,94.66846,,,,ESA_WorldCover_Tile_Unavailable
BG-NER-0150,background,26.53224,93.70694,,,,ESA_WorldCover_Tile_Unavailable
BG-NER-0151,background,26.76519,95.02241,,,,ESA_WorldCover_Tile_Unavailable
BG-NER-0152,background,25.90972,93.34873,,,,ESA_WorldCover_Tile_Unavailable
BG-NER-0153,background,26.57,94.36935,,,,ESA_WorldCover_Tile_Unavailable
BG-NER-0154,background,26.22733,93.3117,,,,ESA_WorldCover_Tile_Unavailable
BG-NER-0155,background,26.01248,94.46519,,,,ESA_WorldCover_Tile_Unavailable
BG-NER-0156,background,25.72309,93.74089,,,,ESA_WorldCover_Tile_Unavailable
BG-NER-0157,background,25.79597,93.41247,,,,ESA_WorldCover_Tile_Unavailable
BG-NER-0158,background,26.78514,94.44406,,,,ESA_WorldCover_Tile_Unavailable
BG-NER-0159,background,25.33426,93.45889,,,,ESA_WorldCover_Tile_Unavailable
BG-NER-0160,background,25.425,93.57677,,,,ESA_WorldCover_Tile_Unavailable
BG-NER-0161,background,25.29239,93.54276,,,,ESA_WorldCover_Tile_Unavailable
BG-NER-0162,background,24.57904,94.26012,,,,ESA_WorldCover_Tile_Unavailable
BG-NER-0163,background,24.69743,94.46197,,,,ESA_WorldCover_Tile_Unavailable
BG-NER-0164,background,24.35187,93.35024,,,,ESA_WorldCover_Tile_Unavailable
BG-NER-0165,background,25.23453,93.39511,,,,ESA_WorldCover_Tile_Unavailable
BG-NER-0166,background,24.94267,94.73385,,,,ESA_WorldCover_Tile_Unavailable
BG-NER-0167,background,23.97028,93.37354,,,,ESA_WorldCover_Tile_Unavailable
BG-NER-0168,background,24.42871,93.23145,,,,ESA_WorldCover_Tile_Unavailable
BG-NER-0169,background,25.5012,94.31666,,,,ESA_WorldCover_Tile_Unavailable
BG-NER-0170,background,23.9809,94.51634,,,,ESA_WorldCover_Tile_Unavailable
BG-NER-0171,background,24.88293,94.67324,,,,ESA_WorldCover_Tile_Unavailable
BG-NER-0172,background,24.23867,93.24041,,,,ESA_WorldCover_Tile_Unavailable
BG-NER-0173,background,24.59403,94.23123,,,,ESA_WorldCover_Tile_Unavailable
BG-NER-0174,background,24.55117,93.72689,,,,ESA_WorldCover_Tile_Unavailable
BG-NER-0175,background,25.07492,93.35093,,,,ESA_WorldCover_Tile_Unavailable
BG-NER-0176,background,24.41767,94.48825,,,,ESA_WorldCover_Tile_Unavailable
BG-NER-0177,background,25.37248,94.59278,,,,ESA_WorldCover_Tile_Unavailable
BG-NER-0178,background,25.39574,93.41491,,,,ESA_WorldCover_Tile_Unavailable
BG-NER-0179,background,24.55894,93.31983,,,,ESA_WorldCover_Tile_Unavailable
BG-NER-0180,background,23.94287,94.72232,,,,ESA_WorldCover_Tile_Unavailable
BG-NER-0181,background,23.82469,93.89387,,,,ESA_WorldCover_Tile_Unavailable
BG-NER-0182,background,24.05178,94.07478,,,,ESA_WorldCover_Tile_Unavailable
BG-NER-0183,background,25.12733,94.48502,,,,ESA_WorldCover_Tile_Unavailable
BG-NER-0184,background,24.90743,93.62994,,,,ESA_WorldCover_Tile_Unavailable
BG-NER-0185,background,24.00411,93.29487,,,,ESA_WorldCover_Tile_Unavailable
BG-NER-0186,background,24.30635,94.60926,,,,ESA_WorldCover_Tile_Unavailable
BG-NER-0187,background,24.38156,93.10306,,,,ESA_WorldCover_Tile_Unavailable
BG-NER-0188,background,24.53084,93.18662,,,,ESA_WorldCover_Tile_Unavailable
BG-NER-0189,background,24.61655,94.4363,,,,ESA_WorldCover_Tile_Unavailable
BG-NER-0190,background,24.73809,94.79779,,,,ESA_WorldCover_Tile_Unavailable
BG-NER-0191,background,24.20911,93.97905,,,,ESA_WorldCover_Tile_Unavailable
BG-NER-0192,background,24.74188,94.06455,,,,ESA_WorldCover_Tile_Unavailable
BG-NER-0193,background,24.83874,93.20748,,,,ESA_WorldCover_Tile_Unavailable
BG-NER-0194,background,25.53294,94.66784,,,,ESA_WorldCover_Tile_Unavailable
BG-NER-0195,background,24.91467,93.63452,,,,ESA_WorldCover_Tile_Unavailable
BG-NER-0196,background,25.59477,94.76064,,,,ESA_WorldCover_Tile_Unavailable
BG-NER-0197,background,24.33761,94.68424,,,,ESA_WorldCover_Tile_Unavailable
BG-NER-0198,background,25.45649,93.30147,,,,ESA_WorldCover_Tile_Unavailable
BG-NER-0199,background,25.65487,94.35633,,,,ESA_WorldCover_Tile_Unavailable
BG-NER-0200,background,24.82623,93.20076,,,,ESA_WorldCover_Tile_Unavailable
BG-NER-0201,background,25.17672,94.07133,,,,ESA_WorldCover_Tile_Unavailable
BG-NER-0202,background,25.40974,94.38551,,,,ESA_WorldCover_Tile_Unavailable
BG-NER-0203,background,23.97426,94.37185,,,,ESA_WorldCover_Tile_Unavailable
BG-NER-0204,background,24.15868,93.62492,,,,ESA_WorldCover_Tile_Unavailable
BG-NER-0205,background,24.76747,94.54592,,,,ESA_WorldCover_Tile_Unavailable
BG-NER-0206,background,23.99399,93.79588,,,,ESA_WorldCover_Tile_Unavailable
BG-NER-0207,background,25.42481,94.07507,,,,ESA_WorldCover_Tile_Unavailable
BG-NER-0208,background,25.49875,93.64035,,,,ESA_WorldCover_Tile_Unavailable
BG-NER-0209,background,24.24648,94.34794,,,,ESA_WorldCover_Tile_Unavailable
BG-NER-0210,background,24.72027,94.75786,,,,ESA_WorldCover_Tile_Unavailable
BG-NER-0211,background,25.08183,94.20933,,,,ESA_WorldCover_Tile_Unavailable
BG-NER-0212,background,25.16096,94.71859,,,,ESA_WorldCover_Tile_Unavailable
BG-NER-0213,background,25.00328,94.05735,,,,ESA_WorldCover_Tile_Unavailable
BG-NER-0214,background,24.23851,93.9567,,,,ESA_WorldCover_Tile_Unavailable
BG-NER-0215,background,23.91221,93.30292,,,,ESA_WorldCover_Tile_Unavailable
BG-NER-0216,background,25.09012,93.05102,,,,ESA_WorldCover_Tile_Unavailable
BG-NER-0217,background,26.91001,94.58912,,,,ESA_WorldCover_Tile_Unavailable
BG-NER-0218,background,27.71904,92.14351,,,,ESA_WorldCover_Tile_Unavailable
BG-NER-0219,background,28.23872,92.79468,,,,ESA_WorldCover_Tile_Unavailable
BG-NER-0220,background,27.4538,94.46415,,,,ESA_WorldCover_Tile_Unavailable
BG-NER-0221,background,28.46299,92.54715,,,,ESA_WorldCover_Tile_Unavailable
BG-NER-0222,background,26.87614,95.37367,,,,ESA_WorldCover_Tile_Unavailable
BG-NER-0223,background,27.32667,96.13483,,,,ESA_WorldCover_Tile_Unavailable
BG-NER-0224,background,27.60996,95.28618,,,,ESA_WorldCover_Tile_Unavailable
BG-NER-0225,background,27.56346,93.53299,,,,ESA_WorldCover_Tile_Unavailable
BG-NER-0226,background,27.5673,96.03268,,,,ESA_WorldCover_Tile_Unavailable
BG-NER-0227,background,27.05335,94.49228,,,,ESA_WorldCover_Tile_Unavailable
BG-NER-0228,background,28.32355,91.96628,,,,ESA_WorldCover_Tile_Unavailable
BG-NER-0229,background,28.13087,94.91745,,,,ESA_WorldCover_Tile_Unavailable
BG-NER-0230,background,27.75683,93.76886,,,,ESA_WorldCover_Tile_Unavailable
BG-NER-0231,background,28.11302,92.92092,,,,ESA_WorldCover_Tile_Unavailable
BG-NER-0232,background,28.02493,95.56187,,,,ESA_WorldCover_Tile_Unavailable
BG-NER-0233,background,28.17449,93.73844,,,,ESA_WorldCover_Tile_Unavailable
BG-NER-0234,background,27.95592,92.94275,,,,ESA_WorldCover_Tile_Unavailable
BG-NER-0235,background,28.05452,96.32095,,,,ESA_WorldCover_Tile_Unavailable
BG-NER-0236,background,27.11955,94.41929,,,,ESA_WorldCover_Tile_Unavailable
BG-NER-0237,background,28.26784,94.54146,,,,ESA_WorldCover_Tile_Unavailable
BG-NER-0238,background,28.35297,95.0536,,,,ESA_WorldCover_Tile_Unavailable
BG-NER-0239,background,27.9431,92.39027,,,,ESA_WorldCover_Tile_Unavailable
BG-NER-0240,background,28.13928,93.50228,,,,ESA_WorldCover_Tile_Unavailable
BG-NER-0241,background,27.03331,91.81562,,,,ESA_WorldCover_Tile_Unavailable
BG-NER-0242,background,27.69651,96.12068,,,,ESA_WorldCover_Tile_Unavailable
BG-NER-0243,background,27.34389,95.44768,,,,ESA_WorldCover_Tile_Unavailable
BG-NER-0244,background,28.1632,96.13767,,,,ESA_WorldCover_Tile_Unavailable
BG-NER-0245,background,27.55487,93.77388,,,,ESA_WorldCover_Tile_Unavailable
BG-NER-0246,background,27.03286,96.10314,,,,ESA_WorldCover_Tile_Unavailable
BG-NER-0247,background,28.34325,96.28773,,,,ESA_WorldCover_Tile_Unavailable
BG-NER-0248,background,27.5989,94.90884,,,,ESA_WorldCover_Tile_Unavailable
BG-NER-0249,background,27.61269,93.00873,,,,ESA_WorldCover_Tile_Unavailable
BG-NER-0250,background,26.64745,92.75764,,,,ESA_WorldCover_Tile_Unavailable
BG-NER-0251,background,28.36443,96.26154,,,,ESA_WorldCover_Tile_Unavailable
BG-NER-0252,background,28.49959,95.56322,,,,ESA_WorldCover_Tile_Unavailable
BG-NER-0253,background,28.07603,94.35923,,,,ESA_WorldCover_Tile_Unavailable
BG-NER-0254,background,26.61756,93.3279,,,,ESA_WorldCover_Tile_Unavailable
BG-NER-0255,background,27.31209,91.90744,,,,ESA_WorldCover_Tile_Unavailable
BG-NER-0256,background,27.1004,93.97177,,,,ESA_WorldCover_Tile_Unavailable
BG-NER-0257,background,25.87412,91.64886,,,,ESA_WorldCover_Tile_Unavailable
BG-NER-0258,background,25.8966,92.3744,,,,ESA_WorldCover_Tile_Unavailable
BG-NER-0259,background,25.53984,91.70007,,,,ESA_WorldCover_Tile_Unavailable
BG-NER-0260,background,25.17981,91.70494,,,,ESA_WorldCover_Tile_Unavailable
BG-NER-0261,background,25.84994,92.3521,,,,ESA_WorldCover_Tile_Unavailable
BG-NER-0262,background,25.63681,92.02824,,,,ESA_WorldCover_Tile_Unavailable
BG-NER-0263,background,25.80934,91.07342,,,,ESA_WorldCover_Tile_Unavailable
BG-NER-0264,background,26.04972,91.30955,,,,ESA_WorldCover_Tile_Unavailable
BG-NER-0265,background,25.39851,90.70149,,,,ESA_WorldCover_Tile_Unavailable
BG-NER-0266,background,25.67788,91.44972,,,,ESA_WorldCover_Tile_Unavailable
BG-NER-0267,background,26.08076,90.04399,,,,ESA_WorldCover_Tile_Unavailable
BG-NER-0268,background,25.13179,91.4152,,,,ESA_WorldCover_Tile_Unavailable
BG-NER-0269,background,25.88547,91.85801,,,,ESA_WorldCover_Tile_Unavailable
BG-NER-0270,background,25.19749,92.41935,,,,ESA_WorldCover_Tile_Unavailable
BG-NER-0271,background,25.74983,92.63691,,,,ESA_WorldCover_Tile_Unavailable
BG-NER-0272,background,25.85464,92.25443,,,,ESA_WorldCover_Tile_Unavailable
BG-NER-0273,background,26.06103,92.0141,,,,ESA_WorldCover_Tile_Unavailable
BG-NER-0274,background,25.62696,91.46393,,,,ESA_WorldCover_Tile_Unavailable
BG-NER-0275,background,25.73995,91.7491,,,,ESA_WorldCover_Tile_Unavailable
BG-NER-0276,background,25.24926,91.16693,,,,ESA_WorldCover_Tile_Unavailable
BG-NER-0277,background,26.09067,90.74435,,,,ESA_WorldCover_Tile_Unavailable
BG-NER-0278,background,25.47136,92.02662,,,,ESA_WorldCover_Tile_Unavailable
BG-NER-0279,background,25.18874,91.74701,,,,ESA_WorldCover_Tile_Unavailable
BG-NER-0280,background,25.92908,90.33198,,,,ESA_WorldCover_Tile_Unavailable
BG-NER-0281,background,25.62174,92.41742,,,,ESA_WorldCover_Tile_Unavailable
BG-NER-0282,background,25.33099,90.20636,,,,ESA_WorldCover_Tile_Unavailable
BG-NER-0283,background,25.18488,92.1959,,,,ESA_WorldCover_Tile_Unavailable
BG-NER-0284,background,25.98064,92.11229,,,,ESA_WorldCover_Tile_Unavailable
BG-NER-0285,background,25.99403,92.59729,,,,ESA_WorldCover_Tile_Unavailable
BG-NER-0286,background,23.54387,93.34878,,,,ESA_WorldCover_Tile_Unavailable
BG-NER-0287,background,23.23692,92.56482,,,,ESA_WorldCover_Tile_Unavailable
BG-NER-0288,background,22.03176,92.94168,,,,ESA_WorldCover_Tile_Unavailable
BG-NER-0289,background,23.47425,92.83508,,,,ESA_WorldCover_Tile_Unavailable
BG-NER-0290,background,23.36467,93.11244,,,,ESA_WorldCover_Tile_Unavailable
BG-NER-0291,background,23.35916,93.14303,,,,ESA_WorldCover_Tile_Unavailable
BG-NER-0292,background,23.56249,93.07867,,,,ESA_WorldCover_Tile_Unavailable
BG-NER-0293,background,24.10814,92.90849,,,,ESA_WorldCover_Tile_Unavailable
BG-NER-0294,background,23.96309,93.20731,,,,ESA_WorldCover_Tile_Unavailable
BG-NER-0295,background,24.44767,92.32331,,,,ESA_WorldCover_Tile_Unavailable
BG-NER-0296,background,22.05923,92.84591,,,,ESA_WorldCover_Tile_Unavailable
BG-NER-0297,background,23.14138,92.54175,,,,ESA_WorldCover_Tile_Unavailable
BG-NER-0298,background,23.83137,92.72469,,,,ESA_WorldCover_Tile_Unavailable
BG-NER-0299,background,23.96665,92.5715,,,,ESA_WorldCover_Tile_Unavailable
BG-NER-0300,background,23.91861,93.0647,,,,ESA_WorldCover_Tile_Unavailable
BG-NER-0301,background,23.94052,92.72827,,,,ESA_WorldCover_Tile_Unavailable
BG-NER-0302,background,23.02975,93.11475,,,,ESA_WorldCover_Tile_Unavailable
BG-NER-0303,background,24.10046,93.29246,,,,ESA_WorldCover_Tile_Unavailable
BG-NER-0304,background,22.71442,93.22186,,,,ESA_WorldCover_Tile_Unavailable
BG-NER-0305,background,24.49611,92.60757,,,,ESA_WorldCover_Tile_Unavailable
BG-NER-0306,background,22.27045,93.15545,,,,ESA_WorldCover_Tile_Unavailable
BG-NER-0307,background,23.99007,92.58573,,,,ESA_WorldCover_Tile_Unavailable
BG-NER-0308,background,22.5148,93.10142,,,,ESA_WorldCover_Tile_Unavailable
BG-NER-0309,background,22.37967,93.13296,,,,ESA_WorldCover_Tile_Unavailable
BG-NER-0310,background,23.43443,92.68387,,,,ESA_WorldCover_Tile_Unavailable
BG-NER-0311,background,23.61366,93.27547,,,,ESA_WorldCover_Tile_Unavailable
BG-NER-0312,background,24.37278,92.79706,,,,ESA_WorldCover_Tile_Unavailable
BG-NER-0313,background,23.59983,91.36588,,,,ESA_WorldCover_Tile_Unavailable
BG-NER-0314,background,23.09163,92.20519,,,,ESA_WorldCover_Tile_Unavailable
BG-NER-0315,background,23.01097,91.94279,,,,ESA_WorldCover_Tile_Unavailable
